unitid,inst_name,latitude,tuition_revenue_per_student,instruction_spend_per_student,research_spend_per_student,student_services_spend_per_student,endowment_per_student,est_fte,admit_rate,yield_rate,tuition_ft,room_board,retention_rate,percent_receiving_grant_aid,average_grant,calendar_system,oncampus_required,is_private,is_religious,offers_phd,has_study_abroad
100663,University of Alabama at Birmingham,33.505697,14041.060379655764,17533.005146936743,17133.849133875698,2651.0310476506725,29037.324921135645,18069,0.8853519233999664,0.2291053979698321,20400,12307,0.86,0.9493670886075949,9502,1,0,0,0,1,1
100706,University of Alabama in Huntsville,34.724557,8816.344108446297,9390.673879040667,10489.066736183524,2761.218456725756,10357.79770594369,7672,0.7367237502162256,0.28269546841981685,22126,10764,0.82,0.9298969072164949,7537,1,0,0,0,1,1
100724,Alabama State University,32.364317,10426.92400806994,8750.468504819548,840.3714413808563,3952.791750728536,22335.50325039229,4461,0.9799129561432876,0.15203279808677828,16656,6050,0.62,0.9714285714285714,8373,1,0,0,0,1,1
100751,The University of Alabama,33.211875,14440.44486670765,10954.560442631197,2153.237020063712,2008.209467389482,23638.69669703236,35786,0.789043162584569,0.2268463193116635,30250,13934,0.87,0.9322259136212625,10136,1,0,0,0,1,1
100830,Auburn University at Montgomery,32.36736,8678.568665377175,7198.384912959381,113.29110251450678,1666.4550290135396,12547.769825918762,4136,0.9679882525697504,0.16353155339805825,17952,7368,0.7,0.9970326409495549,7141,1,0,0,0,1,1
100858,Auburn University,32.599378,16567.309588643213,11516.112986965834,6978.598918055404,1579.5505210035217,28007.255564027157,27543,0.7118288134979543,0.27014242115971515,30240,14596,0.92,0.8967629046369204,9353,1,0,0,0,1,1
100937,Birmingham-Southern College,33.513774,11383.068584070796,10356.424041297934,NA,6912.286873156342,41814.94985250737,1356,0.6590816741162129,0.1504315659679408,18850,13600,0.8,1,15772,4,0,0,1,0,1
101189,Faulkner University,32.384181,12583.753394495412,6129.114128440367,NA,3279.1930275229356,6936.052844036697,2725,0.6460078168620882,0.20138288677614521,21500,7900,0.6,0.9928057553956835,16691,1,0,0,1,1,1
101435,Huntingdon College,32.351034,11148.99214916585,6702.812561334642,NA,6498.775269872424,47596.08243375859,1019,0.6930116472545758,0.1518607442977191,25995,10460,0.7,1,16107,1,0,0,1,0,1
101480,Jacksonville State University,33.822938,6508.534753516318,9313.792161682371,641.9720060084665,3401.29400518913,1824.254130820702,7323,0.7634265000476963,0.22716481319505186,19440,8320,0.73,0.770540340488527,4174,1,0,0,0,1,1
101587,University of West Alabama,32.588132,7928.684507733857,7045.6970292167935,168.10041738276453,2379.661183402897,103.97201080284802,4073,0.7433398310591293,0.3068181818181818,18200,7594,0.63,0.9635627530364372,8450,1,0,0,0,1,1
101648,Marion Military Institute,32.623734,2015.7716701902748,3842.693446088795,NA,7015.968287526427,7274.923890063425,473,0.45353982300884954,0.44146341463414634,12000,4950,0.34,0.9736842105263158,8779,1,1,0,0,0,0
101693,University of Mobile,30.793247,10177.204682779457,7227.918429003021,NA,2212.7492447129907,17074.148036253777,1324,0.640924464487035,0.22251539138082674,23160,10088,0.78,0.9717514124293786,19467,1,0,0,1,1,0
101709,University of Montevallo,33.10625,8342.88026154475,12463.04209235799,5.912954638332653,5262.8075194115245,8959.373927257866,2447,0.9008652657601978,0.13529088913282108,25110,9936,0.78,0.9896193771626297,9011,1,0,0,0,0,1
101879,University of North Alabama,34.806738,7591.350657894737,7977.0059210526315,17.11578947368421,1755.336677631579,6376.8769736842105,6080,0.8997067448680351,0.3301825293350717,19200,7966,0.77,0.9810964083175804,11094,1,0,0,0,1,1
101912,Oakwood University,34.756344,14766.007137758745,8483.518201284796,555.1006423982869,3450.454675231977,12604.815132048538,1401,0.7185017026106697,0.4486571879936809,18974,9374,0.74,1,18691,1,0,0,1,0,1
102049,Samford University,33.464128,24763.139377537213,19706.082543978348,NA,6170.524582769508,77881.34596301308,4434,0.8387479250652122,0.26010743567995476,34410,11260,0.87,0.9943820224719101,21825,4,0,0,1,1,1
102094,University of South Alabama,30.696033,9560.109481367113,9962.383325145624,2324.233279528388,3291.739771212015,10733.805881114464,14249,0.7077938563087078,0.21257771401243425,16512,8150,0.76,0.6379897785349233,5950,1,0,0,0,1,1
102234,Spring Hill College,30.694751,12356.910702113157,7604.117246080436,NA,5290.267893660532,13467.57055214724,1467,0.7152317880794702,0.14285714285714285,21100,11440,0.81,1,16039,1,0,0,1,0,1
102270,Stillman College,33.200006,7563.319117647059,3550.1073529411765,NA,3809.3926470588235,27163.90588235294,680,0.7579831932773109,0.14855875831485588,9548,10054,0.56,0.9722222222222222,9593,1,0,0,1,0,1
102368,Troy University,31.800672,9441.866863905325,6471.495266272189,35.90451183431953,3027.1440828402365,8876.256213017752,13520,0.9527046999704404,0.24759540800496432,18624,7599,0.77,0.8627787307032591,7003,1,0,0,0,1,1
102377,Tuskegee University,32.4309,17308.062411347517,13619.527659574467,8033.356028368794,3724.8790780141844,45013.21418439716,2820,0.34197976038152844,0.18741496598639457,19594,9844,0.77,0.982089552238806,9627,1,0,0,0,1,1
102553,University of Alaska Anchorage,61.190163,7252.635037843825,11827.91674358501,1945.3103193649622,3020.046151006092,5329.583533321026,10834,0.6904692509472456,0.4178978471929084,23072,12662,0.68,0.9619771863117871,12483,1,0,0,0,1,1
102614,University of Alaska Fairbanks,64.85756,8209.94639802319,17921.78293100171,26649.494392701006,4474.337958563011,20137.899258696067,5261,0.6469329529243937,0.7475192943770672,23087,10540,0.78,0.9932885906040269,11285,1,0,0,0,1,1
102632,University of Alaska Southeast,58.384846,7626.400562192551,15284.281096275474,1020.7153900210823,3529.7800421644415,4378.8995080815175,1423,0.5625,0.5708812260536399,22742,9800,0.63,0.9772727272727273,10415,1,0,0,0,0,1
102669,Alaska Pacific University,61.190968,13535.957507082154,13515.271954674221,4508.464589235127,10307.031161473087,281886.23229461757,353,0.9603174603174603,0.08264462809917356,20350,8300,0.56,1,14771,1,0,0,1,0,0
104151,Arizona State University Campus Immersion,33.417721,26446.84656740282,19453.822324372937,6655.720995303288,3174.158089337464,14401.218986709304,50035,0.8819213349999189,0.26229085755305637,28800,13696,0.86,0.9624382914788582,14120,1,0,0,0,1,1
104179,University of Arizona,32.232672,16656.955089972984,14493.118213794158,12685.222001325381,2021.5374420145793,24459.185400418006,39234,0.8726932279205243,0.20111572021170077,33739,13450,0.85,0.9961661341853035,12961,1,0,0,0,1,1
104586,Embry-Riddle Aeronautical University-Prescott,34.616766,26165.84064048799,12961.875714830347,658.4064048799085,4658.406404879908,15473.012581014105,2623,0.7376332331238044,0.27751018895887364,37512,12736,0.82,0.9734748010610079,20734,1,0,0,0,0,1
105330,Northern Arizona University,35.188449,8832.797373918233,8016.541330945986,1870.2187406744256,2390.494777678305,6946.396896448821,26808,0.7835417055420787,0.15768635389378424,16600,11338,0.76,0.9941239316239316,13115,1,0,0,0,1,1
105589,Prescott College,34.5452,15965.021739130434,6574.371118012423,NA,4126.035714285715,2380.9239130434785,644,0.9931972789115646,0.2534246575342466,32976,9520,0.59,1,20475,1,0,0,0,1,1
105899,Arizona Christian University,33.622952,11912.807266982623,3991.2590837282783,NA,5718.124802527646,1628.6319115323854,633,0.7594108019639935,0.33512931034482757,28874,12000,0.47,0.9963768115942029,18851,1,0,0,1,0,1
106245,University of Arkansas at Little Rock,34.723254,5587.780100848604,8040.409789693765,1650.7487393924487,1369.840241052761,9940.82105522076,8131,0.5768621236133122,0.22023809523809523,18750,9162,0.73,0.8380566801619433,4589,1,0,0,0,1,1
106342,Lyon College,35.777619,9960.668930390493,12089.606112054329,NA,10950.662139219015,103694.77758913413,589,0.2720949263502455,0.2075187969924812,29450,10730,0.69,1,19566,1,0,0,1,0,1
106397,University of Arkansas,36.070009,9818.687788347692,10840.190258441187,6663.41240354387,1776.2172865716736,48410.34940595272,24493,0.8267169881651291,0.3418249450487516,24482,11942,0.85,0.9612518628912071,8561,1,0,0,0,1,1
106412,University of Arkansas at Pine Bluff,34.244031,4113.326358148894,7834.015291750503,3200.07847082495,2381.0531187122738,1577.4334004024145,2485,0.6752500532028091,0.21336274818783485,11640,8624,0.74,1,10361,1,0,0,0,1,1
106458,Arkansas State University,35.842388,4125.264717597387,5804.615629729945,907.1991555803394,1079.0162510953558,6060.466183382458,12553,0.632904884318766,0.3522881126455456,10800,9640,0.79,0.9844413012729845,9319,1,0,0,0,1,1
106467,Arkansas Tech University,35.293237,4724.731701764371,4856.341946499715,604.251109846329,893.1332953898691,4262.886283437678,8785,0.9437118044387263,0.23790047716428084,11472,8996,0.67,0.975609756097561,7154,1,0,0,0,1,1
106546,Baptist Health College Little Rock,34.713115,4647.069306930693,9333.884016973127,NA,562.9420084865629,5094.231966053748,707,0,NA,10098,NA,0.75,NA,NA,1,0,0,1,0,0
106704,University of Central Arkansas,35.077945,5716.31220894918,8353.340352298035,433.0660052642235,910.8804413848957,3607.7011540797735,9878,0.9237246161466073,0.33136729222520106,13740,7896,0.79,0.9583710407239819,7278,1,0,0,0,1,1
106713,Central Baptist College,35.083838,9879.830303030303,3654.5651515151517,NA,1832.137878787879,4944.230303030303,660,0.6160458452722063,0.641860465116279,15900,7500,0.57,1,9441,1,0,0,1,0,0
107044,Harding University,35.247386,15659.782564102565,10448.365948717948,NA,3782.902153846154,29272.854974358976,4875,0.5413636363636364,0.6280436607892528,21690,7718,0.87,0.9949494949494949,14663,1,0,0,1,1,1
107071,Henderson State University,34.128155,3495.237726098191,7051.931524547804,40.200258397932814,2223.354974160207,6329.1330749354,3096,0.7501051745898191,0.23443634324172744,8088,9558,0.61,1,7567,1,0,0,0,0,0
107080,Hendrix College,35.101565,10750.45220030349,13440.479514415782,906.2792109256449,7714.836115326252,156588.62518968133,1318,0.6830188679245283,0.1939840392879067,33000,13200,0.82,1,27148,1,0,0,1,0,1
107141,John Brown University,36.189812,11731.543151969981,9688.19512195122,69.68761726078799,4397.345684803002,56302.31144465291,2132,0.5286783042394015,0.392688679245283,27662,9554,0.86,1,21724,1,0,0,0,0,1
107512,Ouachita Baptist University,34.126093,10406.55585646581,9780.808395396072,138.72579553148273,5896.879485443466,80369.64658090724,1477,0.7375478927203065,0.2519480519480519,29480,8510,0.81,1,20792,1,0,0,1,0,1
107558,University of the Ozarks,35.476278,8782.055118110236,8379.238845144357,NA,5300.652230971129,150692.57742782152,762,0.5537017726798749,0.18926553672316385,24950,8000,0.69,1,20299,1,0,0,1,0,1
107585,University of Arkansas Community College-Morrilton,35.172136,2334.8699861687414,5084.343706777317,NA,884.7669432918395,99.79253112033194,1446,1,0.5400225479143179,3120,NA,0.59,1,5052,1,0,0,0,0,0
107877,Williams Baptist University,36.125676,8049.568329718004,4742.5531453362255,NA,5360.251626898048,34007.93709327549,461,0.6409822184589331,0.24702774108322326,17100,8550,0.53,1,19970,1,0,0,1,0,1
107983,Southern Arkansas University Main Campus,33.291618,4716.073942770322,5837.881995441884,114.11116738414789,1754.2443656621929,11756.216763737655,3949,0.6260220405261286,0.3588869960249858,11970,7595,0.72,0.9635761589403974,7935,1,0,0,0,1,0
108852,American Academy of Dramatic Arts-Los Angeles,34.095378,26205.387096774193,10040.338709677419,NA,3079.1451612903224,3683.31935483871,310,0.9026548672566371,0.37254901960784315,36480,13975,0.33,1,10195,1,0,0,0,0,0
109651,Art Center College of Design,34.169031,34647.509578544064,21748.275862068964,NA,3095.0191570881225,37363.2183908046,2610,0.7556008146639511,0.36253369272237196,47334,NA,0.78,0.9662921348314607,21541,1,0,0,0,0,1
109785,Azusa Pacific University,34.130047,20716.001819836216,11861.462238398544,1083.3826205641492,6010.47042766151,9885.575978161965,8792,0.9410133602218301,0.17037235467452452,40830,9820,0.76,1,34189,1,0,0,1,1,1
110097,Biola University,33.906203,22560.417503010838,12058.610999598555,574.8695303091129,4335.8089120835,31022.7057406664,4982,0.6077170418006431,0.2475434618291761,44382,10202,0.78,1,29687,1,0,0,1,1,1
110361,California Baptist University,33.929321,18672.776235995476,9057.91242676534,NA,4311.089526158907,5541.097748997841,9729,0.6373232003377666,0.22722755879430276,34918,10710,0.76,1,22993,1,0,0,1,1,1
110370,California College of the Arts,37.767485,35767.441860465115,20609.756097560974,NA,4486.67044809983,19786.159954622803,1763,0.776255707762557,0.09457013574660633,51792,19117,0.71,1,39542,1,0,0,0,0,1
110404,California Institute of Technology,34.137349,18876.847290640395,104952.85714285714,114865.11867442902,10012.620689655172,1301837.040752351,2233,0.0391524643021649,0.5294117647058824,56364,17748,0.94,0.9772727272727273,63397,2,0,0,0,1,1
110413,California Lutheran University,34.224566,19806.66407389402,10368.002916869227,NA,5586.446280991736,26455.97860962567,4114,0.8193516456322693,0.14859559045605558,45500,14970,0.79,1,32708,1,0,0,1,0,1
110422,California Polytechnic State University-San Luis Obispo,35.299513,9067.6678700361,9695.496741525623,74.35955741009893,3151.3713723100004,10341.449106849828,21329,0.32999816749129557,0.2712127943136384,17622,16332,0.94,0.8115646258503402,10914,2,0,0,0,0,1
110486,California State University-Bakersfield,35.350005,3320.6187050359713,6413.393285371702,78.82297798125136,2785.7643339873557,2404.9649008066276,9174,0.8521161018323334,0.11084681255946717,17622,12900,0.83,0.968677494199536,11219,1,0,0,0,0,1
110495,California State University-Stanislaus,37.52577,4680.264384006935,7820.126774298407,127.34369920901506,2135.8608733340557,1508.9907899013979,9229,0.947560975609756,0.17484831770546055,17622,11576,0.87,0.9883527454242929,11216,1,0,0,0,0,1
110510,California State University-San Bernardino,34.182622,3621.817692566431,6924.757820383451,33.60180513510483,1809.928355196771,2222.3074335687857,17838,0.9097036072604733,0.16846270415894932,17622,12822,0.85,0.9735525375268048,10535,1,0,0,0,0,1
110529,California State Polytechnic University-Pomona,34.057912,4699.268466632705,7041.983358804551,91.9459161147903,2242.4855663100698,4233.202581083376,23556,0.6062436326590016,0.13855879646300964,17622,16570,0.87,0.9234256926952141,9753,1,0,0,0,0,1
110538,California State University-Chico,39.729712,4242.174845706753,6956.702019294145,90.2528611660375,1980.8454670741207,3573.182335670202,16689,0.8547273636818409,0.11289944984197589,17622,14838,0.83,0.8717472118959108,9188,1,0,0,0,0,1
110547,California State University-Dominguez Hills,33.864766,3854.1921884686917,6572.441103533788,41.17397706137632,1982.2907625542468,805.4508679479231,12904,0.895944089361448,0.13654243616241082,17622,15120,0.78,0.9885521885521885,10900,1,0,0,0,0,1
110556,California State University-Fresno,36.811154,3770.2500801245365,7030.977061489859,298.6876058788517,2658.2026463989746,6939.858797674099,21841,0.9727529380867966,0.23292386609071275,17622,10758,0.87,0.9720401922236784,10764,1,0,0,0,0,1
110565,California State University-Fullerton,33.881506,5179.18438102917,6867.559247847496,28.442508710801395,1454.8629020646758,1912.8516716099864,34727,0.5943066016836509,0.15726693256793528,17622,16703,0.89,0.9353597537514429,9852,1,0,0,0,0,1
110574,California State University-East Bay,37.657694,5793.813533230707,6048.549896258617,103.16143497757848,2388.9493340472527,803.3856502242153,14941,0.8235741971207088,0.0790822758214976,17622,14373,0.78,0.9483648881239243,9534,1,0,0,0,0,1
110583,California State University-Long Beach,33.782818,4744.958719674838,7835.317223421822,82.15222913755875,1956.068334815191,2450.6073923536137,31492,0.4685200083430172,0.15469982192826254,17622,13938,0.89,0.9463200540175557,10262,1,0,0,0,1,1
110592,California State University-Los Angeles,34.066927,3656.454595533709,6640.717827026569,119.37048180007628,1246.9327513877706,1393.9239798296537,23599,0.9054169660883551,0.15476775388336672,17622,16860,0.83,0.9828089523191696,11625,1,0,0,0,1,1
110608,California State University-Northridge,34.240126,4692.413271039091,6723.004908628541,237.7572890176829,2746.5497663965934,3087.2013720503874,33818,0.8810449780182618,0.22627387007005087,17622,11502,0.83,0.9656336299478367,11292,1,0,0,0,0,1
110617,California State University-Sacramento,38.559415,4956.847599322162,7341.777443042742,74.63999246846168,1999.0684993409905,1684.3554886085483,26555,0.936844886814058,0.16834336216622792,17622,15944,0.84,0.9614190687361419,10485,1,0,0,0,1,1
110635,University of California-Berkeley,37.871918,22801.625860637727,20887.94032911763,16504.266809902827,6110.478538991161,48807.46130182138,40958,0.14440417216841098,0.42534519791347036,41196,20236,0.96,0.9074766355140187,23759,1,0,0,0,1,1
110644,University of California-Davis,38.539667,19083.739366515838,27545.695701357465,19388.77092760181,4970.410350678733,12517.392760180996,35360,0.48754591368227734,0.17615067686874633,41196,17018,0.93,0.9323361823361823,21301,2,0,0,0,1,1
110653,University of California-Irvine,33.648434,16352.629258295021,21001.142746357946,9916.961723813216,3656.2687641943166,12525.369523070958,36106,0.28818897637795277,0.2085824493731919,41196,16869,0.94,0.949516648764769,22305,2,0,0,0,1,1
110662,University of California-Los Angeles,34.07178,19200.072745459092,54357.99859055673,21751.16506399327,4536.419559435313,48324.628066107434,43989,0.10773609388553936,0.4381155177002928,41196,16763,0.96,0.9127680311890838,20052,2,0,0,0,1,1
110671,University of California-Riverside,33.97246,12827.92978133662,15284.158123982577,6573.572088521272,4456.599498438119,7572.2645078974,22729,0.6538008809234508,0.15108749310334815,41196,16864,0.91,0.9340006255864873,19794,2,0,0,0,1,1
110680,University of California-San Diego,32.877749,17935.11262573517,22942.994558346618,25921.331556093002,4107.9541581927115,20493.870829439893,36386,0.34204213336036354,0.18630380559602894,41196,16145,0.94,0.9342339139708496,20205,2,0,0,0,1,1
110705,University of California-Santa Barbara,34.416297,15451.452941868214,12688.698208615891,8069.5993884990785,4229.504527458744,8388.773470267728,25511,0.2917806533448188,0.15896703867116532,41196,16699,0.91,0.9228130360205832,21125,2,0,0,0,1,1
110714,University of California-Santa Cruz,36.995584,14447.983121515044,10828.394534585825,6031.426131511528,5123.831014216104,5218.566333450545,19907,0.5863846340870411,0.11573651767697708,41196,17429,0.85,0.9064158224794983,20106,2,0,0,0,1,1
110918,California Christian College,36.749366,7351.777777777777,3817.222222222222,NA,14001.888888888889,11673.444444444445,9,1,0,9600,NA,0,NA,NA,1,0,0,1,0,0
111081,California Institute of the Arts,34.39327,28168.10991636798,21266.179211469534,NA,3032.727001194743,103546.12186379929,1674,0.2897631133671743,0.29635036496350364,52850,12135,0.6,1,24479,1,0,0,0,1,1
111188,California State University Maritime Academy,38.069061,7631.394573643411,16986.58914728682,2194.7558139534885,7081.492248062015,6735.424031007752,1290,0.8208955223880597,0.23636363636363636,17622,11942,0.77,0.6976744186046512,7571,1,0,0,0,0,1
111948,Chapman University,33.79302,34227.98561496044,17066.403740110287,1253.974466554783,3349.380004795013,47239.391992327975,8342,0.6037223473307722,0.18189797037849698,58250,16542,0.85,0.969315499606609,34207,4,0,0,1,1,1
111966,Charles R Drew University of Medicine and Science,33.925658,24236.449864498645,17145.52845528455,16978.590785907858,2580.758807588076,128873.17073170732,738,0.6329113924050633,0.021333333333333333,13656,NA,0.73,1,11639,1,0,0,0,0,1
112075,Concordia University-Irvine,33.653665,15656.170869788986,7666.522902727741,NA,3895.080802882141,5887.596500257334,3886,0.8137825421133231,0.12834023334587882,37990,12560,0.68,1,25826,1,0,0,1,1,1
112084,San Diego Christian College,32.842404,19997.093167701863,4710.709627329193,NA,6484.340062111802,1089.2329192546583,644,0.5270425776754891,0.10407569141193596,23497,12970,0.59,1,12440,1,0,0,1,0,1
112260,Claremont McKenna College,34.102154,35860.61946902655,30359.14454277286,6727.876106194691,14659.29203539823,616007.3628318585,1356,0.11239346590909091,0.5655608214849921,57876,17906,0.87,0.9814814814814815,59234,1,0,0,0,0,1
113698,Dominican University of California,37.981279,24773.663414634146,17383.918292682927,NA,5743.998780487805,22102.09756097561,1640,0.9293286219081273,0.13307984790874525,47190,15772,0.87,0.9939024390243902,18271,1,0,0,0,1,1
114813,Fresno Pacific University,36.726831,16592.33257918552,6148.154411764706,NA,3349.684671945701,4556.252262443439,3536,0.7786259541984732,0.2801120448179272,32954,8710,0.71,1,26803,1,0,0,1,0,1
115409,Harvey Mudd College,34.106515,30883.014557670773,32045.733482642776,3458.0123180291152,8706.641657334827,354776.43896976486,893,0.09985222714798396,0.47568710359408034,60402,19333,0.92,0.8543689320388349,42565,1,1,0,0,0,1
115728,Holy Names University,37.802276,16036.299089726917,9468.851755526657,NA,8255.667100130038,67513.05591677503,769,0.9530583214793741,0.14626865671641792,40368,13994,0.66,1,41042,1,0,0,1,0,0
115755,California State Polytechnic University-Humboldt,40.877481,4191.762398785425,8239.723684210527,42.16017206477733,3040.6214574898786,3862.1837044534414,7904,0.9145871952088978,0.09806672903024634,17622,12540,0.73,0.8953846153846153,10250,1,0,0,0,0,1
117104,Life Pacific University,34.098705,10916.749529190207,4781.777777777777,NA,4432.250470809793,6720.568738229756,531,0.9396551724137931,0.6972477064220184,17400,10107,0.66,0.9649122807017544,9573,1,0,0,1,0,1
117140,University of La Verne,34.100855,21462.202409638554,9912.357831325302,NA,3065.0289156626504,15624.00843373494,6640,0.7194244604316546,0.18888888888888888,44700,14470,0.78,0.9779874213836478,33502,1,0,0,0,1,1
117168,Laguna College of Art and Design,33.561448,20583.166666666668,12114.883647798742,NA,2697.8317610062895,4230.045597484277,636,0.8330464716006885,0.25413223140495866,33600,16496,0.77,1,14546,1,0,0,0,0,1
117627,La Sierra University,33.910704,29673.185778668,10694.099148723084,49.56334501752629,3669.2293440160242,9806.343515272909,1997,0.6606749816581071,0.15935591338145474,33228,8790,0.79,1,23734,2,0,0,1,1,1
117751,The Master's University and Seminary,34.381755,13486.393831553974,9355.890272835113,NA,5119.545670225386,14146.711743772243,1686,0.6698024459078081,0.4845505617977528,27950,12330,0.82,1,14963,1,0,0,1,1,1
117946,Loyola Marymount University,33.97085,34586.03436426117,18387.334315169366,779.7005400098184,7778.227785959744,58609.72017673049,8148,0.4582305066946705,0.18448493182078607,52310,15306,0.83,1,27159,1,0,0,1,1,1
118693,Menlo College,37.453475,18298.055190538766,7702.105124835743,NA,10384.813403416558,32639.001314060446,761,0.6977507029053421,0.09939556749496306,46625,15990,0.71,1,36084,1,0,0,0,0,1
118888,Mills College,37.781425,19045.238174273858,15996.35020746888,1672.995020746888,8289.319502074688,158737.44730290456,1205,0.7981109799291618,0.057692307692307696,29340,14369,0.62,NA,NA,1,0,0,0,1,1
119173,Mount Saint Mary's University,34.085315,25585.797033567524,12357.072599531615,NA,6289.270882123341,54988.85870413739,2562,0.9011695906432748,0.2381570408825438,44088,12704,0.75,1,31957,1,0,0,1,0,1
119605,National University,32.909894,9392.930086956521,3474.7947826086956,99.861,1744.692608695652,31312.90713043478,23000,0.5454545454545454,0.4523809523809524,13320,NA,0.45,1,7047,5,0,0,0,1,1
120254,Occidental College,34.127124,29134.32375478927,20428.82375478927,1479.477969348659,7652.288793103448,207966.4827586207,2088,0.38244803695150115,0.21537842190016104,57830,16712,0.82,0.9691119691119691,40544,1,1,0,0,0,1
120403,Otis College of Art and Design,33.956607,33696.06533575318,21333.270417422867,NA,5600.21778584392,16014.032667876589,1102,0.7981611208406305,0.1442676906198574,47700,15744,0.63,1,24016,1,0,0,0,0,1
120537,Hope International University,33.87616,12251.017009847807,5527.396598030438,NA,6410.888093106535,6537.812891674127,1117,0.3997233748271093,0.3633217993079585,34250,12500,0.85,1,25217,4,0,0,1,0,1
120865,Pacific Union College,38.570585,16867.889483065952,11055.012477718361,NA,3060.895721925134,25282.342245989305,1122,0.5773026315789473,0.18518518518518517,31101,8916,0.7,1,24581,2,0,0,1,0,1
120883,University of the Pacific,37.981424,46075.606737171955,29179.03642773208,2988.726204465335,5162.660399529965,88714.4723854289,5106,0.7930465094945418,0.09034123770965877,51628,14070,0.87,1,41196,1,0,0,0,1,1
121150,Pepperdine University,34.037786,34148.23542294005,13041.335888310978,386.9422392554065,8515.056118258964,123753.35559813851,7306,0.5271193589202868,0.1638662185949752,59450,16700,0.85,0.9893992932862191,37985,1,0,0,1,1,1
121257,Pitzer College,34.104107,47587.514932126694,22813.95113122172,662.4488687782806,16374.874208144796,128022.4,1105,0.18307943416757344,0.5304606240713224,57686,19180,0.81,0.9347826086956522,39297,1,0,0,0,0,1
121309,Point Loma Nazarene University,32.718391,20123.96796985398,8212.9053226566175,130.57512953367876,6172.237399905794,14397.837023080547,4246,0.8366013071895425,0.25859375,38800,11300,0.84,0.9926650366748166,20096,1,0,0,1,0,1
121345,Pomona College,34.099027,22245.423340961097,37399.885583524025,1733.4096109839818,13321.510297482837,1300747.7162471395,1748,0.06635111876075732,0.5849546044098574,56284,18524,0.86,0.9333333333333333,59726,1,0,0,0,0,1
121691,University of Redlands,34.064218,18560.044235101373,11246.08150727012,NA,5290.975220151546,36031.803399549455,4883,0.8296849973304858,0.16344916344916344,52150,15562,0.75,1,42004,4,0,0,0,1,1
122409,San Diego State University,32.77525,6777.763061166787,7134.28230341491,189.10238446797146,3069.7150576482045,9608.116867204926,31831,0.3790422701744014,0.2054511424783592,17622,19330,0.89,0.8681875792141952,10761,1,0,0,0,1,1
122436,University of San Diego,32.770816,32158.1143002286,17145.796291592582,516.3830327660655,5423.291846583693,67309.8826517653,7874,0.5270138210247103,0.15443708609271523,52120,16246,0.84,0.9829222011385199,42367,4,0,0,1,1,1
122506,San Francisco Conservatory of Music,37.775543,23328.358208955226,26699.360341151387,NA,3637.5266524520257,91409.381663113,469,0.46445497630331756,0.25,49300,19700,0.79,1,40184,1,0,0,0,0,0
122597,San Francisco State University,37.721224,5506.471131102408,7721.99232230796,709.9408274845864,1732.917910737136,2242.3309162821356,25789,0.9291500162004536,0.12201170134449223,17622,15950,0.82,0.9320606400898371,10697,1,0,0,0,1,1
122612,University of San Francisco,37.776618,29864.646673286992,18276.861966236345,280.8341608738828,5297.020854021847,39495.531281032774,10070,0.7092347577328804,0.09151068254868595,52920,16140,0.76,0.9942987457240593,34874,1,0,0,1,1,1
122728,William Jessup University,38.819728,15084.235904082956,6985.066104990278,6.480881399870382,4357.421905379131,2029.3687621516526,1543,0.7777777777777778,0.33976833976833976,36000,12368,0.69,0.9918032786885246,23013,1,0,0,1,0,1
122755,San Jose State University,37.336569,6384.999082724647,7916.313912009513,8.966128758280957,2368.2986240869714,5229.837132665194,29435,0.8436647941920437,0.16439529631648625,17622,17360,0.86,0.9009584664536742,9744,1,0,0,0,0,1
122931,Santa Clara University,37.348362,32086.680967822398,17955.225742080318,706.7847343477176,7358.318782738837,122131.20478922424,8018,0.539826685660019,0.1703133589884552,55224,16533,0.93,0.9307535641547862,31443,2,0,0,1,1,1
123165,Scripps College,34.104147,35223.134355275026,25883.100090171327,122.21641118124437,14180.060414788097,326461.22993688006,1109,0.2953929539295393,0.3761467889908257,58224,18998,0.8,0.9711538461538461,45828,1,1,0,0,0,1
123457,Simpson University,40.61334,15211.045454545454,8257.297297297297,NA,7617.342751842752,9091.039312039313,814,0.6694648478488983,0.21003134796238246,34300,11900,0.72,1,27604,1,0,0,1,0,1
123554,Saint Mary's College of California,37.840731,21631.077669902912,12897.498058252428,NA,5884.712621359224,43804.29902912621,4120,0.7008231620777746,0.17051437829080598,51568,16300,0.81,1,41511,4,0,0,1,1,1
123572,Sonoma State University,38.340274,5614.742742742743,7681.297964631298,124.26537648759872,2741.0176843510176,4102.541207874541,8991,0.9373466691828647,0.08274612442117979,17622,14510,0.79,0.9378109452736318,9338,1,0,0,0,0,1
123651,Vanguard University of Southern California,33.662686,16707.49426485923,7423.239833159541,NA,4851.020855057352,3032.1704900938475,1918,0.6900925608501886,0.24838549428713363,37000,9980,0.75,1,29459,1,0,0,1,0,1
123952,Southern California Institute of Architecture,34.044215,30865.43909348442,11150.14164305949,NA,633.1444759206798,4402.2662889518415,706,0.6485849056603774,0.10909090909090909,47816,NA,0.93,1,53492,3,0,0,0,0,1
123961,University of Southern California,34.021281,40737.71613256642,59952.588331963845,12240.5094494659,7952.314434401534,151856.11481785812,36510,0.1250721515957821,0.41287708239531745,60446,16732,0.91,0.9659977703455964,51836,1,0,0,0,1,1
124292,Thomas Aquinas College,34.429009,15108.452914798207,14792.502242152466,NA,5224.434977578475,54147.58295964126,446,0.8314176245210728,0.6036866359447005,26000,9400,0.93,0.7948717948717948,11226,1,0,0,1,0,0
125727,Westmont College,34.450151,21256.922431865827,16972.56464011181,206.10342417889586,7117.6757512229215,58699.23130677848,1431,0.7896757679180887,0.17990275526742303,47450,15370,0.75,1,35773,1,0,0,1,0,1
125763,Whittier College,33.978773,26294.91124260355,17379.39526627219,468.0869822485207,8798.966863905325,69228.58698224853,1690,0.8248959778085991,0.1164354770912148,48924,14972,0.73,1,35495,4,0,0,0,0,1
125897,Woodbury University,34.208011,27284.422735346358,15449.01243339254,NA,4397.0435168738895,19713.232682060392,1126,0.6304198210598762,0.12663755458515283,41924,13896,0.72,1,25527,1,0,0,0,0,1
126182,Adams State University,37.473636,6149.742867867868,11928.117117117117,NA,3559.7856606606606,23.63738738738739,2664,0.9982527664531159,0.1855309218203034,14229,9167,0.59,0.9411764705882353,9936,1,0,0,0,1,0
126678,Colorado College,38.84886,34320.97356273605,24973.133025597985,798.3604699958036,11599.939571968107,321120.5505665128,2383,0.14250569476082003,0.39641943734015345,61596,13668,0.86,0.9107142857142857,50337,1,0,0,0,0,1
126775,Colorado School of Mines,39.751443,21357.86359901397,16727.29827444536,10297.861955628596,1819.3263763352506,42421.44026294166,6085,0.5687905506571286,0.2119040655162328,38460,15286,0.92,0.9941176470588236,9136,1,0,0,0,1,1
126818,Colorado State University-Fort Collins,40.574805,15679.037509640328,13349.756012059173,8910.408048797588,1311.3570777536283,13011.070321811681,28526,0.8964098018109289,0.18354877445786535,28991,13016,0.85,0.695130086724483,9765,1,0,0,0,1,1
127060,University of Denver,39.678005,31083.79122133444,18042.347203486563,1482.0374597903913,5967.073778146726,79065.29583895403,9637,0.6362915308010928,0.11225761772853185,53640,14674,0.84,0.9904240766073872,37803,2,0,0,0,1,1
127185,Fort Lewis College,37.275939,5025.228070175439,9526.028340080971,401.4996626180837,3961.631241565452,3551.0138326585693,2964,0.927536231884058,0.2727272727272727,17712,12012,0.68,0.934640522875817,9251,1,0,0,0,0,1
127556,Colorado Mesa University,39.080643,8511.720315939401,5752.201994043766,68.38106953256506,1789.4987699080668,3904.9444516379644,7723,0.8024003959415986,0.28604471858134156,21342,11265,0.75,0.8659549228944247,6863,1,0,0,0,0,1
127565,Metropolitan State University of Denver,39.744202,7042.621904098309,6018.24222461519,1.6409704186989296,1373.4676632672451,688.987964781149,15787,0.9723130167275524,0.19388965789994067,25761,NA,0.61,0.8262454434993924,6826,1,0,0,0,0,1
127653,Naropa University,40.014235,21913.032710280375,12135.783878504673,NA,3137.9147196261683,9312.318925233645,856,1,0.19594594594594594,34400,10516,0.56,0.9444444444444444,24899,1,0,0,0,0,1
127741,University of Northern Colorado,40.410855,10248.60391153354,10642.95375616889,500.0828002193383,3740.3335770425883,8003.451654176567,10942,0.9113475177304965,0.13575443147427582,21246,12152,0.7,0.9881656804733728,8887,1,0,0,0,1,1
127918,Regis University,39.788175,17900.06943498979,8518.910142954392,NA,4539.647379169503,11085.922396187883,5876,0.813727135425407,0.0899154464838111,39260,12962,0.73,1,28678,1,0,0,1,0,1
128106,Colorado State University Pueblo,38.30859,5756.889777468707,5365.515994436718,863.9462795549374,1410.8701321279555,3160.342837273992,5752,0.9917234664070107,0.2960235640648012,13193,11170,0.68,0.9892183288409704,9730,1,0,0,0,0,1
128391,Western Colorado University,38.549936,10527.385296722763,10409.40124003543,212.94109831709477,2886.343224092117,7740.207263064659,2258,0.9087264878199198,0.15473362741771293,18600,9990,0.67,0.9583333333333334,9658,1,0,0,0,0,1
128498,Albertus Magnus College,41.332519,13263.422770123278,6456.845540246555,NA,3015.0079767947786,6295.759245830312,1379,0.8172690763052208,0.15397215397215397,35442,14898,0.72,1,26886,1,0,0,1,0,1
128744,University of Bridgeport,41.164741,17845.731998092513,9785.40772532189,50.309966618979495,4371.72150691464,8113.495469718646,4194,0.7313765182186235,0.0658732355383338,32860,16350,0.68,1,27418,1,0,0,0,1,1
128771,Central Connecticut State University,41.692502,9257.457582238518,11999.576331601997,217.98828801303594,3376.2324065587127,7400.571137590386,9819,0.7482895783611774,0.23240484796938124,18436,12174,0.78,0.9679767103347889,6694,1,0,0,0,1,1
128902,Connecticut College,41.379833,29718.56607811664,19475.120385232745,721.7763509898341,8337.613697164259,168640.4451578384,1869,0.4095287685498568,0.15638906547997458,60420,16780,0.87,1,46911,1,0,0,0,0,1
129020,University of Connecticut,41.809098,16469.704257393565,24436.732206694833,6972.211163470914,1895.8232044198894,17190.68443288918,24616,0.5559546159497184,0.1792688298340919,37698,13258,0.93,0.8332075471698113,11724,1,0,0,0,1,1
129215,Eastern Connecticut State University,41.721673,6827.0147492625365,11706.72355667931,293.53034134007584,3529.059207753898,3332.709228824273,4746,0.7319654427645789,0.23133667748598408,18436,14434,0.76,0.9980842911877394,10556,1,0,0,0,0,1
129242,Fairfield University,41.157673,26577.98185849627,14193.293690788147,263.5176375730699,5842.733319895183,66893.57145736746,4961,0.5580716427331545,0.17757670012724444,52070,16110,0.92,0.9599447513812155,25514,1,0,0,1,0,1
129525,University of Hartford,41.798591,16476.6831131625,14109.82014961006,579.3410791023397,3552.124781155499,28450.58220595257,6283,0.787948584590237,0.09212635549269213,41704,13353,0.81,1,30001,1,0,0,0,1,1
129774,Mitchell College,41.328013,28740.717770034844,5500.179442508711,NA,9299.256097560976,13761.045296167247,574,0.7798537774167343,0.11354166666666667,33620,14185,0.7,1,23050,1,0,0,0,0,0
129941,University of New Haven,41.291314,20344.888195852174,9353.119600810853,862.9998440667395,4535.605176984251,11230.932169031654,6413,0.9412967289719626,0.13207156893163718,41370,17930,0.79,1,27748,1,0,0,0,1,1
130226,Quinnipiac University,41.418915,30761.120109278952,18621.202068494487,272.03073470582495,4381.593131037174,51377.540833252024,10249,0.8812492049357588,0.10768675568386864,48680,15690,0.89,0.988,29079,1,0,0,0,0,1
130253,Sacred Heart University,41.220893,23781.827787655577,9958.46888493777,NA,5480.864871729744,21260.350520701042,7874,0.6612177209192135,0.21999283410963813,44960,16868,0.87,1,20067,1,0,0,1,0,1
130314,University of Saint Joseph,41.781041,24811.730205278593,14831.6715542522,NA,2982.4046920821115,19659.237536656892,1705,0.7825112107623319,0.17765042979942694,40826,12732,0.83,0.9936708860759493,29305,1,0,0,1,0,1
130493,Southern Connecticut State University,41.333225,9813.659356891263,12643.493239404614,250.38166117486648,3470.096807181002,3264.902170207931,8801,0.8293117630929531,0.16895354604066787,18436,13666,0.77,0.8811188811188811,6566,1,0,0,0,1,1
130590,Trinity College,41.747451,29483.439095856007,24892.314776056926,745.9665131854332,11216.012557555463,260021.31100879028,2389,0.3774763519543102,0.24728132387706855,58610,15900,0.9,0.9273356401384083,42487,1,0,0,0,0,1
130697,Wesleyan University,41.554665,29745.165945165943,28765.367965367965,2915.151515151515,5229.43722943723,307422.51313131314,3465,0.1943827963572358,0.35826771653543305,61449,17531,0.87,0.8892508143322475,53905,1,1,0,0,1,1
130776,Western Connecticut State University,41.400365,9126.21998742929,13217.78001257071,236.54137858789022,4231.702493190865,4009.0333123821497,4773,0.8485494880546075,0.18426344896933133,18436,13876,0.75,0.8548951048951049,5976,1,0,0,0,0,1
130794,Yale University,41.311158,19129.5003990423,67335.85395051875,36925.77414205906,24340.782122905028,1958295.80207502,15036,0.05311176968670618,0.711837385412515,59950,17800,0.65,0.96,63635,1,1,0,0,1,1
130934,Delaware State University,39.187173,7291.577344121847,12256.263683960018,3353.5583055687766,3806.199904807235,7350.148500713945,4202,0.5883711167086482,0.3649661077417053,16960,13068,0.74,0.9579288025889967,11704,1,0,0,0,1,1
130943,University of Delaware,39.679577,19960.66355475763,20478.527827648115,6737.45197486535,1868.076301615799,63428.969479353684,22280,0.7234909559965993,0.1870821346083715,34840,13742,0.9,0.8790170132325141,11031,4,0,0,0,1,1
130989,Goldey-Beacom College,39.741501,12023.52701754386,3848.8168421052633,NA,2691.544561403509,105576.90385964913,1425,0.6288461538461538,0.39143730886850153,12750,10200,0.76,0.9880952380952381,4570,1,0,0,0,1,0
131159,American University,38.936005,35963.805769575345,17649.25640566207,5019.799319118438,4281.93872065938,60601.14818132951,11162,0.6409160305343512,0.1883436557090678,50542,15150,0.85,0.8539823008849557,25082,1,0,0,1,1,1
131283,The Catholic University of America,38.933651,25254.90931027549,20745.132515584155,3295.4309270058316,5830.567062135532,70473.23386285944,4973,0.8600508905852418,0.13629191321499015,51040,16020,0.86,1,37142,1,0,0,1,1,1
131450,Gallaudet University,38.907371,13461.672425708362,38883.07671043538,5967.33794056669,9788.30407740152,126584.63579820318,1447,0.6169154228855721,0.6129032258064516,16512,14800,0.74,1,27235,1,0,0,0,1,1
131469,George Washington University,38.89923,36010.93787479012,26148.33293355721,9873.830654833293,5111.393619573039,86294.55428160231,20845,0.49709942722866796,0.1898958564148017,57894,15440,0.88,0.971830985915493,43438,1,0,0,0,1,1
131496,Georgetown University,38.908809,45462.78212454212,37516.630036630035,15046.593406593407,9634.725274725275,129637.87487179488,13650,0.11983785153280972,0.47870733917245545,59784,17758,0.94,0.8835616438356164,45550,1,1,0,1,1,1
131520,Howard University,38.922392,18227.285279187818,22939.213197969544,5320.812182741117,4512.944162436548,87380.96243654823,7880,0.3524969383589604,0.2671298977031461,28450,14678,0.9,0.5526315789473685,3034,1,1,0,0,1,1
131876,Trinity Washington University,38.927398,15181.664928292046,7666.251629726206,NA,3153.6329856584093,19007.830508474577,1534,0.9728629579375848,0.3068340306834031,24860,11380,0.77,1,20633,1,0,0,1,0,0
132408,The Baptist College of Florida,30.962708,9497.660436137072,8264.666666666666,NA,2501.006230529595,24221.23676012461,321,1,0.8333333333333334,11250,4612,0.75,1,11945,1,0,0,1,0,0
132471,Barry University,25.878908,19880.41359773371,12860.485835694051,NA,2476.5394830028326,7786.987252124646,5648,0.6369354990141771,0.10554245283018868,31200,11626,0.68,1,24821,1,0,0,1,1,1
132602,Bethune-Cookman University,29.207195,9784.310054482417,5927.862803368004,278.81847449232293,2295.1790490341755,10293.7137196632,4038,0.9983862291554599,0.14583333333333334,13844,10396,0.73,1,13690,1,0,0,1,0,1
132657,Lynn University,26.385985,20918.094527363184,9499.65671641791,NA,7675.068407960199,8283.375621890547,3216,0.8301362246316375,0.13345612860013395,38650,12720,0.73,0.9973045822102425,21829,1,0,0,0,1,1
132879,Johnson University Florida,28.302547,13441.119760479041,8078.574850299401,NA,5828.047904191617,8533.51497005988,167,0.42073170731707316,0.4782608695652174,17384,8161,0.5,1,9187,1,0,0,1,0,1
132903,University of Central Florida,28.602159,5541.29357049029,7232.651684595448,2884.7209500479285,1106.6477793162212,2868.1350516561934,56334,0.3637311206033232,0.3983817497331011,19810,11498,0.92,0.9809562398703403,12713,1,0,0,0,1,1
133492,Eckerd College,27.715798,23475.36725254394,14007.382053654024,165.87974098057353,6693.759019426457,26971.833487511565,2162,0.703763440860215,0.16552075375604788,47044,13482,0.8,1,33400,4,0,0,1,0,1
133526,Edward Waters University,30.34479,5276.613388687078,2917.216917488324,NA,1868.8728593668916,872.6772184743124,1927,0.8010873041253598,0.0686626746506986,14878,8010,0.54,1,12774,1,0,0,1,0,0
133553,Embry-Riddle Aeronautical University-Daytona Beach,29.189903,29020.037043273278,15183.532581242633,2760.0606162653644,4309.3113318740525,15214.624684290284,5939,0.7229605618584549,0.27828426244208637,37512,12354,0.79,0.9889224572004028,19779,1,0,0,0,1,1
133650,Florida Agricultural and Mechanical University,30.428504,5243.275272899858,9354.924062648315,3514.2845277645943,1029.3398196487897,10384.083531086853,8428,0.3528736950785821,0.36703511053315996,14524,11644,0.85,0.9986754966887417,12427,1,0,0,0,1,1
133669,Florida Atlantic University,26.372421,6264.585210285031,6595.050029898345,1911.2023121387283,703.4867052023121,11931.419095076739,25085,0.7800620327660251,0.20008156191058776,14374,12030,0.82,0.9127806563039723,11482,1,0,0,0,1,1
133711,Flagler College,29.892733,15907.170920340293,8382.047177107503,NA,4275.805877803557,26563.440061871617,2586,0.7403828284705445,0.18624497991967873,20540,13070,0.69,0.9922480620155039,11375,1,0,0,0,0,1
133809,Florida College,28.034936,18379.43763676149,11854.282275711159,NA,3209.157549234136,26479.95842450766,457,0.8272058823529411,0.8355555555555556,17060,9690,0.69,0.9230769230769231,9901,1,0,0,0,0,0
133872,AdventHealth University,28.576142,16498.929024081117,11081.574144486693,13.802915082382762,431.97148288973386,5249.142585551331,1578,0.9027237354085603,0.31896551724137934,19440,10824,0.8,1,7645,3,0,0,1,0,0
133881,Florida Institute of Technology,28.065815,23625.787943399882,12797.730180267494,3061.1066098081023,3700.399302190347,15471.630936227952,5159,0.6587793427230046,0.10775370581527936,42346,10488,0.82,1,29078,1,0,0,0,1,1
133951,Florida International University,25.75732,6076.572599097823,7240.987164679988,3155.4163307110634,1666.3603477957681,5477.055677831288,45889,0.6401316591490918,0.38668824985717004,16529,11076,0.91,0.9724647414372062,10944,1,0,0,0,1,1
133979,Florida Memorial University,25.918278,14877.706965572457,5893.639711769416,NA,3722.3154523618896,2990.7942353883104,1249,0.567552127963439,0.16909914443885254,12576,8028,0.5,1,13490,1,0,0,1,0,1
134079,Florida Southern College,28.032443,16886.921875,8902.632161458334,NA,5300.319010416667,30822.8125,3072,0.6087926387210707,0.12091603053435114,38180,12006,0.81,1,27651,1,0,0,1,1,1
134097,Florida State University,30.440756,5911.942658959538,11624.895054592165,5052.686962106615,1791.430443159923,17504.68151573539,38925,0.3707059094044608,0.3150560310962246,19084,11472,0.95,0.968167701863354,16858,1,0,0,0,1,1
134130,University of Florida,29.64629,8730.74250834863,17364.110843266913,16437.711480195503,1033.5714443682687,38202.444567308754,45217,0.30134551916730135,0.4398289158188063,25694,10400,0.97,0.9900682805710739,15084,1,0,0,0,1,1
134945,Jacksonville University,30.353227,15726.218570254725,11241.704738427828,555.0347849904136,6409.824157764996,12253.434127636265,3651,0.7761660622733525,0.1023038504913807,42250,15320,0.69,1,31149,1,0,0,0,1,1
135081,Keiser University-Ft Lauderdale,26.185869,13567.115191256831,4834.409107468124,16.42830601092896,5512.618943533697,7.4012386156648455,27450,0.9606796116504854,0.5378979282465892,20800,14368,0.6,0.9573055028462998,7510,1,0,0,0,1,1
135726,University of Miami,25.72126,37433.33930571109,32928.0235162374,17966.231802911534,3777.05977043673,71494.1410974244,14288,0.2849162011173184,0.22981056829511465,53112,15980,0.91,0.9300341296928327,39151,1,0,0,0,1,1
136172,University of North Florida,30.27194,5605.266619817287,6762.2583274771605,442.0463106113844,1651.7613492621222,7963.145467322558,14230,0.7748687828042989,0.2075639061366019,16799,9956,0.84,0.9179655455291222,10132,1,0,0,0,1,1
136215,Nova Southeastern University,26.079337,39827.11907532387,22636.220619036536,1589.3182840741604,3421.5797067721664,12500.581180668683,12891,0.925014894884671,0.15384615384615385,33510,14134,0.8,0.9991755976916735,25151,3,0,0,0,1,1
136330,Palm Beach Atlantic University,26.7044,19348.389355742296,9820.97268907563,14.461484593837534,4114.495798319328,29992.543417366946,2856,0.8985959438377535,0.29224537037037035,33538,11026,0.73,1,23772,1,0,0,1,0,1
136774,Ringling College of Art and Design,27.360931,36642.06375092661,19618.891030392882,NA,5200.440326167532,37245.32839140104,1349,0.687293339631554,0.27560137457044676,46600,16000,0.8,1,19643,1,0,0,0,0,1
136950,Rollins College,28.592787,19635.484788171736,12281.774239408587,NA,7588.854137048621,109099.800966733,3517,0.4868593173980259,0.13409868099658037,54740,15000,0.87,0.9854014598540146,36968,1,0,0,0,1,1
137032,Saint Leo University,28.336776,11346.18654800616,4585.674311141537,NA,3351.1209994865653,6183.535170289235,11686,0.7066230418401745,0.11589729198821383,23990,14300,0.64,1,21183,1,0,0,1,1,1
137272,St. John Vianney College Seminary,25.742579,37974.87719298246,24521.19298245614,NA,NA,137577.56140350876,57,0.9473684210526315,1,23100,12100,1,NA,NA,1,1,0,1,0,0
137351,University of South Florida,28.061458,6733.494064321174,10217.432009497086,9187.636520612994,1295.1400280595726,11991.418087632204,37064,0.4937837623133143,0.25254394079555964,15473,12568,0.92,0.9533540648600622,12180,1,0,0,0,1,1
137476,St. Thomas University,25.922071,17995.11584553928,9346.814025743453,NA,4439.708388814914,12873.113182423436,2253,0.7086240166246104,0.11227482195224131,31800,12130,0.49,1,22559,1,0,0,1,1,1
137546,Stetson University,29.035475,24160.494983277593,15524.190635451505,159.13768115942028,7569.326086956522,67689.09698996655,3588,0.916414686825054,0.0750648126325713,50440,14910,0.76,1,42382,1,0,0,0,0,1
137564,Southeastern University,28.029733,10676.143530264588,3716.123595505618,NA,4771.235230155854,1544.3561072852483,5518,0.44919028340080974,0.5430374042361424,27320,10814,0.66,0.9828722002635046,14640,1,0,0,1,1,1
137847,The University of Tampa,27.948455,18371.278350515466,6817.09321305842,24.39110824742268,2005.2905927835052,4485.165378006873,9312,0.5354972039873571,0.176049943246311,29162,11690,0.78,1,13986,1,0,0,0,0,1
137953,Trinity Baptist College,30.311171,8167.450142450142,2255.5698005698005,NA,1961.9088319088319,229.2962962962963,351,0.43010752688172044,0.6416666666666667,11980,7852,0.52,0.5846153846153846,3941,1,0,0,1,0,0
137962,Trinity College of Florida,28.194732,12356.118421052632,5108.171052631579,NA,6574.8421052631575,4870.618421052632,152,0.46715328467153283,0.53125,15200,7600,0.74,0.84375,9490,1,0,0,1,0,0
138275,Warner University,27.825751,11899.60465116279,2987.228837209302,NA,5754.2167441860465,5802.909767441861,1075,0.5312775330396475,0.37645107794361526,24500,9540,0.52,1,20032,1,0,0,1,0,1
138293,Webber International University,27.838778,12384.15541601256,3048.1397174254316,NA,8753.323390894819,8747.331240188383,637,0.4573816155988858,0.28136419001218027,26292,11138,0.49,1,18616,1,0,0,0,0,1
138354,The University of West Florida,30.549076,5849.963399444285,6408.481364376737,2289.0066110951425,1318.58206381144,6072.141036696368,10437,0.5280600461893764,0.25344412858080034,16004,11268,0.84,0.8790697674418605,10057,1,0,0,0,1,1
138558,Abraham Baldwin Agricultural College,31.481889,3188.653273809524,5605.376984126984,NA,1119.6195436507937,4098.658234126984,4032,0.7536363636363637,0.5217129071170085,9469,7962,0.74,0.9399141630901288,6302,1,0,0,0,0,1
138600,Agnes Scott College,33.769268,13238.99895178197,19511.100628930817,NA,9159.5178197065,240488.285115304,954,0.6984615384615385,0.26519823788546254,43920,13050,0.83,1,35809,1,0,0,1,0,1
138761,Andrew College,31.772321,7317.878431372549,8149.807843137255,NA,9027.592156862745,35087.38431372549,255,0.5133333333333333,0.23636363636363636,18214,11728,0.75,1,14356,1,1,0,1,0,1
138868,Point University,32.87912,9966.29537366548,5018.39359430605,NA,4920.60640569395,3139.1686832740215,1405,0.4656290531776913,0.4373259052924791,20700,8000,0.65,1,14478,1,0,0,1,0,0
138947,Clark Atlanta University,33.747628,18157.14670813893,7726.508553654743,1948.900725764645,2509.3859512700883,18517.057542768274,3858,0.5824261275272161,0.11533326486597514,21308,10222,0.63,0.8582230623818525,4464,1,0,0,1,1,1
139144,Berry College,34.290414,14760.499282639885,14516.991869918698,178.51841224294597,8977.346724055476,471125.5475848876,2091,0.6989902838635931,0.19869174161896974,38430,13620,0.84,1,32580,1,0,0,0,0,1
139199,Brenau University,34.303117,18417.89536367503,9132.888132709486,NA,6365.420672054445,20375.97618034879,2351,0.8910526315789473,0.1045481393975192,31000,12200,0.53,1,22457,1,0,0,0,0,1
139205,Brewton-Parker College,32.185718,8980.950476190475,4911.022857142857,NA,5807.489523809524,14728.291428571429,525,0.7974068071312804,0.4247967479674797,17600,9370,0.46,1,13033,1,0,0,1,0,0
139250,College of Coastal Georgia,31.182745,2628.922045855379,6552.555908289241,NA,1278.173192239859,3110.724514991182,2835,0.9735322425409048,0.2985664854176965,9469,10784,0.64,0.89883268482490275,5653,1,0,0,0,0,1
139311,Clayton  State University,33.594079,4727.443861869463,5812.118242632436,26.1493400831676,1783.852467908154,2126.0063279696255,5531,0.6256104177970699,0.5836947094535994,14786,10712,0.69,0.934020618556701,7099,1,0,0,0,0,1
139366,Columbus State University,32.50096,6571.487707261293,8395.260148656374,72.61720983419097,1457.3063178959405,9758.773013150372,6996,0.7852132701421801,0.2909222597778851,15425,12080,0.75,0.9404915912031048,7237,1,0,0,0,1,1
139393,Covenant College,34.965161,14193.266028708134,9555.234449760766,NA,6070.377033492823,40237.32822966507,1045,0.8853904282115869,0.3783783783783784,36700,11300,0.84,1,27267,1,0,0,1,0,1
139630,Emmanuel College,34.283641,10579.38625592417,4692.890995260664,NA,6180.018957345972,1730.266587677725,844,0.778372591006424,0.33012379642365886,21176,8820,0.62,1,12607,1,0,0,1,0,0
139658,Emory University,33.790183,30752.61324041812,57144.37206483866,39122.102711710344,7107.256476291471,604868.0042417815,13202,0.13052190818005086,0.34234647112740607,54660,16302,0.93,0.9265536723163842,51452,1,0,0,1,1,1
139719,Fort Valley State University,32.537595,3208.017914012739,5157.650875796178,2740.253184713376,1685.438694267516,4929.58678343949,2512,0.722561539885249,0.19364754098360656,14786,8372,0.73,0.9192139737991266,6627,1,0,0,0,0,1
139755,Georgia Institute of Technology-Main Campus,33.77242,13259.344661934467,12358.796156879616,31542.313759231376,1549.4080447408044,74966.30157023016,27894,0.15959861968761352,0.49118065433854907,31370,12090,0.97,1,14560,1,0,0,0,1,1
139764,Georgia Southwestern State University,32.054662,4919.408831366578,6602.947849257708,21.079558431671106,1668.3349828701942,14383.308717167873,2627,0.8558449424591157,0.2724699221514508,14786,8600,0.66,0.9325396825396826,7528,1,0,0,0,0,1
139861,Georgia College & State University,33.082787,8672.490761271249,6914.40798226164,84.49519586104952,1704.7432372505543,6521.663858093127,6765,0.8767537232894452,0.3709995076317085,26688,11324,0.82,0.9615975422427036,8535,1,0,0,0,1,1
139931,Georgia Southern University,32.426153,6002.634443021767,6884.597471190781,702.6600512163892,1554.0440140845071,2706.5822663252243,24992,0.905129173183755,0.33196281730425453,15425,10012,0.79,0.9281026252983293,7386,1,0,0,0,1,1
139940,Georgia State University,33.7527,7745.395956454121,8159.960186625194,6030.330948678072,1611.5914152410576,5350.845412130638,32150,0.745664053219292,0.32170357389411075,22389,15944,0.81,0.9574926015603982,9947,1,0,0,0,1,1
139959,University of Georgia,33.956262,12668.206495950259,10309.883552864818,12139.472033597862,1491.126237421255,34752.609124873874,36669,0.3998317571184583,0.37099139305068535,28830,10452,0.94,0.9993811881188119,12704,1,0,0,0,1,1
139968,Gordon State College,33.04571,2017.3145631067962,5017.728155339806,0.541747572815534,845.6249190938511,1039.7718446601941,3090,0.8764478764478765,0.5171806167400881,9469,9257,0.52,0.9127725856697819,5783,1,0,0,0,0,1
140234,LaGrange College,33.038564,14245.093808630394,12296.65947467167,NA,7641.21669793621,52883.696060037524,1066,0.7482297403619197,0.1366982124079916,32000,12260,0.58,1,26296,4,0,0,1,0,1
140447,Mercer University,32.831787,22499.375618533515,15287.035537561853,5058.748837906733,3978.793822162243,51879.09191782876,6669,0.7540619358422441,0.17495395948434622,29024,13438,0.87,1,33441,1,0,0,0,1,1
140553,Morehouse College,33.745982,14043.705670567057,11946.331233123312,1563.1597659765976,3840.730423042304,65319.30153015302,2222,0.6518400847233254,0.25548334687246144,27038,14272,0.86,0.8739495798319328,12054,1,0,0,0,0,1
140696,Oglethorpe University,33.875441,12798.36003051106,7304.468344774981,NA,4836.723874904653,25847.163996948893,1311,0.8129117259552042,0.2182603997839006,42474,14200,0.77,1,37009,1,0,0,0,0,1
140720,Paine College,33.469545,10288.986033519554,10107.13407821229,NA,4879.231843575419,49321.68715083799,358,0.5200945626477541,0.17954545454545454,12706,7512,0.18,1,14146,1,0,0,1,0,0
140818,Piedmont University,34.566042,13169.64738292011,8226.561983471074,NA,3405.0941230486683,24352.27180899908,2178,0.6699623352165726,0.17498243148278286,28120,11200,0.77,1,23899,1,0,0,1,1,1
140872,Reinhardt University,34.319756,12416.822222222223,7022.489583333333,NA,4887.189583333334,29317.308333333334,1440,0.7039603960396039,0.3009845288326301,25180,11440,0.6,1,16678,1,0,0,1,0,1
140951,Savannah College of Art and Design,32.072964,27559.07114180183,8974.545527541351,NA,4172.385739521439,12427.655050586158,12454,0.80776451656162,0.2228770648294181,38340,15348,0.75,0.9931623931623932,14180,2,0,0,0,0,1
140988,Shorter University,34.257543,10363.040816326531,5459.906403940887,NA,3261.2646023926814,8828.066854327939,1421,0.8120104438642297,0.3311897106109325,22380,9400,0.63,1,18548,1,0,0,1,0,1
141060,Spelman College,33.745279,17302.74074074074,14245.817524841916,2585.352303523035,5423.518066847335,175883.837398374,2214,0.507605583392985,0.13996121981315002,25249,15063,0.89,0.9957983193277311,9398,1,0,0,0,0,1
141167,Thomas University,30.815576,17579.132930513595,9800.383685800603,NA,5889.864048338369,8658.867069486405,662,0.28839390386869873,0.33739837398373984,10800,7040,0.59,1,2439,1,0,0,0,0,1
141185,Toccoa Falls College,34.593414,10215.53040224509,4822.598690364827,NA,3563.6099158091674,2893.1908325537884,1069,0.6188850967007964,0.32536764705882354,21490,8500,0.58,0.9927007299270073,13320,4,0,0,1,0,1
141237,Truett McConnell University,34.596306,9158.676569885212,4167.99257258609,NA,4220.756245779879,4195.4854827819045,1481,0.6881516587677725,0.3319559228650138,21792,8412,0.79,1,15377,1,0,0,1,0,0
141264,Valdosta State University,30.847402,6216.132824584924,7043.884706610292,29.020624935547076,2170.566773228834,5420.951634526142,9697,0.7636994219653179,0.26975476839237056,15426,8770,0.73,0.9523809523809523,7631,1,0,0,0,1,1
141325,Wesleyan College,32.876037,11014.79365079365,12438.014109347443,NA,5591.569664902998,105748.16225749558,567,0.6216475095785441,0.17257318952234207,25190,10676,0.74,1,25379,1,0,0,1,0,1
141334,University of West Georgia,33.573621,6793.631027616657,7471.381698554238,160.6689464115661,1654.9635529391394,2813.7532681153148,11551,0.6969742813918306,0.33535923594530065,15426,11330,0.73,0.92419522326064385,7496,1,0,0,0,1,1
141361,Young Harris College,34.933523,9141.109190172885,9180.424931756143,NA,6270.915377616015,98476.94995450409,1099,0.7475675675675676,0.2198120028922632,28912,11702,0.6,1,26741,1,0,0,1,0,1
141486,Chaminade University of Honolulu,21.28995,14408.33015873016,7796.397278911564,NA,1940.722448979592,9917.354195011338,2205,0.9007989347536618,0.21433850702143384,27340,15050,0.81,1,13929,1,0,0,1,0,1
141565,University of Hawaii at Hilo,19.701189,8965.975636766334,18529.435215946844,3357.894795127353,4155.626799557032,100.02916205241786,2709,0.9217241379310345,0.1717171717171717,20304,8248,0.71,0.9197530864197531,8082,1,0,0,0,1,1
141574,University of Hawaii at Manoa,21.298598,11764.834595785704,25173.73639994491,17360.453794243218,2844.499655694808,2910.7924528301887,14522,0.6998010914469323,0.2141972159463596,33336,13642,0.8,0.9428104575163399,10432,1,0,0,0,1,1
141644,Hawaii Pacific University,21.310306,18061.896507115136,7231.149417852523,1468.2490297542045,4567.322121604139,14438.857697283313,3092,0.8531971878138601,0.07749656660780851,29520,16764,0.66,1,19813,1,0,0,0,0,1
141981,University of Hawaii-West Oahu,21.35531,5414.404054054054,12018.362162162162,314.6698198198198,2919.604954954955,93.67207207207207,2220,0.946164199192463,0.3186344238975818,20304,NA,0.74,0.8888888888888888,7074,1,0,0,0,0,0
142090,Boise Bible College,43.658651,12293.162162162162,10422.198198198199,NA,2852.108108108108,7391.657657657658,111,0.7941176470588235,0.7407407407407407,12450,7000,0.67,0.9285714285714286,6927,1,0,0,1,0,0
142115,Boise State University,43.604284,8428.823515579072,8228.359788359789,1936.2725455614345,1271.7472075249852,6545.407172251616,17010,0.8312883435582822,0.2437730627306273,22452,13459,0.78,0.8701050620821394,5481,1,0,0,0,1,1
142285,University of Idaho,46.727406,9806.407506130718,13689.594839535132,9083.026335430217,3030.341827486939,29960.20897750293,9379,0.8138373751783167,0.20733692249906097,25418,9610,0.77,0.9695945945945946,8753,1,0,0,0,1,1
142294,The College of Idaho,43.652284,11763.173304628634,10661.662002152852,NA,9917.077502691065,106907.77179763187,929,0.562933025404157,0.1517948717948718,33000,11158,0.84,1,25970,4,0,0,0,0,1
142328,Lewis-Clark State College,46.412199,4439.528390596745,8489.882097649186,177.8871609403255,2188.112477396022,2965.6911392405063,2765,1,0.2812121212121212,20238,7860,0.61,0.8737373737373737,5600,1,0,0,0,0,1
142461,Northwest Nazarene University,43.562411,10006.906986357999,6572.00744109136,145.91525423728814,3688.9772633319553,23268.047953699876,2419,0.8814632430531129,0.1097366320830008,33740,9600,0.79,0.9893048128342246,21529,1,0,0,1,1,1
142522,Brigham Young University-Idaho,43.818408,2401.962603335601,3591.069330199765,NA,810.0274187230709,2426.7013008431773,48507,0.9656729900632339,0.5049371167238332,4416,4452,0.74,0.7891268533772653,5839,1,0,0,1,0,0
143048,School of the Art Institute of Chicago,41.88105,33922.93355574089,16907.061440088964,NA,5244.210175145955,62384.209063108145,3597,0.8097686375321337,0.1415873015873016,49663,15980,0.74,1,24984,1,0,0,0,0,1
143084,Augustana College,41.502365,16530.28614344724,10312.702966579047,106.62373263236951,3316.0356740518214,63136.991363124296,2663,0.6912650602409639,0.14139433551198258,46039,11830,0.85,1,47482,1,0,0,1,0,1
143118,Aurora University,41.753631,12629.877851361294,5529.661883738043,NA,2869.3804267844002,7578.830022075055,5436,0.8642373427926475,0.30671641791044774,26400,10698,0.78,0.9957264957264957,19197,1,0,0,0,1,1
143288,Blackburn College,39.287896,12946.137992831542,7459.740143369176,NA,6007.181003584229,41880.390681003584,558,0.6622516556291391,0.25666666666666665,25570,8820,0.69,1,11963,1,0,0,1,0,1
143358,Bradley University,40.696896,19381.50303030303,16023.14393939394,580.1176136363637,2298.935037878788,57652.25454545455,5280,0.7586309229399545,0.1360020863215543,35940,11628,0.86,1,27876,1,0,0,0,0,1
144005,Chicago State University,41.718446,11108.706586826347,30997.561241154057,1338.521502449646,4509.333696243876,2865.034295046271,1837,0.47471383975026016,0.07365190705830776,7488,8724,0.54,1,15045,1,0,0,0,1,1
144050,University of Chicago,41.787994,37456.79045560093,106708.5114901113,29679.181679878293,8471.243494274962,561214.8059892706,12489,0.0647811660609891,0.8345528455284553,59256,17685,1,0.9721669980119284,63595,2,1,0,0,1,1
144281,Columbia College Chicago,41.874261,21503.803307478414,11994.403629445338,9.74959754134348,4121.672471827894,28817.884969998537,6833,0.956359102244389,0.24569027958858466,26610,16456,0.69,1,19154,1,0,0,0,0,1
144351,Concordia University-Chicago,41.898696,14756.014591439689,7003.13326848249,NA,5563.980544747082,5762.95233463035,4112,0.8781138790035588,0.06808510638297872,33310,10430,0.71,1,25766,1,0,0,1,1,1
144740,DePaul University,41.877618,24398.971193415637,13257.253086419752,506.7901234567901,3515.6893004115227,30525.050205761316,19440,0.6944349181605611,0.1274131274131274,41361,15225,0.83,0.9982886480319453,28394,2,0,0,1,1,1
144892,Eastern Illinois University,39.479843,4340.266963673749,18250.86189170665,184.9110692254969,3883.2258396161756,9683.366689513365,5836,0.7174247725682296,0.1517752633632462,11461,10548,0.74,0.9983388704318937,12946,1,0,0,0,0,1
144962,Elmhurst University,41.897164,16567.72838801712,7862.746932952924,47.303566333808845,3387.2778887303853,31120.285306704707,3505,0.7129186602870813,0.19798657718120805,39100,11172,0.81,0.9973474801061007,29040,4,0,0,1,0,1
144971,Eureka College,40.71482,13366.510344827586,6679.834482758621,NA,5782.0931034482755,39109.52413793103,580,0.8665906499429875,0.15657894736842104,27450,10229,0.59,1,20366,1,0,0,1,0,1
145336,Governors State University,41.449103,8534.663801337154,13291.410697230182,171.8075453677173,1857.7788920725884,515.7096466093601,4188,0.5205479452054794,0.3190789473684211,15024,10729,0.58,1,11068,1,0,0,0,1,1
145372,Greenville University,38.894162,11636.207433016421,8080.844425237684,NA,6665.360414866032,17455.78219533276,1157,0.7954319761668321,0.2571785268414482,29260,9548,0.67,1,23109,4,0,0,1,0,1
145497,Hebrew Theological College,42.010103,13020.19867549669,21095.01324503311,NA,1895.0860927152319,5713.245033112583,151,0.8,1,13400,13350,0.86,1,7745,1,0,0,1,0,1
145600,University of Illinois Chicago,41.871837,14525.653973382568,35896.22663281791,11300.661589353027,2904.771136241249,12279.88983767982,25998,0.7880303628625335,0.23257238307349665,27020,12250,0.82,0.9089512101421436,13236,1,0,0,0,1,1
145619,Benedictine University,41.777569,16198.786507776207,7387.280145425167,50.79620278731569,5138.870935164613,7360.559886891537,4951,0.8002063273727648,0.17834121186076493,30773,10156,0.67,0.9938080495356038,20699,1,0,0,1,1,1
145637,University of Illinois Urbana-Champaign,40.104718,15123.620518731988,15690.438040345822,10325.915465898175,3377.358117195005,30320.244073006725,52050,0.5966213518794781,0.29219933086811056,34444,12494,0.94,0.7863402840737382,15527,1,1,0,0,1,1
145646,Illinois Wesleyan University,40.489901,18277.473684210527,18011.21743753323,212.1451355661882,4968.212652844231,124303.62573099416,1881,0.45234426590358795,0.21021897810218979,52308,12112,0.87,1,40820,4,0,0,0,0,1
145691,Illinois College,39.7313,11455.998031496063,9673.257874015748,NA,8642.201771653543,135584.58267716537,1016,0.7475865985235661,0.0945689327763008,34752,9674,0.75,1,28511,1,0,0,1,0,1
145725,Illinois Institute of Technology,41.8313,27014.69580351963,15985.302649390833,14632.372848578612,3720.9437246180623,48067.49023399729,5171,0.661094924091397,0.11714219438645326,48555,15240,0.87,1,43495,1,0,0,0,1,1
145813,Illinois State University,40.509403,10573.107430194037,13706.02145448809,1115.5448283115109,2664.8535520849764,6774.205815848977,19017,0.915386552505666,0.30939935809261804,21136,10146,0.84,0.9675262655205349,12185,1,0,0,0,1,1
146339,Judson University,42.061754,10504.683359013867,7897.172573189522,NA,3541.911402157165,6468.015408320493,1298,0.6239837398373984,0.30618892508143325,28840,10990,0.55,0.9847328244274809,23965,1,0,0,1,1,1
146427,Knox College,40.943064,16402.2842183994,14660.379955123411,NA,7433.596110695587,119733.48092744952,1337,0.7023848415550473,0.12558139534883722,50784,10221,0.82,1,37669,2,0,0,0,0,1
146481,Lake Forest College,42.249574,16941.794839521714,11077.656387665198,288.67967275015735,8456.929515418502,57042.30585273757,1589,0.6443322625057366,0.1485042735042735,50100,11498,0.84,0.9967105263157895,37733,1,0,0,0,0,1
146612,Lewis University,41.605432,16270.627030763913,9738.703767715175,NA,2311.343933632907,12861.625993778085,5786,0.7125956854558108,0.1845703125,35262,11222,0.8,0.9974874371859297,26536,1,0,0,1,1,1
146676,Lincoln College,40.155442,8768.61038961039,4924.659090909091,NA,3963.7597402597403,2131.3257575757575,924,0.7426246185147508,0.2726027397260274,18700,8400,0.53,NA,NA,1,0,0,0,0,0
146719,Loyola University Chicago,42.000765,26952.527680937106,13391.564635336774,1652.6403569934457,4163.703807000418,44645.30581508855,14342,0.7698022419627749,0.09846481436961226,46410,15180,0.85,0.9946236559139785,27442,1,0,0,1,1,1
147013,McKendree University,38.608154,12058.109217999126,6289.642638706859,NA,5893.318042813456,18932.13280908694,2289,0.7767705382436261,0.19547775346462437,31700,10970,0.76,1,24145,1,0,0,1,1,1
147129,Methodist College,40.7804,22116.00368324125,11619.423572744015,NA,3277.8581952117866,4015.6519337016575,543,1,0.8888888888888888,16248,17280,0.75,0.6666666666666666,4407,1,0,0,0,0,0
147244,Millikin University,39.842612,13728.65774378585,10937.757170172084,NA,5796.753824091778,51781.40726577438,2092,0.7481141357822236,0.17930732135028496,38800,12690,0.7,1,31609,1,0,0,0,0,1
147341,Monmouth College,40.914824,11862.858901515152,13633.890151515152,NA,7200.742424242424,111889.39393939394,1056,0.6563737133808393,0.10796139927623644,41240,10390,0.74,1,34832,1,0,0,1,0,1
147369,Moody Bible Institute,41.897822,7414.839945280438,8663.235294117647,NA,2221.346443228454,13764.316005471956,2924,0.9765100671140939,0.570446735395189,11840,12100,0.82,0.9743589743589743,9857,1,0,0,1,0,1
147536,National Louis University,41.880093,12147.030981067126,5160.875645438899,NA,3685.515490533563,7843.8218588640275,4648,0.9703557312252964,0.3788187372708758,13419,NA,0.6,0.9877149877149877,9444,2,0,0,0,1,0
147660,North Central College,41.77576,16866.509776039817,10578.767152506221,NA,2995.747244934234,41570.96622822609,2813,0.6840254889035376,0.16447157083199487,42026,11878,0.75,1,31222,1,0,0,1,0,1
147679,North Park University,41.975268,17824.117056856187,8782.886287625419,NA,5797.204849498327,32137.79933110368,2392,0.6713545521835678,0.1705255420801176,32380,10125,0.75,1,24435,1,0,0,1,0,1
147703,Northern Illinois University,41.933869,6878.36745476159,15589.403645489367,1376.2886012415797,2261.436269977546,5659.672434288734,15142,0.7044509335457039,0.14351212159276472,9608,11000,0.78,0.9909855769230769,13050,1,0,0,0,1,1
147767,Northwestern University,42.050356,33248.339622641506,43138.668524871355,27060.19511149228,13459.959262435677,449556.0617495712,18656,0.06971618103954992,0.628124059018368,60276,18264,0.97,0.9223300970873787,58746,2,0,0,0,1,1
147776,Northeastern Illinois University,41.980399,8258.848157560356,17329.53621346887,408.33831003811946,2614.1799555273187,1823.317662007624,6296,0.6210650191232715,0.15632401705352914,20182,10742,0.67,1,11308,1,0,0,0,0,1
147828,Olivet Nazarene University,41.155237,13125.49492330957,6925.719593864766,NA,4806.423849643552,8104.812270468784,4629,0.6055092671314403,0.18562201628755967,36450,9490,0.75,1,29121,1,0,0,1,1,1
148016,Principia College,38.948835,6227.756696428572,27513.772321428572,NA,19965.98660714286,899188.4285714285,448,0.8405797101449275,0.6810344827586207,29970,12270,0.86,NA,NA,1,0,0,0,0,1
148131,Quincy University,39.938898,8331.527462946819,4210.982563208369,NA,3818.0340017436793,11822.770706190062,1147,0.597972972972973,0.2621468926553672,31160,11050,0.73,1,25402,1,0,0,1,0,1
148405,Rockford University,42.270639,15222.9417989418,7071.223985890652,NA,5232.510582010582,20808.89241622575,1134,0.6678486997635934,0.17876106194690267,33750,10040,0.66,1,18434,1,0,0,0,0,1
148487,Roosevelt University,41.876055,20246.819401444787,11671.594427244581,226.9860681114551,4489.045407636739,32517.65944272446,3876,0.9229031347077097,0.155140758873929,31493,14675,0.67,1,25250,1,0,0,0,1,1
148496,Dominican University,41.902678,17732.056338028167,11577.684644452078,53.2387495705943,2879.9161800068705,12221.655788388869,2911,0.8093628088426528,0.14845758354755784,34950,10865,0.83,1,25806,1,0,0,1,1,1
148584,University of St Francis,41.532225,13217.439446366781,5833.72381251966,NA,2855.753067002202,6223.944007549544,3179,0.6823379923761118,0.18994413407821228,35000,10210,0.81,1,25351,1,0,0,1,1,1
148627,Saint Xavier University,41.707199,17255.942411517695,7532.566286742652,NA,3029.8302339532092,4094.3086382723454,3334,0.8479434447300771,0.11323328785811733,33960,11640,0.78,1,28439,1,0,0,1,0,1
148654,University of Illinois Springfield,39.729524,7838.211221122112,13567.826182618262,628.503300330033,3661.994499449945,4965.548954895489,3636,0.7948717948717948,0.13306451612903225,16449,10410,0.74,0.9929577464788732,12480,1,0,0,0,1,1
149028,Saint Anthony College of Nursing,42.310147,23415.07423580786,10657.550218340612,NA,1478.707423580786,24937.890829694323,229,1,0.5,26368,NA,1,1,12106,1,0,0,1,0,0
149222,Southern Illinois University-Carbondale,37.714193,9991.151564404714,19692.021129622106,3466.81641609102,5071.152864689151,12118.29727752946,12305,0.9514813224559897,0.213898916967509,9638,10622,0.81,0.9849710982658959,12241,1,0,0,0,1,1
149231,Southern Illinois University-Edwardsville,38.793949,9082.164858631588,15439.379858204493,919.8541043819937,3402.539677116255,2022.7214487059025,11707,0.9806559199555308,0.22582473642444167,8579,9881,0.78,0.9797507788161994,11983,1,0,0,0,1,1
149505,Trinity Christian College,41.667687,14561.893951946977,9232.855840927921,NA,4957.53603976802,9460.422535211268,1207,0.7624045801526718,0.22528160200250313,32800,10300,0.8,1,26612,1,0,0,1,0,1
149514,Trinity International University-Illinois,42.197945,10936.318773946361,12349.683524904214,NA,4803.700383141762,33542.366283524905,1305,0.9142091152815014,0.26392961876832843,32398,10920,0.66,0.9883720930232558,29292,1,0,0,1,1,1
149639,VanderCook College of Music,41.836833,14222.351032448378,3941.0619469026547,NA,3094.330383480826,1513.6106194690265,339,1,0.7692307692307693,27670,NA,0.6,1,25917,1,0,0,0,0,0
149772,Western Illinois University,40.468086,7089.763999038692,14463.626051429945,788.2843066570535,3701.0632059601057,6703.700072098053,8322,0.7248462828395752,0.17736649315596684,8886,10192,0.77,1,15049,1,0,0,0,1,1
149781,Wheaton College,41.870176,20885.642806520198,16463.04606661942,617.6428065201984,7828.352232459249,173327.86392629342,2822,0.8625188158554943,0.31762652705061084,40570,11100,0.9,0.9941348973607038,27660,1,0,0,1,1,1
150066,Anderson University,40.112768,14604.747774480713,9704.451038575668,NA,5051.038575667656,20937.685459940654,1685,0.6244591209291733,0.11560904449307075,32260,11710,0.71,1,27131,1,0,0,1,1,1
150136,Ball State University,40.203431,7723.637545126354,9541.031588447653,585.0487364620939,943.2447653429602,9668.686642599278,22160,0.6816577330369983,0.20956399437412096,26862,10796,0.8,0.7648755860079336,9059,1,0,0,0,1,1
150145,Bethel University,41.678399,13279.76179775281,7724.624719101123,NA,4863.689887640449,7795.856928838952,1335,0.9792,0.23366013071895425,30270,9620,0.74,0.9906103286384976,23102,1,0,0,1,0,1
150163,Butler University,39.8374,23521.59739201304,14356.35696821516,193.15403422982885,6872.860635696821,48072.73675631622,4908,0.8054758800521512,0.09161540951764326,42410,14850,0.86,0.9883333333333333,25334,1,0,0,0,0,1
150400,DePauw University,39.640904,17704.211185682325,21660.527964205816,NA,8907.610738255034,327002.2013422819,2235,0.6467076382791923,0.13575889220743959,52900,14098,0.89,1,44721,4,0,0,0,0,1
150455,Earlham College,39.823431,11675.430042918455,23736.602575107296,397.0008583690987,7419.57339055794,368413.5278969957,1165,0.6907775768535263,0.14921465968586387,48253,11854,0.83,1,37503,1,0,0,1,0,1
150534,University of Evansville,37.971549,14924.964271047227,12320.92977412731,22.206570841889118,5648.815605749487,54128.877207392194,2435,0.7495219885277247,0.11916909620991253,38600,13420,0.87,1,32946,1,0,0,1,0,1
150604,Franklin College,39.478298,13246.300094073376,9122.73847601129,NA,6899.077140169332,82425.95672624647,1063,0.946507237256136,0.16954787234042554,34766,10860,0.79,0.9653679653679653,30984,4,0,0,1,0,1
150668,Goshen College,41.563582,14727.580608793687,9844.134160090192,46.234498308906424,5684.211950394589,126470.23224351747,887,0.9284984678243106,0.20132013201320131,35940,10980,0.76,1,29013,1,0,0,1,0,1
150677,Grace College and Theological Seminary,41.22595,8478.613514827419,6936.954788526981,NA,3884.787068546427,9122.387943607195,2057,0.8316473988439307,0.12655661743411525,24144,9976,0.76,0.9776357827476039,21629,1,0,0,1,0,1
150756,Hanover College,38.715642,10885.150200803213,10938.760642570282,82.83855421686746,8014.810441767068,115346.77590361446,1245,0.7278989667049368,0.14511041009463724,39400,12540,0.84,1,31151,4,0,0,1,0,1
150774,Holy Cross College,41.698996,13805.096296296297,4242.433333333333,NA,5171.45,5484.194444444444,540,0.8594249201277955,0.39776951672862454,32800,11650,0.68,0.7218045112781954,18348,1,0,0,1,0,1
150941,Huntington University,40.898152,13809.479717813052,9974.024691358025,NA,5115.800705467372,25325.95061728395,1134,0.787740164684355,0.29152148664343785,26986,9154,0.77,0.993421052631579,26838,4,0,0,1,0,1
151102,Purdue University Fort Wayne,41.117278,6652.262765663814,6438.831907259178,184.17168092740823,1071.90905327077,7498.985371239304,7246,0.8320292991509906,0.258703481392557,20111,9842,0.65,0.9526542324246772,7703,1,0,0,0,0,1
151111,Indiana University-Purdue University-Indianapolis,39.772948,13809.094190066617,20356.674255839447,9322.619529471287,1834.9709081710093,49666.23425246648,23718,0.8361195208634987,0.2751889168765743,30940,10588,0.75,0.8568019093078759,10047,1,0,0,0,1,1
151263,University of Indianapolis,39.709571,15909.137143935106,9583.706847764573,NA,4697.745331069609,20336.72137332579,5301,0.77853725222146275,0.1319453154396087,31972,11400,0.75,1,26201,4,0,0,1,1,1
151290,Indiana Institute of Technology,41.078365,18284.151243781096,8930.053731343283,NA,5240.859701492537,65229.572139303484,2010,0.6500802568218299,0.27530864197530863,28356,10600,0.7,1,20590,1,0,0,0,1,1
151306,University of Southern Indiana,37.962374,5648.0703729767765,7285.835092657753,54.95918367346939,1476.2087731644383,5523.910860896082,8526,0.9640548228600982,0.3559549356223176,21212,9772,0.75,0.9808219178082191,7300,1,0,0,0,1,1
151324,Indiana State University,39.469073,5797.34702610184,7729.824561403509,879.3324775353017,1553.1878476679503,4106.05323063757,11685,0.9368094746045624,0.12166977770235873,20582,11182,0.69,0.9099307159353349,9895,1,0,0,0,1,1
151333,Indiana University-Kokomo,40.460062,6735.611814345992,6997.434599156119,11.280015343306482,1798.6889144610664,3197.849635596471,2607,0.9035087719298246,0.31661272923408845,20277,NA,0.7,0.7971830985915493,6398,1,0,0,0,0,1
151342,Indiana University-South Bend,41.665324,6586.340813152633,8372.694067984892,78.14085758720285,1157.5043323705843,4838.456343034881,4501,0.8894273127753304,0.3452204061416543,20277,9996,0.67,0.8831168831168831,6746,1,0,0,0,0,1
151351,Indiana University-Bloomington,39.16609,18787.519517440855,15821.95495785024,2509.105238436627,1634.7599812118365,28529.134013992236,40451,0.850423674136522,0.2397895961358521,36932,12098,0.91,0.8063698878031126,11253,1,0,0,0,1,1
151360,Indiana University-Northwest,41.557324,6892.361244019139,9074.5245215311,54.709928229665074,1106.864533492823,3391.3163875598084,3344,0.8548192771084338,0.33967582804792107,20277,NA,0.7,0.8532423208191127,7109,1,0,0,0,0,1
151379,Indiana University-Southeast,38.345191,6296.241706161138,7905.073933649289,27.72488151658768,1104.695971563981,4113.656872037915,4220,0.9005497251374313,0.3263041065482797,20277,11220,0.64,0.8121019108280255,6236,1,0,0,0,0,1
151388,Indiana University-East,39.868707,7259.783055654023,7201.359801488834,1.9092520382842963,1703.719957461893,2317.663239985821,2821,0.8051242236024845,0.3172613307618129,20277,NA,0.67,0.9337016574585635,7539,1,0,0,0,0,1
151777,Manchester University,41.010549,19567.74660633484,11520.650075414782,415.53544494720967,5320.943438914027,47102.54600301659,1326,0.7607907742998352,0.13295799047206583,33178,10438,0.71,1,28889,4,0,0,1,0,1
151786,Marian University,39.813233,27545.92682060391,14463.328596802841,48.59928952042629,5386.332504440497,22642.998223801067,2815,0.7308790860044431,0.24924012158054712,36600,11660,0.84,1,29038,1,0,0,1,1,1
151801,Indiana Wesleyan University-Marion,40.517937,13967.533864541832,10272.12416998672,NA,8400.189243027888,63350.11952191235,3012,0.9190721649484536,0.15844083006169377,28960,9574,0.81,1,22243,1,0,0,1,0,1
152080,University of Notre Dame,41.703058,26091.565562073887,32612.414777231646,11018.630093546853,4682.892024734422,877204.5587442524,12614,0.15066407241350138,0.5780460415496912,58336,16304,0.97,0.9118046132971506,48373,1,0,0,1,1,1
152099,Oakland City University,38.340891,23338.638792102207,4073.2195121951218,NA,2753.3554006968643,5993.451800232288,861,0.7261774370208105,0.25339366515837103,25740,10400,0.85,1,23831,1,0,0,1,1,0
152318,Rose-Hulman Institute of Technology,39.483602,26939.36058796509,19517.778594395957,NA,6989.276067983464,98091.53881488286,2177,0.7740299823633157,0.1831387069211051,49479,16161,0.9,0.9970760233918129,34371,2,0,0,0,0,1
152336,University of Saint Francis-Fort Wayne,41.087205,16388.083131947802,9158.459159014017,NA,3554.0671822136296,16459.164813919768,2069,0.9939531368102796,0.34220532319391633,32230,11000,0.73,0.9955056179775281,24631,1,0,0,1,0,0
152381,Saint Mary-of-the-Woods College,39.508546,13269.992366412214,10193.445292620865,NA,2694.8778625954196,16861.772264631043,786,0.7032019704433498,0.3397548161120841,29950,11240,0.69,1,27016,1,0,0,1,1,1
152390,Saint Mary's College,41.707274,18838.572916666668,16660.005208333332,NA,5671.819661458333,126554.46875,1536,0.8307103360272224,0.19201228878648233,47000,13470,0.85,1,38777,1,0,0,1,0,1
152530,Taylor University,40.456246,15741.941176470587,10166.86898395722,117.15508021390374,5548.045008912656,41923.17647058824,2244,0.7285223367697594,0.2702156334231806,36270,10659,0.89,1,24857,4,0,0,1,0,1
152567,Trine University,41.632502,15834.51057165231,7691.916992952231,NA,2667.8645262333594,13539.032106499608,2554,0.78521718262539,0.20293398533007334,33650,11700,0.84,0.9903536977491961,24645,1,0,0,0,0,1
152600,Valparaiso University,41.462239,16675.61761546724,11977.712137486573,332.1697099892589,6964.285714285715,67244.09022556391,3724,0.9317473338802297,0.10582849093150203,43400,12872,0.83,1,29279,1,0,0,1,0,1
152673,Wabash College,40.037588,13618.719279661016,15412.63877118644,1844.823093220339,12460.593220338984,370412.77966101695,944,0.6159021406727829,0.20854021847070506,45000,11600,0.84,1,38083,1,0,0,0,0,1
153001,Buena Vista University,42.642255,12781.68498168498,7783.2878074306645,NA,3336.266875981162,72270.09942438515,1911,0.6598056032018296,0.20537261698440207,37518,10370,0.74,1,32931,4,0,0,1,0,1
153108,Central College,41.401539,14663.52980688497,13533.933669185559,NA,7701.698572628044,68019.52644836273,1191,0.7452316076294278,0.2071907373552712,19250,10552,0.73,1,11724,1,0,0,1,0,1
153126,Clarke University,42.509475,20434.533083645445,11139.278401997502,NA,3745.6354556803994,34450.41697877653,801,0.8878364905284147,0.10275126333520494,35740,10400,0.72,1,24047,1,0,0,1,0,1
153144,Coe College,41.988263,12726.003937007874,9403.473097112861,409.3011811023622,6961.787401574803,60946.1312335958,1524,0.7265971130484493,0.07808811959087333,48472,10520,0.81,1,43981,1,0,0,1,0,1
153162,Cornell College,41.924554,16457.39306930693,13072.284158415841,87.84455445544555,8805.778217821782,76952.80792079208,1010,0.8110014104372355,0.1591304347826087,47100,10556,0.74,1,38407,1,0,0,1,0,1
153250,Dordt University,43.082527,14808.874083944038,9802.313790806129,517.1159227181879,4489.852764823451,29402.942038640907,1501,0.7322884012539185,0.3767123287671233,33010,10780,0.84,1,23367,1,0,0,1,0,1
153269,Drake University,41.60129,26101.97846889952,15643.69138755981,301.23415071770336,8374.358253588516,65638.25837320574,3344,0.6907463439233484,0.1385289286366125,45734,11288,0.86,1,30466,1,0,0,0,1,1
153278,University of Dubuque,42.49726,18287.30735930736,7078.948051948052,NA,5920.69264069264,67615.87532467532,2310,0.7643044619422572,0.23008241758241757,34400,10300,0.66,0.9710610932475884,26291,1,0,0,1,0,1
153302,Emmaus Bible College,42.508307,8057.992619926199,5780.173431734317,NA,4267.608856088561,3948.40221402214,271,0.9905660377358491,0.45714285714285713,19550,8950,0.67,1,17160,1,0,0,1,0,0
153320,Faith Baptist Bible College and Theological Seminary,41.737082,7319.121212121212,6198.050505050505,NA,3475.4949494949497,14615.555555555555,297,0.5614035087719298,0.65625,17480,7318,0.72,1,13985,1,0,0,1,1,1
153366,Graceland University-Lamoni,40.615966,13000.063027574564,7229.841868317389,NA,5284.816544738323,30016.783342712435,1777,0.6662171274443696,0.12550607287449392,31250,9810,0.78,1,30055,3,0,0,1,0,1
153375,Grand View University,41.620813,13220.171098265895,6838.912138728324,NA,4340.494797687861,14463.650867052023,1730,0.9954674220963173,0.16562322140011382,30224,10520,0.69,1,22324,1,0,0,1,0,1
153384,Grinnell College,41.747952,19894.64493597206,25962.165308498254,900.46565774156,13835.273573923167,1159257.8533178114,1718,0.10539332255302958,0.4250902527075812,58156,14350,0.81,1,57926,1,1,0,0,0,1
153603,Iowa State University,42.026212,11065.689163178638,10125.663743851395,6284.682716690599,1258.6472762824235,31074.194861140815,32731,0.9112344648032618,0.2904043126684636,24136,9088,0.89,0.8078787878787879,6438,1,0,0,0,1,1
153621,Iowa Wesleyan University,40.973791,10587.560846560846,7723.1640211640215,NA,7717.604938271605,30816.070546737214,567,0.8190137264870361,0.08286778398510242,32550,11340,0.62,1,26449,1,0,0,1,0,1
153658,University of Iowa,41.661935,16299.068852459017,15575.633383010432,15277.272727272728,1638.9344262295083,55903.72339791356,26840,0.8620843362752965,0.23376421923474663,30319,11780,0.88,0.8148400272294077,5932,1,0,0,0,1,1
153825,Loras College,42.503908,12892.27167235495,6713.59180887372,492.17883959044366,6368.872354948806,27067.83071672355,1465,0.7195589645254075,0.1972018654230513,33500,8760,0.79,1,25313,1,0,0,1,0,1
153834,Luther College,43.312304,15485.592339261286,14010.441404468764,292.9138166894665,6003.364797081624,76308.09302325582,2193,0.7607214428857716,0.2339304531085353,46130,10360,0.77,1,35037,4,0,0,1,0,1
153861,Maharishi International University,41.017781,9413.449564134497,6356.164383561644,233.49937733499377,1412.2042341220424,4860.523038605231,1606,0.9482758620689655,0.6909090909090909,16000,7400,0.47,0.9285714285714286,10912,1,0,0,0,1,1
153977,Mercy College of Health Sciences,41.594559,18695.44235924933,9360.92761394102,NA,2414.789544235925,9562.201072386059,746,0.9696969696969697,0.3984375,19754,NA,0.62,1,7551,1,0,0,1,0,0
154004,Morningside University,42.473891,10758.637037037037,6205.679012345679,NA,3848.5397530864198,23236.355555555554,2025,0.7380006114338122,0.15327257663628832,33760,10410,0.69,1,25002,1,0,0,1,0,1
154013,Mount Mercy University,42.001931,13706.104166666666,6609.05078125,NA,4275.49609375,19279.229166666668,1536,0.8098591549295775,0.2144927536231884,35540,10428,0.8,1,27856,4,0,0,1,0,1
154095,University of Northern Iowa,42.514923,6706.91641172407,9884.45277805191,286.6605151485246,1183.6357445968617,12147.469850981941,10133,0.8579212070410729,0.3793356130923302,18480,9160,0.86,0.8862199747155499,6555,1,0,0,0,0,1
154101,Northwestern College,42.999007,11692.431355932204,8775.02966101695,NA,5399.566949152542,45541.7186440678,1180,0.8302047781569966,0.27543679342240496,33350,10000,0.79,1,24490,1,0,0,1,0,1
154235,Saint Ambrose University,41.54065,19581.609737542793,10611.120578166603,NA,4061.3012552301257,60185.31152529479,2629,0.7240948813982522,0.17,33290,11638,0.83,1,24748,1,0,0,1,1,1
154350,Simpson College,41.365503,14276.421864951768,9805.619292604502,NA,6152.147266881029,55915.00964630225,1555,0.9082706766917293,0.2367549668874172,43124,9654,0.77,1,34765,4,0,0,1,0,1
154493,Upper Iowa University,42.838283,9677.218005295676,5190.446601941748,NA,2230.656884377758,4070.719329214475,4532,0.6491935483870968,0.2484472049689441,32589,9410,0.74,1,22825,1,0,0,0,0,1
154527,Wartburg College,42.7277,15456.697763578275,9473.808306709265,NA,7829.569329073483,49034.02939297124,1565,0.8275347912524851,0.12402402402402403,45200,9990,0.82,0.9845201238390093,36959,4,0,0,1,0,1
154590,William Penn University,41.310111,9787.497584541063,5090.882447665056,NA,5142.969404186795,6382.041867954911,1242,0.5767844268204758,0.41875,27200,7256,0.61,1,17625,1,0,0,1,0,0
154688,Baker University,38.778712,11992.888260254596,6335.175388967468,NA,4351.974540311174,18176.56199905705,2121,0.9905808477237049,0.347068145800317,31000,9330,0.79,1,24267,1,0,0,1,1,1
154712,Benedictine College,39.572646,12401.828683308859,7517.821830641214,2.2187958883994128,2917.3411649534996,12843.175721977484,2043,0.9849706744868035,0.22701898027540007,31830,12250,0.84,1,22610,1,0,0,1,0,1
154721,Bethany College,38.580598,1770.5020920502093,5162.7531380753135,NA,6170.104602510461,6916.912133891214,717,0.718690521507423,0.13559322033898305,29200,12975,0.5,1,21212,4,1,0,1,0,1
154749,Bethel College-North Newton,38.075169,12677.652525252524,7695.987878787879,NA,9040.60404040404,38262.58585858586,495,0.7060240963855422,0.25597269624573377,30924,9810,0.7,1,21644,1,0,0,1,0,1
155025,Emporia State University,38.414784,7026.8959054797315,7583.940517416989,180.6901609289061,1614.879812589122,15712.809940924832,4909,0.8837209302325582,0.3835725677830941,13195,9534,0.78,0.9256965944272446,4626,1,0,0,0,1,1
155061,Fort Hays State University,38.872156,6262.855089820359,5089.411976047904,111.44441117764471,1257.14500998004,9809.764471057884,10020,0.9033550325488232,0.529379157427938,14580,8414,0.78,0.9016393442622951,5502,1,0,0,0,0,1
155070,Barclay College,37.62012,17913.530805687205,6180.658767772512,NA,2664.5687203791467,31534.763033175357,211,0.5414847161572053,0.14516129032258066,18000,10440,0.79,1,8367,1,0,0,1,0,1
155089,Friends University,37.678459,13100.14,5907.844285714285,NA,5234.135,37021.21428571428,1400,0.5766703176341731,0.26875593542260207,30264,7494,0.67,0.9957446808510638,21762,1,0,0,0,0,1
155317,University of Kansas,38.958549,13921.67641893339,21032.046262582993,13416.607410580424,1929.75986292568,75638.48704219318,23345,0.924975450081833,0.29152806284945854,26960,9900,0.86,0.875,6458,1,0,0,0,1,1
155335,Newman University,37.672643,8993.8,5069.357209302326,NA,2869.426046511628,8482.733023255814,2150,0.7165467625899281,0.30120481927710846,32400,9644,0.72,1,25980,1,0,0,1,1,1
155399,Kansas State University,39.188648,12460.90166917997,12476.777078675055,10987.15043419479,2139.0326036087567,28031.93344079871,19231,0.9561189167175728,0.3032690874241295,25560,10100,0.87,0.9160377358490566,7062,1,0,0,0,1,1
155414,Kansas Wesleyan University,38.813795,12671.43068640646,5893.28129205922,NA,6790.664872139973,36480.05921938089,743,0.6764367816091954,0.21580288870008496,31020,10300,0.64,0.9953051643192489,22087,1,0,0,1,0,0
155496,Manhattan Christian College,39.184806,11837.497797356828,4551.973568281938,NA,6173.726872246696,13531.44052863436,227,0.47863247863247865,0.75,16680,9550,0.51,1,8637,1,0,0,1,0,0
155511,McPherson College,38.371422,10930.373751783167,8311.094151212554,NA,7214.912981455064,67467.30955777461,701,0.8461538461538461,0.3622994652406417,31396,9718,0.66,1,22666,4,0,0,1,0,1
155520,MidAmerica Nazarene University,38.875615,12366.257206208425,6213.562638580931,0.24778270509977826,2751.441796008869,6532.047117516629,1804,0.6465201465201466,0.29461756373937675,33090,9562,0.6,1,22980,1,0,0,1,0,1
155627,Ottawa University-Ottawa,38.603173,51836.211800302575,13474.320726172466,NA,22665.28139183056,24436.465960665657,661,0.6657060518731989,0.16666666666666666,33380,11934,0.6,1,22643,1,0,0,1,0,1
155681,Pittsburg State University,37.392071,5394.790139064476,6670.002528445007,372.1643489254109,1726.956068268015,13149.72819216182,6328,0.9363718411552346,0.3913253012048193,17180,8196,0.74,0.9979919678714859,3630,1,0,0,0,0,1
155812,University of Saint Mary,39.279396,16295.31784386617,9973.802973977696,NA,4733.554832713755,13371.702602230484,1076,0.8094182825484765,0.16563997262149213,30580,8585,0.66,1,22153,1,0,0,1,1,1
155900,Southwestern College,37.248608,12549.619574468084,7281.785531914894,NA,4464.612765957447,22748.292765957445,1175,0.6913303437967115,0.22054054054054054,34750,8930,0.53,1,24321,1,0,0,1,1,1
155937,Sterling College,38.219937,10938.636200716846,6373.745519713261,NA,6601.120071684588,41421.70609318996,558,0.473970473970474,0.16885245901639345,27000,8936,0.58,1,19921,4,0,0,0,0,1
155973,Tabor College,38.348606,9943.387345679012,5456.324074074074,NA,7465.398148148148,15744.683641975309,648,0.5447214076246334,0.24629878869448182,33400,9300,0.5,1,24106,4,0,0,1,0,1
156125,Wichita State University,37.718882,8800.643366371067,7756.915319074944,5939.43140323422,3152.3877586506696,22982.003825421667,11502,0.9105746811137019,0.27323392077120046,16208,12610,0.71,0.8875878220140515,7665,1,0,0,0,1,1
156189,Alice Lloyd College,37.335087,8646.743833017077,5514.941176470588,NA,4229.193548387097,82219.0284629981,527,0.35818782444549313,0.26745718050065875,12000,7390,0.65,1,10946,1,0,0,0,0,1
156213,Asbury University,37.862029,14491.315170278638,9817.748606811145,NA,3938.895975232198,30412.757894736842,1615,0.7744227353463587,0.30160550458715596,32084,8340,0.81,1,23914,1,0,0,0,0,1
156286,Bellarmine University,38.219279,19422.61126849229,11916.658482845452,NA,5725.915643689014,21046.42492917847,3177,0.8550141911069064,0.1640387275242047,42970,9420,0.84,1,35849,1,0,0,1,1,1
156295,Berea College,37.57202,2570.7329512893984,16327.188538681949,NA,6652.699713467049,683139.3008595989,1745,0.33006912442396313,0.5898778359511344,42900,7484,0.87,1,51795,1,0,0,0,0,1
156356,Brescia University,37.769041,11190.939975990395,7208.876350540216,NA,4522.87274909964,16222.681872749099,833,0.53125,0.12054001928640308,26000,10204,0.71,1,23845,1,0,0,1,0,1
156408,Centre College,37.645709,19278.528901734106,18894.083815028902,NA,8673.856213872832,233821.7803468208,1384,0.6797818465134398,0.2160458452722063,46000,11600,0.89,1,38676,4,0,0,1,0,1
156541,University of the Cumberlands,36.737048,9038.18241976398,3386.4197639792656,NA,1126.4224109407742,9470.609462887394,9067,0.8502526412494258,0.331172339276067,9875,9300,0.66,0.9978813559322034,10443,1,0,0,1,1,1
156620,Eastern Kentucky University,37.740845,6940.601440576231,8312.598289315727,84.29269207683073,1808.4555822328932,5159.953181272509,13328,0.9834505585436492,0.34960033655868744,19724,9410,0.79,0.9965635738831615,11070,1,0,0,0,0,1
156745,Georgetown College,38.207615,10361.651263537906,6352.605776173285,NA,5060.483032490974,30111.503249097474,1385,0.7452966714905933,0.23349514563106796,40210,10990,0.71,1,40934,1,0,0,1,0,1
157030,Kentucky Mountain Bible College,37.603443,7355.876923076923,2952.6923076923076,NA,230.2,54122.21538461538,65,0.48214285714285715,0.5185185185185185,8850,5190,1,1,7123,1,0,0,1,0,0
157058,Kentucky State University,38.201427,7777.28407557355,7690.535087719299,6773.237516869096,5655.7442645074225,11966.628879892038,1482,0.9323497661029148,0.18371285218062525,11550,6690,0.78,1,9604,1,0,0,0,0,1
157076,Kentucky Wesleyan College,37.744489,11204.711684370259,5275.312594840668,NA,7635.889226100152,55777.10470409712,659,0.6722997795738428,0.22295081967213115,28400,10850,0.66,0.994535519125683,17910,1,0,0,1,0,1
157085,University of Kentucky,38.038911,14048.541328745801,13816.177603014663,12751.130498894077,1922.907184402392,54662.50118784304,24414,0.9401244526388569,0.23146695430476563,30245,14000,0.86,0.9853971962616822,14307,1,0,0,0,1,1
157100,Kentucky Christian University,38.338805,9015.339047619047,4732.899047619047,NA,2917.527619047619,12055.226666666667,525,0.5768217734855136,0.3074581430745814,21530,8840,0.6,1,14740,1,0,0,1,0,0
157289,University of Louisville,38.216862,13169.867813654813,17862.72490458593,9326.528139577149,2105.833888653299,43151.085963530626,16507,0.7469427369783241,0.23345460845460844,28520,9852,0.81,0.9948497854077253,11318,1,0,0,0,1,1
157377,Midway University,38.146126,12130.036097560976,5606.59512195122,NA,4094.4058536585367,28710.47804878049,1025,0.7774451097804391,0.3042362002567394,24500,8600,0.67,1,18614,1,0,0,1,0,1
157386,Morehead State University,38.186768,4984.624490904154,7213.6193320662505,296.634808579962,2854.494705403204,5686.274232962259,7366,0.8982952903785033,0.19041492441299454,13726,10040,0.76,0.9867310012062727,10825,1,0,0,0,0,1
157401,Murray State University,36.612419,8606.88094937508,8800.117409418002,430.9885115515718,2851.295795985355,10901.649791692967,7921,0.851596675415573,0.1791447283934763,17316,9868,0.81,0.9837133550488599,10569,1,0,0,0,0,1
157447,Northern Kentucky University,39.029714,9338.524590163934,8900.455373406194,170.21857923497268,3345.6284153005463,9587.613843351548,10980,0.8029230073828537,0.3171326702946144,20064,11454,0.75,0.9984375,12812,1,0,0,0,1,1
157748,The Southern Baptist Theological Seminary,38.248216,8798.0531102219,4892.405238268461,NA,2599.5249181520553,31490.898508548562,2749,0.8028169014084507,0.6771929824561403,11400,7450,0.82,NA,NA,1,0,0,1,1,0
157757,Spalding University,38.242407,17152.819635962493,8608.631549917263,146.97407611693325,2703.8279095421954,11692.637617209046,1813,0.897841726618705,0.16666666666666666,26400,8266,0.66,1,17327,1,0,0,1,1,1
157809,Thomas More University,39.022963,12762.363636363636,5706.912478825522,NA,4597.499153020892,13842.303783173349,1771,0.9643255295429208,0.15067437379576107,33060,9688,0.68,1,28067,1,0,0,1,0,1
157818,Transylvania University,38.052983,15271.499127399651,9852.331588132634,49.41884816753927,7163.024432809773,152396.6212914485,1146,0.9196811771919068,0.19266666666666668,40800,12200,0.79,1,33281,4,0,0,1,0,1
157863,Union College,36.870875,9585.424962852898,3675.30014858841,NA,3811.0765230312036,16836.79940564636,1346,0.5643153526970954,0.3431372549019608,27119,6700,0.62,0.68,16680,1,0,0,1,0,1
157951,Western Kentucky University,36.985035,8563.709840578782,9109.61649273321,573.138421153723,2717.6618221397016,1039.64415135412,15619,0.9848380427291523,0.3963610916724983,27000,10708,0.77,0.9970436067997044,10882,1,0,0,0,0,1
158477,Centenary College of Louisiana,32.483335,12393.198387096774,11495.804838709677,NA,9258.93064516129,213612.1935483871,620,0.6312785388127854,0.2423146473779385,38060,13940,0.76,1,34470,1,0,0,1,0,1
158802,Dillard University,29.996587,12150.821651090342,10727.770249221183,NA,4495.926791277258,75495.7507788162,1284,0.5521978021978022,0.09540532630962834,17410,10466,0.7,0.9900662251655629,14403,1,0,0,1,0,1
159009,Grambling State University,32.523797,5018.361240968976,3987.678283042924,247.5135996600085,1243.9079898002549,1539.912664683383,4706,0.31136008337675875,0.3138075313807531,5140,10990,0.77,1,8504,1,0,0,0,1,1
159382,Louisiana State University-Alexandria,31.178616,5587.139849026619,5657.573301549463,6.157727453317442,1042.615812475169,7413.18077075884,2517,0.5828607435412728,0.22162162162162163,4984,9500,0.6,0.961764705882353,7641,1,0,0,0,0,0
159391,Louisiana State University and Agricultural & Mechanical College,30.414986,12601.586470348255,13176.010458776842,9641.84326669881,1354.3441011756852,20705.534547342653,26963,0.7085965919969366,0.27193422627089203,8038,13154,0.86,0.9822380106571936,14561,1,0,0,0,1,1
159416,Louisiana State University-Shreveport,32.428465,7690.344859596194,6575.298213042469,162.23764214434902,889.8584358319796,6106.0338825713625,4309,0.9073446327683616,0.38107098381070986,5656,8783,0.62,0.9390243902439024,10403,1,0,0,0,1,1
159568,Louisiana College,31.324528,10242.611711711712,6927.792792792793,NA,4584.192792792793,34131.13873873874,1110,0.7608926673751328,0.36312849162011174,17850,6300,0.61,0.9894179894179894,12820,1,0,0,1,0,1
159647,Louisiana Tech University,32.528297,11581.584860676501,8180.342124869617,3680.5489494859185,1095.015347936224,10730.800178810907,6711,0.6583376488865873,0.367944936086529,13142,9210,0.81,0.9792682926829268,11619,2,0,0,0,1,1
159656,Loyola University New Orleans,29.936141,18292.41877256318,15109.944207417131,314.735805710535,4522.152937315393,74881.52280932064,3047,0.7826961770623743,0.15904027420736933,41698,13992,0.83,1,38332,1,0,0,1,0,1
159717,McNeese State University,30.178187,6332.998038919897,4553.119324181626,60.83149796349374,844.5077688942525,3024.6987479257805,6629,0.6875721431319738,0.5707890318970341,13185,9344,0.72,0.9232704402515723,9587,1,0,0,0,0,1
159939,University of New Orleans,30.027704,8860.72865035517,6287.533385951066,1625.0771902131019,1419.255722178374,3492.8479873717442,6335,0.8057873246937689,0.2535800837188808,10926,11496,0.7,0.9708333333333333,10880,1,0,0,0,1,1
159966,Nicholls State University,29.794486,6515.2133712660025,6028.2876955903275,259.1317567567568,1412.0385846372687,1523.532894736842,5624,0.9718504845408399,0.45489078822412155,6015,10408,0.75,0.9195612431444241,8631,1,0,0,0,0,1
159993,University of Louisiana at Monroe,32.527748,8516.989684644857,7060.887120542293,1129.4770114942528,1612.4515178308282,4627.455643972885,6786,0.6988877654196157,0.3298611111111111,17888,9390,0.74,0.9637155297532656,10840,1,0,0,0,1,1
160038,Northwestern State University of Louisiana,31.750666,6183.719652500587,5144.257337403146,24.552242310401503,1048.5536510918055,1979.4144165297018,8518,0.9628143392188336,0.36093359266462904,15968,9929,0.76,0.9200887902330743,8410,1,0,0,0,1,1
160065,University of Holy Cross,29.912003,14993.188453159042,8363.165577342048,NA,1309.9117647058824,33307.63834422658,918,0.75,0.06161616161616162,14160,8957,0.67,1,8179,1,0,0,1,1,0
160074,Franciscan Missionaries of Our Lady University,30.401379,18027.922233300098,9868.470588235294,611.0658025922233,3262,12419.453639082752,1003,0.5452793834296724,0.36395759717314485,13812,NA,0.8,0.9761904761904762,9819,1,0,0,1,0,0
160612,Southeastern Louisiana University,30.514652,6391.855345911949,5957.012578616353,146.04070580013976,1038.2579489867226,1571.7779524807827,11448,0.9893503727369543,0.40007176175098674,18255,9430,0.72,0.9197465681098205,9397,1,0,0,0,1,1
160621,Southern University and A & M College,30.524558,6277.21522641169,5833.965722532925,1171.218654158398,1406.0270611582175,1697.6200613386252,5543,0.5888200210501696,0.3213505461767627,4973,9366,0.6,0.9193786982248521,6782,1,0,0,0,1,1
160630,Southern University at New Orleans,30.026162,4812.513579049467,4796.66731328807,220.2521823472357,1794.9185257032009,1460.6818622696412,2062,0.7928679817905918,0.10622009569377991,13384,9040,0.42,1,2687,1,0,0,0,0,0
160658,University of Louisiana at Lafayette,30.212191,9621.299390082206,7344.691063378415,3885.695836648104,1213.8963139750729,10154.082206311323,15084,0.7834566240753195,0.330226854690374,19135,11784,0.79,0.9278350515463918,9949,1,0,0,0,1,1
160755,Tulane University of Louisiana,29.940069,31892.244723483836,29300.739157538515,13196.900881645739,7622.762489981298,123249.35221301985,11229,0.09632070291048875,0.46225769669327255,56684,16778,0.92,0.8941877794336811,35350,1,0,0,0,1,1
160904,Xavier University of Louisiana,29.964162,23582.82025316456,11304.167088607595,4101.286075949367,4517.2877637130805,73631.89198312236,2370,0.9540684410646387,0.15765981189223657,23411,10302,0.77,1,20626,1,0,0,1,1,1
160959,College of the Atlantic,44.395258,42084.57530120482,15193.551204819278,NA,5291.909638554217,172823.56626506025,332,0.6114285714285714,0.2897196261682243,42993,9747,0.89,1,32170,3,0,0,0,0,1
160977,Bates College,44.105299,162790.36893203884,81764.49708737864,2780.7902912621357,34870.18252427185,612774.772815534,515,0.17311108074873616,0.43646408839779005,59062,16658,0.9,0.9565217391304348,48529,4,1,0,0,0,1
161004,Bowdoin College,43.907134,31595.356550580433,31762.29961304588,1302.377003869541,18635.157545605307,900035.9270315091,1809,0.08815013404825738,0.6289537712895377,57776,15898,0.86,1,57777,1,1,0,0,0,1
161086,Colby College,44.564211,31197.275716298733,23257.867543447628,1131.98684828558,14157.820573038985,388921.0859558478,2129,0.08873052910386581,0.47405828002842926,58640,15745,0.91,0.9444444444444444,62158,4,0,0,0,0,1
161226,University of Maine at Farmington,44.666911,6094.522019334049,11716.433941997851,352.3093447905478,3396.8850698174006,7625.134264232009,1862,0.9668578712555768,0.22742254449571522,19830,10336,0.72,0.9951456310679612,10074,1,0,0,0,0,1
161235,University of Maine at Fort Kent,47.250389,6098.3772819472615,6535.496957403651,164.3002028397566,3216.0243407707912,4102.434077079108,986,0.99875,0.12390488110137672,11760,9120,0.68,0.9655172413793104,6249,1,0,0,0,0,1
161253,University of Maine,44.899257,11226.342578165575,10095.045185416018,7995.637270177625,2988.1583047678405,33554.587722031785,9627,0.9645840294019379,0.1605126428818843,33240,11712,0.78,0.9875706214689266,8411,1,0,0,0,1,1
161299,Maine Maritime Academy,44.389654,19910.403041825095,11141.644486692016,406.49334600760454,4947.277566539924,23693.307984790874,1052,0.5770964833183048,0.3234375,26170,10910,0.77,0.8217821782178217,7755,1,0,0,0,0,1
161341,University of Maine at Presque Isle,46.672285,4593.993325917686,7716.3515016685205,112.34705228031146,4417.130144605117,1498.3314794215796,899,0.99875,0.20275344180225283,11760,9010,0.71,0.967391304347826,7769,1,0,0,0,0,1
161457,University of New England,43.458591,28762.68493150685,13448.465753424658,867.0462328767123,3952.519178082192,6440.716438356164,5840,0.8998950682056663,0.13875932835820895,38420,15650,0.75,1,21811,1,0,0,0,1,1
161509,Maine College of Art & Design,43.655743,19057.036,12399.442,NA,2868.506,16226.444,500,0.7207207207207207,0.21666666666666667,37960,13640,0.64,1,21067,1,0,0,0,0,1
161518,Saint Joseph's College of Maine,43.826314000000004,12717.437209302325,7263.581395348837,NA,4907.798837209302,6715.3552325581395,1720,0.8057607090103397,0.19065077910174152,39986,14936,0.73,1,27293,1,0,0,1,0,1
161554,University of Southern Maine,43.662863,8891.441211502468,9297.430661902332,1597.4136464182407,2999.1492257954737,6245.873745108049,5877,0.8699277376320178,0.1906283280085197,22041,10338,0.7,1,8873,1,0,0,0,1,1
161572,Unity College,44.603165,17539.021978021978,6524.667582417583,NA,5850.1057692307695,20136.251373626375,728,0.9142266620737168,0.09193669932177845,11280,10900,0.42,0.7815126050420168,2660,5,0,0,0,0,1
161873,University of Baltimore,39.305834,14782.338961851157,14282.542213883677,4071.2711069418388,3590.1932457786115,15663.214509068168,3198,0.8943396226415095,0.27848101265822783,20340,NA,0.78,1,7980,1,0,0,0,1,1
162007,Bowie State University,39.018185,5159.085381872772,9265.637830737474,101.2218052167386,2068.7888909739163,1857.6231938449992,5329,0.8704298915226999,0.21070851603969537,16500,12458,0.77,0.8430583501006036,8458,1,0,0,0,1,1
162061,Capitol Technology University,39.046673,22196.555555555555,6320.869791666667,NA,6509.763888888889,8021.378472222223,576,0.46543778801843316,0.22277227722772278,25830,12754,0.8,1,15313,1,0,0,0,1,0
162210,Washington Adventist University,38.986349,14910.441860465116,11092.435517970402,NA,3953.686046511628,3606.1162790697676,946,0.617545871559633,0.051996285979572884,23400,10098,0.67,1,15614,1,0,0,1,0,1
162283,Coppin State University,39.311258,2017.685601056803,10762.469396741524,231.964773227653,2631.3725231175695,4841.468956406869,2271,0.4791836734693877,0.15076660988074958,11266,11141,0.65,0.963963963963964,10145,1,0,0,0,0,1
162584,Frostburg State University,39.650918,5983.80820752711,8776.921114182436,81.0467786519243,1397.5283861365085,5803.227301722305,4703,0.8605085141124329,0.1591217132014096,21320,11648,0.74,0.9515669515669516,9217,1,0,0,0,1,1
162654,Goucher College,39.410175,15940.376569037657,13486.23849372385,72.59571129707113,5494.2468619246865,112406.37656903766,1912,0.8234214390602056,0.11769950958537673,48000,15500,0.7,1,38525,1,0,0,0,0,1
162760,Hood College,39.420631,15101.21625163827,10088.132372214941,NA,4894.350589777196,65344.576671035386,1526,0.7678571428571429,0.13219094247246022,42510,13200,0.75,1,38081,1,0,0,0,1,1
162928,Johns Hopkins University,39.328977,27129.85661249072,85518.60407557132,124423.6036630641,5445.095289167561,172861.9777246102,24242,0.07521194483107681,0.477792732166891,58720,16800,0.97,0.9613259668508287,57595,1,0,0,0,1,1
163046,Loyola University Maryland,39.346358,24845.87979837146,13099.461031407522,286.66556804963164,6319.555641721598,44232.53664210934,5158,0.8421279345250915,0.12199488491048593,52130,16100,0.87,1,38316,1,0,0,1,1,1
163268,University of Maryland-Baltimore County,39.256686,9863.792490987425,11855.740789589378,6513.060757935461,2191.94073683285,9250.149652686187,11373,0.8119534841792121,0.22782280448540024,25068,12600,0.87,0.6848049281314168,7864,4,0,0,0,1,1
163286,University of Maryland-College Park,38.988178,14978.109258784303,15241.30802769941,13059.453991051836,1785.6283377504203,17668.048901427715,35091,0.5202757906063806,0.23256348385614156,36683,13348,0.95,0.7292576419213974,10191,1,0,0,0,1,1
163295,Maryland Institute College of Art,39.308792,29023.294865970012,15974.891412994093,NA,2275.412539754657,41244.90686051795,2201,0.8574690150032616,0.11829593001141119,50160,14770,0.66,1,29974,1,0,0,0,0,1
163338,University of Maryland Eastern Shore,38.207386,4883.349004804392,15554.348661633494,3509.216540837337,2281.751544269046,9910.352779684283,2914,0.819016393442623,0.07750200160128103,16145,10085,0.73,1,12630,1,0,0,0,1,1
163453,Morgan State University,39.344161,6881.17903930131,8754.17576419214,3478.562772925764,1129.3099072052403,4966.294759825328,7328,0.8710485736314572,0.17157188168473853,15949,11894,0.74,0.9988864142538976,11057,1,0,0,0,1,1
163462,Mount St. Mary's University,39.681705,17060.084618774792,8677.098281181137,NA,3950.110180696342,23067.601586602028,2269,0.8175324675324676,0.14085252846174212,43250,13960,0.75,1,37879,1,0,0,1,0,1
163578,Notre Dame of Maryland University,39.350612,20504.473147518696,13661.419442556084,NA,4245.19170632223,24550.248810333105,1471,0.6508810572687225,0.07614213197969544,38295,12565,0.65,1,34478,1,0,0,1,1,1
163851,Salisbury University,38.34648,7286.265863350853,8260.103832841944,205.3540571721574,1140.3385463402128,9188.251762594538,7801,0.864646989988298,0.18300751879699248,17678,12500,0.78,0.9427480916030534,7102,4,0,0,0,1,1
163912,St. Mary's College of Maryland,38.190904,10486.822960725076,15255.581873111783,236.7716012084592,5531.178851963747,21985.42598187311,1655,0.7733286908077994,0.1715443493921657,28192,13867,0.83,0.9717514124293786,11685,1,0,0,0,0,1
163976,St. John's College,38.981598,14451.933673469388,16050.275510204081,NA,7667.670068027211,164050.43537414967,588,0.531540847983454,0.2704280155642023,35000,13858,0.73,1,25215,1,0,0,0,0,0
164076,Towson University,39.393622,6946.248928749377,6880.2336821126055,272.046437468859,1340.4345789735924,4160.1893373193825,20070,0.8792183195592287,0.253794183883286,22152,13232,0.85,0.8798586572438163,11777,1,0,0,0,1,1
164173,Stevenson University,39.421988,16452.89069767442,10908.970930232557,NA,5548.112790697674,26135.61860465116,3440,0.9088241931843828,0.1559473553513782,35504,14170,0.8,1,29979,1,0,0,0,0,1
164216,Washington College,39.217329,20706.244897959183,14863.609693877552,NA,8551.30357142857,144720.693877551,1568,0.6985827860352575,0.12864918357248886,48678,14006,0.79,1,54821,1,0,0,0,0,1
164270,McDaniel College,39.584231,14490.78947368421,10060.526315789473,78.94736842105263,4801.754385964912,57910.087719298244,2280,0.8667729446595308,0.13163426169206516,46336,12302,0.75,1,41234,4,0,0,0,0,1
164447,American International College,42.112346,16791.179613645705,7448.748869708179,NA,5308.168105219893,8014.965885737773,2433,0.8497256226255804,0.16989567809239942,39370,14800,0.7,1,29641,1,0,0,0,1,1
164465,Amherst College,42.372459,27540.80288214102,30709.09933093155,2737.2933607822956,17130.884199691198,1223642.449819866,1943,0.08743481677262661,0.4207516339869281,60700,16100,0.91,1,55025,1,0,0,0,0,1
164492,Anna Maria College,42.330542,15012.791318864774,5175.045075125208,NA,5352.991652754591,4301.219532554257,1198,0.7284636760619293,0.10190735694822889,37658,15324,0.65,1,31468,1,0,0,1,0,1
164562,Assumption University,42.294226,15635.917194761301,10019.077313054499,NA,5077.585551330799,45812.941275876634,2367,0.8648581383773022,0.11942446043165468,45100,14068,0.83,1,31441,1,0,0,1,0,1
164580,Babson College,42.297017,34365.08306364617,15388.450916936354,523.6367313915857,8229.507011866235,113786.44228694715,3708,0.25351914414414417,0.3609106052193226,54944,18234,0.92,0.8679245283018868,41366,1,0,0,0,0,1
164632,Bay Path University,42.055088,15640.309090909092,7442.364935064935,NA,4382.795454545455,16421.863636363636,3080,0.7540777917189461,0.19800332778702162,35781,12799,0.7,1,29592,1,0,0,0,0,1
164739,Bentley University,42.385995,30307.116757410768,15503.730590844929,486.1867311958056,7671.5063520871145,58397.86408550111,4959,0.6093867468585544,0.17959111737751146,54910,18130,0.92,1,35203,1,0,0,0,1,1
164748,Berklee College of Music,42.346646,27167.001461560947,18631.25255773166,NA,3283.1289096755336,53358.04033908214,6842,0.5517478667767685,0.4257919680718384,45468,18826,0.75,0.7965116279069767,17720,1,0,0,0,0,1
164924,Boston College,42.336213,36360.9831387808,26108.13878080415,3563.523670557717,5239.131809338522,203928.88197146563,12336,0.1904080710736335,0.33161987610386184,60530,15602,0.93,0.8200620475698035,41470,1,0,0,1,1,1
164988,Boston University,42.351118,36078.80734908136,34653.25131233596,6620.941601049869,2901.2893700787404,71498.9186351706,30480,0.1864525323972657,0.28388420978130086,58560,16840,0.92,0.9202297383535418,51684,1,0,0,0,1,1
165015,Brandeis University,42.365727,24211.529237601775,18769.878608438194,7411.458179126573,5361.344781643227,154905.43893412288,6755,0.39138423846467946,0.24595722483046425,59408,16450,0.9,1,43903,1,0,0,0,1,1
165024,Bridgewater State University,41.98749,9900.919346552964,7668.582143224083,NA,2454.2541867872187,5372.35425870749,9733,0.863754081747551,0.18015904054230217,7050,13832,0.76,0.7737642585551331,6111,1,0,0,0,0,1
165334,Clark University,42.249987,20544.401544401546,14034.105534105534,2526.705276705277,4512.548262548263,140562.85199485198,3108,0.48030916451969086,0.12899106002554278,49950,10150,0.87,0.9607250755287009,32452,1,0,0,0,1,1
165529,Curry College,42.238061,19414.3078125,12490.75,NA,8100.27890625,39127.0875,2560,0.8031587057010786,0.1237410071942446,41240,16555,0.65,1,30924,1,0,0,0,0,1
165574,Dean College,42.085634,18069.01417848207,8542.314428690575,NA,6940.89574645538,37744.42368640534,1199,0.7359870024370431,0.08967991169977925,42146,18090,0.71,1,30178,1,0,0,0,0,1
165644,Eastern Nazarene College,42.271228,9620.327102803738,6032.818424566088,NA,4716.879839786382,26099.81842456609,749,0.64075382803298,0.17830882352941177,29706,10296,0.66,1,19927,1,0,0,1,0,1
165662,Emerson College,42.352202,30703.333333333332,12822.382478632479,780.1324786324786,5066.396581196581,36673.958974358975,4680,0.4528008298755187,0.20198549064528445,50360,19144,0.8,0.9155405405405406,26311,1,0,0,0,0,1
165671,Emmanuel College,42.340602,16705.645714285714,8468.899047619048,NA,5745.138095238095,65385.68380952381,2100,0.7388010540184453,0.09919750334373607,43152,16242,0.74,1,31466,1,0,0,1,0,1
165699,Endicott College,42.553296,15368.955531686359,7134.201503759398,NA,3317.34156820623,19059.474973147153,4655,0.7721068249258161,0.20573917499359468,35764,16534,0.83,0.9843478260869565,19011,1,0,0,0,1,1
165820,Fitchburg State University,42.588298,7302.532421947164,9102.414927027527,22.181969333087014,2749.9530759283207,2791.4398669868833,5413,0.8526654950205038,0.194778426657506,7050,11490,0.77,0.8247126436781609,6598,1,0,0,0,0,1
165866,Framingham State University,42.297116,6790.178103315343,6600.135697764071,21.678296067848883,2637.279491133385,8064.758673862761,5188,0.8379910103576315,0.13526119402985073,7050,13040,0.69,0.8767772511848341,8503,1,0,0,0,0,1
165936,Gordon College,42.590567,17348.59542796385,10462.92610313663,183.0233918128655,6790.651780967571,30202.19245082403,1881,0.774281805745554,0.28003533568904593,25250,11700,0.84,1,18623,1,0,0,1,0,1
166018,Hampshire College,42.325852,22674.72593800979,16604.32137030995,2694.227569331158,6874.242251223491,47598.40783034258,1226,0.7514925373134328,0.1320754716981132,51000,14432,0.74,1,47210,1,0,0,0,0,1
166027,Harvard University,42.374471,37380.92307692308,50699.85153083745,44533.96733678424,8181.81453392721,1574324.3330524457,24921,0.040113522306441,0.8416738567730803,51143,18941,0.76,0.9330708661417323,61792,1,1,0,0,1,1
166054,Hellenic College-Holy Cross Greek Orthodox School of Theology,42.317018,11654.870466321243,16244.79792746114,NA,8575.20207253886,110342.97409326425,193,0.7567567567567568,0.08928571428571429,21940,16192,0.69,1,11520,1,0,0,1,0,1
166124,College of the Holy Cross,42.23752,30557.373684210525,21880.30789473684,309.8332236842105,13390.85,257634.04210526316,3040,0.42874730686365037,0.2946877243359655,55800,16080,0.89,0.8329466357308585,34976,1,0,0,1,0,1
166391,Lasell University,42.342148,18927.411586901762,8426.750629722921,91.88866498740555,5629.291183879093,20861.519395465995,1985,0.8505882352941176,0.1396957123098202,40350,16500,0.81,1,32499,1,0,0,0,0,1
166452,Lesley University,42.38012,19360.584717607973,11320.093023255815,NA,5596.7320044296785,52627.960132890366,3612,0.8694765465669613,0.10946051602814699,29200,16570,0.67,1,17732,1,0,0,0,1,1
166489,Longy School of Music of Bard College,42.378657,27474.058510638297,13988.29255319149,NA,2729.436170212766,37146.414893617024,188,0.8921568627450981,0.12087912087912088,47700,NA,1,1,30295,1,0,0,0,0,0
166513,University of Massachusetts-Lowell,42.652864,13414.876033057852,11889.18732782369,4380.64738292011,3399.793388429752,6318.112947658402,14520,0.8456735772032338,0.1805016564126834,33004,13570,0.84,0.8292282430213465,9420,1,0,0,0,1,1
166629,University of Massachusetts-Amherst,42.385999,13901.52843677752,17885.96051929575,5187.288635959452,2730.526195980793,11974.496745509514,28115,0.6553126469205454,0.17476772966962012,36316,13595,0.89,0.8448905109489051,10509,1,0,0,0,1,1
166638,University of Massachusetts-Boston,42.312881,14239.663093415007,15314.012251148546,3662.480857580398,2626.0336906584994,6500,13060,0.7889885857291095,0.17375831657125174,34649,18134,0.76,0.9293655984303466,11304,1,0,0,0,1,1
166656,MCPHS University,42.336825,39782.88368819286,15375.007918352983,16.770719690304418,3759.4506422664085,179506.32834770367,5683,0.9770945109368552,0.155649419218585,34700,18950,0.82,1,19063,1,0,0,0,1,1
166674,Massachusetts College of Art and Design,42.336862000000004,13755.997862105825,13237.74024585783,NA,3366.952966328167,9485.07963655799,1871,0.7866831072749692,0.20219435736677116,26630,14800,0.73,1,8809,1,0,0,0,0,1
166683,Massachusetts Institute of Technology,42.359243,26102.943841782893,67948.26950040588,108641.94524389344,7089.36609844292,1210244.751236071,13551,0.041064981949458484,0.8622710622710623,55510,18100,0.98,0.9014084507042254,56682,4,0,0,0,1,1
166692,Massachusetts Maritime Academy,41.739072,11049.392943450943,9160.991783470276,NA,4101.127597873368,10981.642339294345,2069,0.9008341056533827,0.33024691358024694,16534,13578,0.87,0.8851674641148325,8423,1,1,0,0,0,1
166850,Merrimack College,42.668344,18810.50353800502,8752.467473179639,151.3843871262269,6416.266605797763,13350.372974206803,4381,0.8030491897593249,0.11546268656716419,43842,15408,0.84,1,28926,1,0,0,1,0,1
166939,Mount Holyoke College,42.256838,20800.645892351276,22648.615944961555,1398.1161473087818,7807.76365843788,314746.6904087414,2471,0.5230420548980106,0.2927298988926336,56300,16580,0.81,1,43607,1,0,0,0,0,1
167057,The New England Conservatory of Music,42.340946,36583.71501272265,30838.79643765903,NA,5923.62213740458,158252.68193384225,786,0.4327731092436975,0.21844660194174756,52730,18060,0.82,1,43082,1,0,0,0,1,0
167260,Nichols College,42.044033,15324.073974445191,4703.476798924008,NA,7282.494283792871,10368.065904505716,1487,0.8476972184222527,0.1699838622915546,36050,13950,0.72,1,24343,1,0,0,0,0,1
167288,Massachusetts College of Liberal Arts,42.691361,6494.730974632844,12419.441922563417,NA,4756.868491321762,8556.434579439252,1498,0.9095550692924872,0.1339214113873296,9975,12284,0.72,0.8585858585858586,7530,1,0,0,0,0,1
167358,Northeastern University,42.339992,40843.679537880475,19921.617418351478,6875.4054654521215,5834.259053543657,37669.67482781604,22505,0.18378874063048217,0.32569238556656305,56500,17810,0.97,1,49632,1,0,0,0,1,1
167394,College of Our Lady of the Elms,42.141781,14566.486079759217,8538.113619262604,NA,2758.905191873589,6859.2362678705795,1329,0.6792332268370607,0.17309501411100658,37605,14395,0.79,1,28218,1,0,0,1,0,1
167598,Regis College,42.351291,18794.974309258363,11032.040717401842,NA,5034.886088221037,19928.19777023752,2063,0.8905899925317401,0.09643605870020965,44809,16587,0.8,1,31910,1,0,0,1,0,1
167729,Salem State University,42.503575,9151.070770849776,8707.343856879768,NA,2524.2315180215733,3220.9055511707447,7602,0.9001113408620964,0.1659303763915886,7050,14590,0.74,0.9940209267563528,8976,1,0,0,0,0,1
167783,Simmons University,42.3393,23725.67920792079,19240.526402640266,50.27706270627063,1800.1094059405941,32155.015181518153,6060,0.8353242320819113,0.1372148450800136,41872,15892,0.84,0.9967948717948718,39167,1,0,0,0,1,1
167792,Bard College at Simon's Rock,42.208803,26640.6592039801,20786.373134328358,NA,9958.437810945274,2734.7512437810947,402,0.8009259259259259,0.6416184971098265,59518,16618,0.75,0.9827586206896551,46875,1,0,0,0,0,1
167835,Smith College,42.318111,21308.012720439434,25065.414859786066,930.0187915582538,8438.110436542353,542090.9534547557,3459,0.2991424802110818,0.37265711135611906,55830,19420,0.77,0.9326923076923077,47351,1,0,0,0,1,1
167899,Springfield College,42.1022,18105.027918781725,11367.644670050762,NA,4729.956218274112,24753.779187817257,3152,0.7690150718541886,0.2310847766636281,39170,13320,0.85,1,29039,1,0,0,0,1,1
167987,University of Massachusetts-Dartmouth,41.62869,11183.448078026391,14008.605851979346,2252.8686173264487,3323.866896156053,7866.790590935169,6972,0.9222096956031567,0.17182830752512904,29578,15975,0.71,0.9793253536452666,9898,1,0,0,0,1,1
167996,Stonehill College,42.05905,19674.47142857143,13711.869047619048,230.8765873015873,7386.548412698413,83894.60952380953,2520,0.7200443274691786,0.12312427856868026,47808,17034,0.86,1,35561,1,0,0,1,0,1
168005,Suffolk University,42.357945,28044.75893437297,11058.575373619233,157.2063027940221,4678.319688109162,40470.58349577648,6156,0.8802826289828023,0.1487202786612146,41242,18496,0.73,1,32045,1,0,0,0,1,1
168148,Tufts University,42.40855,37975.73180952381,25816.742857142857,14801.88,3090.3363809523808,175805.3302857143,10500,0.11430219885890121,0.5047672462142456,61646,16210,0.92,0.8890784982935154,46491,1,0,0,0,1,1
168218,Wellesley College,42.291554,21582.781456953642,35201.986754966885,4242.0897718910965,14330.389992641649,774544.5298013245,2718,0.16181652094479967,0.48870967741935484,60424,18288,0.93,1,58038,1,0,0,0,0,1
168227,Wentworth Institute of Technology,42.336632,18574.539509536786,9827.122196604485,NA,3641.2475372039403,23608.040243135612,4771,0.8954236353611469,0.1882183908045977,37050,15420,0.8,1,19085,1,0,0,0,0,1
168254,Western New England University,42.115017,24239.16143642834,13616.414105467486,NA,5411.177288903267,21684.597864768682,3091,0.8926078680203046,0.13915052425804159,37700,14430,0.78,0.9830985915492958,24796,1,0,0,0,1,1
168263,Westfield State University,42.132698,8470.076506550218,8997.587423580786,NA,3004.258864628821,1619.955458515284,5725,0.943510608983191,0.23422897196261683,7050,12197,0.73,0.9694323144104804,6685,1,0,0,0,0,1
168281,Wheaton College (Massachusetts),41.966637,19984.137479541736,16129.965084560828,144.72613202400436,8202.42225859247,115592.43207855974,1833,0.8206229860365198,0.1613219895287958,57700,14670,0.87,0.9875,42212,1,0,0,0,0,1
168342,Williams College,42.712725,32161.96261682243,48057.90654205607,NA,17691.02336448598,1227227.3943925234,2140,0.08825891423064568,0.5222929936305732,59350,15000,0.9,0.88268156424581,51311,4,1,0,0,0,1
168421,Worcester Polytechnic Institute,42.274853,25795.29695507989,18698.37202291227,4055.6225504974373,3766.355140186916,78328.46065722038,6634,0.6021456905878111,0.21110944752208413,54640,16140,0.95,1,29742,1,0,0,0,1,1
168430,Worcester State University,42.267526,6882.936745359524,8535.443503333934,NA,2624.1625518111373,3164.641196612002,5549,0.8932095182820662,0.24561403508771928,7050,12568,0.8,0.8092592592592592,5470,1,0,0,0,0,1
168528,Adrian College,41.898591,14136.039481801357,8990.904380012338,NA,7005.949413942011,22644.044417026525,1621,0.7598684210526315,0.2756132756132756,38032,12590,0.66,1,31586,1,0,0,1,0,1
168546,Albion College,42.245049,12573.47181372549,12076.310049019608,303.33026960784315,8984.767769607843,106807.36274509804,1632,0.6927628584433319,0.10249671484888305,52570,12380,0.73,1,49474,1,0,0,0,0,1
168591,Alma College,43.38004,13488.661135928525,10667.81110402042,NA,8974.92150606254,79133.27377153798,1567,0.687757909215956,0.1595,43602,12138,0.83,1,35583,4,0,0,1,0,1
168740,Andrews University,41.963859,15180.094641614474,12841.073068893527,667.1259568545581,2059.4001391788447,19136.492693110646,2874,0.8151487826871056,0.2831858407079646,30552,8968,0.85,0.9929078014184397,18898,1,0,0,1,1,1
168786,Aquinas College,42.96019,13037.527199462727,7471.465413028878,NA,6437.979852249832,29326.745466756212,1489,0.8903631284916201,0.17098039215686275,35384,10264,0.72,1,29546,1,0,0,1,0,1
168847,Baker College,42.984804,9931.512794268168,7112.578187194359,NA,2682.919140225179,37707.372682815876,8793,0.40991839296924043,0.7274119448698315,12180,6400,0.61,0.9802955665024631,9982,1,0,0,0,1,0
169080,Calvin University,42.929916,16891.68735632184,12105.547892720306,762.1361430395913,5138.556321839081,41064.80715197956,3915,0.750627195183141,0.24598930481283424,37990,10800,0.87,1,28473,4,0,0,1,0,1
169248,Central Michigan University,43.591203,11048.09297086981,8805.210669124046,847.9899145036604,1525.212307377259,9316.18737521118,19533,0.7708052060268942,0.13381909899810832,12644,10920,0.8,0.9968173138128581,11447,1,0,0,0,1,1
169327,Cleary University,42.586638,12250.489795918367,5044.384044526902,NA,1398.6270871985157,2472.4879406307978,539,0.7586568730325288,0.2766251728907331,21630,12600,0.82,1,5005,1,0,0,0,0,0
169363,Concordia University Ann Arbor,42.273157,14926.985010706638,11241.401498929336,7.1038543897216275,6359.747323340471,13660.323340471092,934,0.628099173553719,0.23987854251012145,31660,11408,0.68,1,21887,1,0,0,1,0,1
169442,College for Creative Studies,42.361839,25977.783094098882,15050.854864433812,NA,4531.9776714513555,62167.79585326954,1254,0.538047138047138,0.34668335419274093,46170,8350,0.7,1,25025,1,0,0,0,0,1
169479,Davenport University,42.850013,18828.95037472149,5719.710350415232,NA,3113.3629734656674,5150.19323475795,4937,0.9826546003016591,0.17651573292402148,20064,10268,0.79,1,16399,1,0,0,0,0,1
169716,University of Detroit Mercy,42.414222,32988.95067264574,22047.211322869956,519.0924887892377,4155.571468609865,17727.811659192826,3568,0.9323562570462233,0.13663845223700122,30154,10240,0.86,1,23021,1,0,0,1,1,1
169798,Eastern Michigan University,42.251675,10637.934428261544,7458.03966532383,285.65726681127984,1072.2637744034707,4727.8720793306475,16135,0.8460527819033474,0.15610019580041862,13950,11704,0.72,0.9890463917525774,10613,1,0,0,0,1,1
169910,Ferris State University,43.687724,11602.04142759895,9767.568802878537,58.10045706505883,1829.9591558883594,7658.20636001167,10283,0.8477099236641221,0.15814948221521838,13188,10340,0.79,0.9624217118997912,12323,1,0,0,0,1,1
169983,Kettering University,43.012468,19892.6208,8809.1984,1384.6112,2734.7244,34621.1936,2500,0.8559369724254361,0.20052596975673898,43824,8400,0.93,1,24403,1,0,0,0,0,1
170037,Cornerstone University,42.979966,11713.491262135922,5141.128155339806,NA,4678.602912621359,5124.607281553398,2060,0.9131565262610505,0.214123006833713,27040,10310,0.86,1,18565,1,0,0,1,1,1
170082,Grand Valley State University,42.963001,12078.617971433738,8938.709094196347,361.56052250949193,1657.5816308081721,5776.578918821189,22124,0.916506438268368,0.24202161474888748,19628,9880,0.83,0.9818627450980392,9834,1,0,0,0,0,1
170286,Hillsdale College,41.933682,10059.915106951872,28469.27139037433,NA,8227.390374331551,446825.7540106952,1496,0.23680694722778892,0.5599435825105783,28730,12140,0.97,NA,NA,1,0,0,1,1,1
170301,Hope College,42.787247,19319.414147709565,11716.110937986912,2033.3437207852915,5306.949205359925,70319.7257712683,3209,0.923777564717162,0.20576024909185262,36300,11400,0.87,0.9978813559322034,25907,1,0,0,1,0,1
170532,Kalamazoo College,42.290789,17244.899587345255,16679.433287482807,NA,7335.998624484181,165745.5295735901,1454,0.7958208955223881,0.14328582145536384,53976,10932,0.83,1,46265,2,0,0,0,0,1
170639,Lake Superior State University,46.492849,7614.636664826063,9184.064605190502,297.03478741027055,1923.2269464384317,15389.91938155715,1811,0.7328909166321028,0.211092246745897,12912,11516,0.73,0.9590909090909091,10883,1,0,0,0,0,1
170675,Lawrence Technological University,42.474072,22740.71615720524,11159.280349344977,179.24017467248908,5731.031004366812,21991.205240174673,2290,0.8106777735706172,0.22185894441849602,36480,11055,0.77,0.9933993399339934,19142,1,0,0,0,1,1
170806,Madonna University,42.384323,14448.899747262005,8210.64700926706,NA,3289.9827295703453,17346.598146588036,2374,0.5225594749794914,0.39717425431711145,24900,11890,0.76,1,20579,1,0,0,1,1,1
170967,Rochester University,42.667521,12665.746739130434,4970.079347826087,150.48260869565217,4113.315217391304,4189.101086956522,920,0.9808917197452229,0.262987012987013,25462,9106,0.6,1,16247,1,0,0,1,0,1
170976,University of Michigan-Ann Arbor,42.275921,27427.823880169824,28547.798502122787,21935.934742164765,2821.5427181224063,279850.5343700806,41926,0.2015349309657274,0.4536120963225686,54769,12592,0.96,0.8488448844884489,15347,3,0,0,0,1,1
171100,Michigan State University,42.73212,20255.845403412142,19025.808107918874,10681.113263472354,1437.9738138026,77172.19091184913,42847,0.8325103693462375,0.2188612099644128,41290,10676,0.91,0.9503484320557491,9755,1,0,0,0,1,1
171128,Michigan Technological University,47.11866,15337.211403645428,11892.4106558654,10256.589811497119,2454.4609752297865,17955.083346315627,6419,0.8574804128839697,0.2145032632342277,39411,11655,0.86,0.987460815047022,15014,1,0,0,0,1,1
171137,University of Michigan-Dearborn,42.317287,12611.797752808989,10810.67415730337,643.3988764044943,1930.1966292134832,7818.258426966292,7120,0.6876627402355858,0.19545618463757664,27648,NA,0.82,0.9415204678362573,10225,1,0,0,0,1,1
171146,University of Michigan-Flint,43.01875,12605.062842981059,11493.892724375995,177.73057178261638,1885.8204992033989,20017.879270667374,5649,0.7386222332753046,0.165993265993266,23604,11594,0.72,0.9785714285714285,12620,1,0,0,0,1,1
171456,Northern Michigan University,46.559751,9196.385592587058,7744.137498131819,259.1282319533702,3113.3690031385445,2374.4083096697054,6691,0.712650694338471,0.3203426124197002,18008,11572,0.76,0.9453125,8571,1,0,0,0,0,1
171492,Northwood University,43.628717,15683.472327520849,6967.404094010614,NA,6437.166034874906,37705.04018195603,2638,0.8334817453250223,0.31303418803418803,29000,11440,0.79,0.9911894273127754,21496,1,0,0,0,1,1
171571,Oakland University,42.674573,12362.377164696047,8493.298101039054,807.4221306580675,2545.2571360324855,6075.866714439269,16746,0.9209018318459371,0.20656941752524738,24735,11192,0.79,0.9624885635864593,11055,1,0,0,0,1,1
171599,Olivet College,42.442891,12343.673684210526,6066.151196172249,NA,6612.906220095694,19816.072727272727,1045,0.885,0.20527306967984935,30032,10838,0.57,1,23079,1,0,0,1,0,1
171881,Kuyper College,43.02195,14119.5875,14558.825,419.39375,2222.6625,15358.45625,160,0.6886792452830188,0.2328767123287671,24630,8080,0.82,1,13578,1,0,0,1,0,1
172033,Sacred Heart Major Seminary,42.375248,16813.442148760332,12647.293388429753,NA,10328.053719008265,80619.37190082645,242,1,1,21512,11325,1,NA,NA,1,0,0,1,0,0
172051,Saginaw Valley State University,43.51176,9280.642430819316,7491.96039066739,173.15884427563753,2021.711475854585,11689.509495387954,7372,0.7780979827089337,0.29106753812636166,26144,11106,0.77,1,11305,1,0,0,0,0,1
172264,Siena Heights University,41.905624,11078.904810644832,6168.802968270215,NA,5324.881269191403,6974.3587512794265,1954,0.6844207723035952,0.26264591439688717,27500,11720,0.74,1,18512,1,0,0,1,0,1
172334,Spring Arbor University,42.206568,13313.579783393501,8060.928519855595,NA,3500.428880866426,6131.950902527075,2770,0.5994318181818182,0.218957345971564,30440,10456,0.78,0.9779005524861878,20552,1,0,0,1,0,1
172440,Finlandia University,47.127868,15444.284122562674,11316.92479108635,NA,9885.58495821727,22167.300835654598,359,0.7821350762527233,0.08844011142061281,23976,9386,0.46,0.9754098360655737,14624,1,0,0,1,0,1
172644,Wayne State University,42.358994,14450.285714285714,16248.05845084815,9756.89760882894,2321.8373186184344,20275.69997956264,19572,0.6325670245701864,0.28449442882432574,31060,11070,0.82,0.9807804309842749,11887,1,0,0,0,1,1
172699,Western Michigan University,42.282194,12672.569732937685,12163.766984226144,1058.7629756884794,1295.892446249154,21253.793950752253,19209,0.8280910199968174,0.13528055342044581,16668,10884,0.78,0.8832997987927566,7266,1,0,0,0,1,1
173045,Augsburg University,44.966307,16897.63371356147,10935.117237008872,NA,4958.278833967047,15278.749049429658,3156,0.7636879432624113,0.20096582466567608,40277,11222,0.73,1,31748,1,0,0,1,0,1
173124,Bemidji State University,47.482341,5484.422581400797,6651.440618411806,68.63434059498712,3444.3663621457017,6193.487936284844,4269,0.74951380785686506,0.27919045147898286,8690,9160,0.72,0.8575757575757575,5865,1,0,0,0,0,1
173142,Bethany Lutheran College,44.166649,11783.782679738562,13137.01797385621,NA,7655.419934640523,72320.73202614379,612,0.6148459383753502,0.4533029612756264,27980,8120,0.87,1,21741,1,0,0,1,0,1
173160,Bethel University,45.057655,17087.546403075234,9480.875892366832,NA,3306.668314113125,14555.267435475014,3642,0.8868292682926829,0.27722772277227725,39920,11150,0.85,1,25723,1,0,0,1,1,1
173258,Carleton College,44.462318,32689.62226640159,31121.025844930416,1844.4950298210736,8493.439363817097,436627.2445328032,2012,0.17548957675300064,0.39956803455723544,59850,15375,0.94,0.9735849056603774,47477,3,1,0,0,0,1
173300,Concordia College at Moorhead,46.862482,17758.816955684008,12850.184971098266,137.39499036608862,5653.556358381503,62131.36416184971,2076,0.7199576495500265,0.1738970588235294,27500,9300,0.84,1,17077,1,0,0,1,0,1
173328,Concordia University-Saint Paul,44.949759,12653.644165358452,5130.861329147044,NA,5413.368916797488,8564.587127158557,3822,0.6788732394366197,0.17071724955542383,23900,9900,0.68,1,15789,1,0,0,1,1,1
173452,Martin Luther College,44.30526,13819.159242761692,8382.824053452116,NA,5527.034521158129,15589.232739420935,898,0.9137055837563451,0.8388888888888889,16910,6680,0.88,1,7373,1,0,0,1,0,0
173647,Gustavus Adolphus College,44.323626,18443.08959276018,16129.382805429865,52.36787330316742,6572.834841628959,83119.19638009049,2210,0.7257172940247434,0.19985491476242292,49950,10700,0.88,1,38864,4,0,0,1,0,1
173665,Hamline University,44.966246,17401.753325272068,7793.153567110036,22.928657799274486,4330.490024183797,28110.048367593714,3308,0.764300022256844,0.13599301106581246,44428,10980,0.74,1,34288,4,0,0,1,1,1
173902,Macalester College,44.938565,23224.647567075943,19814.915870850386,886.3119599818099,10618.917689859027,350747.6198271942,2199,0.31262436435993807,0.21251768033946253,60288,13542,0.9,0.9898305084745763,46660,1,1,0,1,0,1
173920,Minnesota State University-Mankato,44.146712,6988.099749867354,7356.249526263928,233.0023497309179,2537.178806943076,4796.634578943379,13193,0.694796632518511,0.30846715328467156,17126,10198,0.79,0.7218831734960767,4012,1,0,0,0,1,1
174020,Metropolitan State University,44.957256,5240.308776640376,5875.314650109079,57.05655311293841,1406.6118476254405,948.1456620238295,5959,0.6661538461538462,0.3071593533487298,8281,NA,0.66,0.8817204301075269,6441,1,0,0,0,1,0
174066,University of Minnesota-Twin Cities,44.972851,15314.438353073887,17397.03666102651,19524.517992103778,3064.878736604625,78979.20252679074,44325,0.7323492549784153,0.2617607910249097,32096,10934,0.93,0.813206858810653,11128,1,0,0,0,1,1
174075,University of Minnesota-Crookston,47.802536,6030.6129210381005,6794.060187741579,312.7951408061844,2165.2440640530094,9790.74986195472,1811,0.4816053511705686,0.2916666666666667,10822,9462,0.64,0.9615384615384616,13984,1,0,0,0,0,1
174127,Minneapolis College of Art and Design,44.956988,21100.34109589041,14868.86301369863,NA,4200.0315068493155,76122.83287671233,730,0.6551724137931034,0.38995215311004783,41344,8380,0.68,1,27267,1,0,0,0,0,1
174233,University of Minnesota-Duluth,46.817126,9074.531754574811,7368.39221058812,2656.9879635972206,1897.184068891281,17884.0778941188,10219,0.7954214360041624,0.2654369440083726,17718,8796,0.79,0.8883888388838884,8745,1,0,0,0,1,1
174251,University of Minnesota-Morris,45.589775,5069.193928128872,10614.872366790582,668.4659231722429,3860.7707558859975,9648.327757125155,1614,0.7605956471935853,0.14708835341365462,14676,9064,0.78,0.9620253164556962,14721,1,0,0,0,0,1
174358,Minnesota State University Moorhead,46.867153,5927.908774642443,7890.993428681871,42.52029377657519,3070.7383069192115,4734.827986084268,5174,0.7171492204899778,0.271960958296362,16192,9830,0.7,0.9673202614379085,5976,1,0,0,0,1,1
174437,North Central University,44.968625,12197.636182902585,6013.982107355865,NA,3999.7455268389663,3552.0397614314115,1006,0.9403254972875226,0.36153846153846153,26350,8680,0.76,0.9795918367346939,17352,1,0,0,1,0,1
174491,University of Northwestern-St Paul,45.033703,14794.006528835691,7597.977511788175,NA,4145.19042437432,6479.7040261153425,2757,0.823321554770318,0.33991416309012873,33460,10268,0.83,1,21855,1,0,0,1,0,1
174747,College of Saint Benedict,45.561792,18702.64864864865,11494.233590733591,NA,4374.714768339768,37695.41698841699,2072,0.9178885630498533,0.2485623003194888,48990,11574,0.89,1,37221,1,0,0,1,0,1
174783,Saint Cloud State University,45.553227,5668.389478541762,7675.403784033226,308.16797415782185,2429.0724503922474,2802.86109829257,10835,0.9432355723746452,0.20987963891675024,16679,9347,0.67,0.8401937046004843,5810,1,0,0,0,1,1
174792,Saint Johns University,45.580075,18304.175013178705,14168.025303110175,NA,5402.353189246178,103724.77807063785,1897,0.8865110246433203,0.29846378931967815,48990,11592,0.82,1,39082,1,0,0,1,0,1
174817,Saint Mary's University of Minnesota,44.044736,13423.219950124689,8248.505735660849,36.9072319201995,2965.698753117207,16235.014463840398,4010,0.9779458097038437,0.15077319587628865,38780,9920,0.79,1,32207,1,0,0,1,1,1
174844,St Olaf College,44.461529,21173.760643647336,18310.331880657057,500.71169963124373,6251.770030170969,179960.179684881,2983,0.47428395441946414,0.24512987012987014,52670,12000,0.91,1,44574,4,0,0,1,0,1
174862,Crown College,44.885393,12245.024761904762,3214.74,NA,4898.798095238095,8340.414285714285,1050,0.6509330406147091,0.2765598650927487,27270,9480,0.66,1,18393,1,0,0,1,0,1
174899,The College of Saint Scholastica,46.816082,15830.886246122027,8924.697518097208,NA,4096.389607032058,23152.71975180972,3868,0.736942980354576,0.2308192457737321,38750,10696,0.84,1,29131,1,0,0,1,0,1
174914,University of St Thomas,44.943439,20887.53426262153,15014.889305376597,131.49654445355512,3735.3201358791143,51095.618601382215,8537,0.7552576843078346,0.2063953488372093,47274,11812,0.87,0.9915662650602409,33795,4,0,0,1,1,1
175005,St Catherine University,44.924926,18877.31213131572,12443.840984867915,1513.2551936393947,3643.4875609130545,23995.799948704796,3899,0.7488789237668162,0.2677502138579983,34638,9600,0.82,0.9956521739130435,37701,4,0,0,1,0,1
175078,Southwest Minnesota State University,44.45373,3894.632768361582,6072.598870056498,7.062146892655368,2956.7796610169494,862.1468926553672,3540,0.9102870813397129,0.27660972404730616,8230,9026,0.74,0.9585798816568047,6869,1,0,0,0,0,1
175227,Dunwoody College of Technology,44.97281,20341.55115511551,12558.822607260727,70.13201320132013,2161.0783828382837,18659.052805280528,1212,0.9903846153846154,0.720873786407767,21984,11268,0.68,0.7661290322580645,6656,1,0,0,0,0,1
175272,Winona State University,44.046159,6072.427983539094,7974.485596707819,61.179698216735254,2136.076817558299,5508.230452674897,7290,0.7690721649484537,0.2676090665366805,14600,9270,0.75,0.9789674952198852,4941,1,0,0,0,1,1
175342,Alcorn State University,31.877216,2667.520755797309,6108.005725737189,1886.5642713999428,1877.9653592900086,5361.773833381048,3493,0.3890848723801619,0.2144,7566,10890,0.74,1,9405,1,0,0,0,0,1
175421,Belhaven University,32.318415,12635.274984481688,3935.684978274364,NA,4004.031036623215,1892.048106765984,3222,0.6401790710688304,0.1853146853146853,27450,8950,0.68,1,16653,1,0,0,1,1,1
175430,Blue Mountain College,34.67209,5853.907467532467,7629.907467532467,NA,1936.9448051948052,28333.577922077922,616,0.9908675799086758,0.6543778801843319,17380,8120,0.7,1,12386,1,0,0,1,0,0
175616,Delta State University,33.744745,5256.4712778429075,6791.611371629543,146.0052754982415,1872.3177022274326,9641.465416178195,3412,0.9977802441731409,0.2936596218020022,8190,8114,0.67,0.9827586206896551,7937,1,0,0,0,1,0
175856,Jackson State University,32.296105,5185.790266956188,8765.100268233491,2330,2575.734832034743,5624.122110103462,7829,0.6211180124223602,0.16183673469387755,8270,10066,0.74,0.9484536082474226,8085,1,0,0,0,1,1
175980,Millsaps College,32.322746,12837.546990496305,13953.045406546991,NA,9558.007391763464,107156.49419218586,947,0.6806306306306307,0.13302448709463932,40140,14210,0.7,1,33065,1,0,0,1,0,1
176017,University of Mississippi,34.365529,12212.030170145588,14638.136291878618,6330.79810559551,1070.4369408875637,31267.151727767057,22804,0.8966258768112232,0.20443124714481498,25776,11142,0.86,0.9793956043956044,13284,1,0,0,0,1,1
176035,Mississippi University for Women,33.493305,5447.193695404481,7262.9593619445495,224.93885301936953,1691.6961640714014,1444.0379794910748,2633,0.9928909952606635,0.4081145584725537,7656,7908,0.79,0.9745762711864406,8732,1,0,0,0,0,1
176044,Mississippi Valley State University,33.514142,2229.7434926644582,8077.849503076195,82.18788452437293,3400.626123994321,1009.8050165641268,2113,0.786053882725832,0.08024193548387097,7048,8112,0.62,0.896551724137931,10697,1,0,0,0,0,0
176053,Mississippi College,32.335515,12263.52886405959,8942.155493482309,NA,3130.9548417132214,20247.072625698325,4296,0.48995297135528004,0.3795811518324607,18900,11680,0.8,1,17181,1,0,0,1,1,1
176080,Mississippi State University,33.454852,8909.441851343401,8314.29397921161,8579.666601294372,1112.52735830555,24815.54187095509,20396,0.7611678997006833,0.2513726072117525,24790,10630,0.85,0.9931682322801024,10443,1,0,0,0,1,1
176318,Rust College,34.776862,10534.021156558532,4585.071932299013,NA,3200.8645980253877,48449.79407616361,709,0.37600613261786126,0.35575942915392456,9900,4300,0.56,0.7272727272727273,7062,1,0,0,1,0,0
176372,University of Southern Mississippi,31.32661,6572.75023672518,8618.146988127322,4136.35370383859,947.0904654381237,8039.797800276787,13729,0.9579128194116384,0.17787491593813046,11094,10950,0.75,0.9875141884222475,10681,1,0,0,0,1,1
176406,Tougaloo College,32.403014,6931.189448441247,4991.335731414868,2332.6079136690646,5763.070743405276,16413.286570743407,834,0.5581183611532625,0.05328983143012507,10258,6400,0.7,1,7446,1,0,0,1,0,1
176479,William Carey University,31.305264,15670.104906937395,9868.93739424704,64.3984771573604,797.6847151720248,5439.404399323181,3546,0.574468085106383,0.5666666666666667,13500,7247,0.84,1,14291,3,0,0,1,1,1
176628,Avila University,38.91339,13284.778715120052,8175.715120051915,NA,2726.8462037637896,6983.655418559377,1541,0.680038666022233,0.15422885572139303,21740,7516,0.69,1,16320,1,0,0,1,0,1
176789,Calvary University,38.839578,8195,5130.533057851239,NA,2593.5165289256197,4357.020661157025,242,0.5930232558139535,0.8431372549019608,10640,5800,0.68,1,6365,1,0,0,1,1,0
176947,Central Methodist University-College of Liberal Arts and Sciences,39.150497,25929.034136546186,18472.156626506025,NA,5925.028112449799,50300.48192771084,996,0.9895910780669145,0.2554470323065364,25690,8650,0.7,1,20852,1,0,0,1,0,1
176965,University of Central Missouri,38.759111,6708.272001616651,9448.278266141255,48.372840254622616,2508.55653228251,4587.337981206426,9897,0.7577895355673133,0.2994569433669511,15495,9358,0.75,0.9714714714714715,6420,1,0,0,0,0,1
177038,Cleveland University-Kansas City,38.932019,233819.96875,92660.0625,2580.671875,44123.53125,321848.25,64,1,0.5714285714285714,14400,NA,0,1,6258,3,0,0,0,0,0
177083,Conception Seminary College,40.24044,22869.115942028984,8812.115942028986,NA,7552.63768115942,77076.2463768116,69,1,1,22623,13859,0.75,NA,NA,1,1,0,1,0,0
177117,Cottey College,37.836127,7203.488721804511,27047.84962406015,NA,7863.417293233083,418320.84210526315,266,0.6054054054054054,0.3869047619047619,21620,7918,0.75,1,17511,1,0,0,0,0,1
177144,Culver-Stockton College,40.128993,10678.735537190083,4702.017447199265,NA,4269.301193755739,26230.23691460055,1089,0.9254498714652957,0.11203703703703703,28000,9045,0.66,1,20020,1,0,0,1,0,1
177214,Drury University,37.219681,11494.62786377709,8332.427244582042,8.707120743034055,6864.301547987616,60086.98947368421,1615,0.6541816316059518,0.25098039215686274,31100,9394,0.78,1,25427,1,0,0,1,0,1
177339,Evangel University,37.220956,10809.072231139648,5550.339218833601,NA,3484.716425896201,10375.916532905298,1869,0.636437908496732,0.3940949935815148,24434,9040,0.8,1,17767,1,0,0,1,1,1
177418,Fontbonne University,38.642697,15275.309304274937,9574.963118189438,NA,4672.815590947192,12296.304274937133,1193,0.7811447811447811,0.2435344827586207,27700,10700,0.78,1,23097,1,0,0,1,1,1
177542,Hannibal-LaGrange University,39.729015,9620.49381327334,5073.176602924635,NA,2811.7784026996624,9288.241844769404,889,0.6505050505050505,0.40372670807453415,23715,8500,0.6,1,16366,1,0,0,1,0,1
177746,Kansas City Art Institute,39.046353,19227.918057663126,12553.427921092565,NA,4227.39908952959,104278.66464339908,659,0.5997770345596433,0.3828996282527881,39975,12125,0.65,1,26640,1,0,0,0,0,1
177968,Lindenwood University,38.785425,13699.594503948934,5364.441415124959,NA,4651.249161527642,18549.352374770097,9243,0.748435171385991,0.2903225806451613,18540,10200,0.75,0.9958071278825996,15913,4,0,0,0,1,1
177986,Logan University,38.63133,52823.352517985615,24984.440647482013,912.8561151079136,7066.107913669065,43372.147482014385,556,0.6551724137931034,1,6600,NA,0.7,1,10620,3,0,0,0,1,0
178059,Maryville University of Saint Louis,38.644774,12780.891657802766,6024.483209238718,NA,1999.7763257863546,8309.325026591703,6581,0.915378127635648,0.25614250614250617,24766,12000,0.83,0.992462311557789,20416,1,0,0,0,1,1
178208,Midwestern Baptist Theological Seminary,39.185691,9308.411175979983,2757.8298582151792,NA,1131.251876563803,4918.765638031693,1199,0.9764150943396226,0.7971014492753623,8170,12132,0.47,0.8076923076923077,5200,1,0,0,1,1,0
178244,Missouri Baptist University,38.641526,10292.30774748924,4934.3407460545195,NA,2824.807388809182,1435.0186513629842,2788,0.6180257510729614,0.5462962962962963,29076,11040,0.69,0.9940828402366864,18456,1,0,0,1,1,1
178341,Missouri Southern State University,37.095155,3045.6831905344757,6243.742962056303,NA,2286.2923296613626,7756.798857609139,4902,0.9687315634218289,0.3520097442143727,15896,7678,0.67,0.9424242424242424,6875,1,0,0,0,0,1
178369,Missouri Valley College,39.108522,6411.536945812808,3916.539760731879,NA,4816.535538353272,5003.7051372273045,1421,0.6588385994876175,0.355800388852884,20500,10000,0.52,0.9965034965034965,17163,1,0,0,1,0,1
178396,University of Missouri-Columbia,38.94531,12027.783367323816,13101.533348440214,5841.499735629579,1768.859732608203,37881.44965631845,26478,0.7654512671541621,0.31688804554079697,28992,10796,0.89,0.9047322540473225,8438,1,0,0,0,1,1
178402,University of Missouri-Kansas City,39.034179,14110.16041090478,16352.090082971157,1822.1505333860134,2101.1797708415647,14937.649940734887,10124,0.7598147775317092,0.3041865394806571,26331,11992,0.75,0.8246268656716418,10208,1,0,0,0,1,1
178411,Missouri University of Science and Technology,37.953426,12144.687236645372,14292.38684246296,4136.173440260976,3294.3063748810655,25939.262199266006,7357,0.8539671064521959,0.25142857142857145,29550,11028,0.85,0.9610894941634242,10937,1,0,0,0,1,1
178420,University of Missouri-St Louis,38.710312,8956.77536384729,9809.322927652394,1072.5811010335372,1884.1887787386627,9105.08753427547,9482,0.566142763588736,0.17119722382880279,30570,10606,0.82,0.968,12174,1,0,0,0,1,1
178615,Truman State University,40.188267,4764.312180889861,9123.346097738877,127.67943107221006,1915.3887673231218,8957.345733041575,5484,0.609882005899705,0.26803708182184605,16086,9313,0.88,1,9079,1,0,0,0,0,1
178624,Northwest Missouri State University,40.351692,7405.273501241575,8446.808797445903,51.51596310748492,2964.7852075203973,6466.220645619014,5638,0.8558033811620969,0.1600265604249668,11528,9548,0.76,0.9578713968957872,7643,1,0,0,0,0,1
178679,Ozark Christian College,37.103172,8922.014799154334,6356.359408033826,NA,3813.321353065539,8513.67864693446,473,0.980544747081712,0.4603174603174603,13290,6270,0.72,1,6878,1,0,0,1,0,0
178697,College of the Ozarks,36.616019,2432.3951951951954,10643.003003003003,NA,1807.5765765765766,305755.3873873874,1665,0.2050925925925926,0.6613995485327314,19500,7900,0.8,1,23171,1,0,0,1,0,0
179043,Rockhurst University,39.032318,17748.621963070942,8820.944606413994,23.816326530612244,2775.9431486880467,18040.717201166182,2058,0.6665701881331404,0.17498914459400783,39500,10030,0.88,1,33445,1,0,0,1,1,1
179159,Saint Louis University,38.636801,24236.781661891117,23409.448901623688,3563.273161413563,2602.468958930277,117105.58624641834,10470,0.7004718548547884,0.1702087286527514,48100,13310,0.9,0.9990982867448152,39079,1,0,0,1,1,1
179256,Saint Louis Christian College,38.775771,8227.2,10899.542857142857,NA,6938.742857142857,16006.8,70,0.2777777777777778,0.2,13280,7570,0.75,NA,NA,1,0,0,1,0,0
179265,University of Health Sciences and Pharmacy in St. Louis,38.636904,82700.81739130434,46246.12173913044,6119.608695652174,17902.323913043478,314200.347826087,460,0.9108159392789373,0.16041666666666668,30108,13700,0.83,1,21323,1,0,0,0,0,0
179326,Southwest Baptist University,37.602425,11933.467110741049,8136.624479600333,NA,3613.0099916736053,11606.018318068276,2402,0.9621125143513203,0.3556085918854415,25100,8150,0.64,0.9851485148514851,18193,1,0,0,1,1,1
179548,Stephens College,38.95204,13929.753263707571,11862.278067885118,NA,3575.6331592689294,64624.32375979112,766,0.6366322008862629,0.23201856148491878,23870,11000,0.77,1,19790,1,0,0,0,0,1
179557,Southeast Missouri State University,37.311107,5876.184011100438,6990.234176539652,126.28925178781087,2108.778738392571,8430.553527590992,9369,0.7930126161098018,0.259965034965035,14031,9974,0.8,0.9631205673758865,8132,1,0,0,0,0,1
179867,Washington University in St Louis,38.647929,33433.61402369745,161393.767245577,43643.6455120922,7844.992695990911,623875.3656873885,12322,0.13001724445501575,0.4527784129887949,57750,17900,0.94,0.9504950495049505,60852,1,0,0,0,1,1
179894,Webster University,38.588875,16848.2305636258,8397.840325392213,NA,1989.0672864613596,15896.835793143522,8605,0.5944833264717991,0.24930747922437674,28500,11120,0.77,1,21770,1,0,0,0,1,1
179946,Westminster College,38.849354,9357.737423312883,7072.905521472393,NA,6412.056441717791,63559.018404907976,815,0.9667638483965014,0.12907117008443908,29390,11414,0.73,1,22106,1,0,0,1,0,1
179955,William Jewell College,39.247844,11773.719262295082,11989.204918032787,NA,6745.021516393443,65365.18032786885,976,0.47004279600570614,0.33687405159332323,18360,9860,0.77,1,14270,1,0,0,0,0,1
179964,William Woods University,38.860287,8672.630482456141,5359.428728070176,NA,2375.8311403508774,10996.34649122807,1824,0.6830294530154277,0.12628336755646818,25750,10190,0.7,0.9702970297029703,20278,1,0,0,1,1,1
180106,Carroll College,46.600771,16405.390718562874,8850.086826347306,NA,6426.561377245509,42086.45209580838,1336,0.8392261507671781,0.22257551669316375,36906,10416,0.84,1,29662,1,0,0,1,0,1
180258,University of Providence,47.490713,10031.279775280898,5870.315730337079,NA,7279.259550561797,15361.313483146067,890,1,0.5175879396984925,26462,9746,0.61,0.9696969696969697,18329,1,0,0,1,0,0
180416,Montana Technological University,46.012868,8761.537646402678,10533.312883435583,5901.103179029559,2355.0139431121024,24680.053541550475,1793,0.8983688833124216,0.22695530726256982,20791,10658,0.8,0.9285714285714286,5373,1,0,0,0,1,0
180461,Montana State University,45.666726,10526.787015043546,8148.33729216152,8402.562681446292,2544.113882290842,10769.185537081024,15156,0.7300400134624734,0.19844278250179284,26086,10400,0.78,0.545144804088586,2906,1,0,0,0,1,1
180489,The University of Montana,46.859312,9356.052454752356,11001.01224666739,6096.706188360247,2900.0060691449007,20892.323832231494,9227,0.8213742568781972,0.25955226392863157,26112,11054,0.74,1,6958,1,0,0,0,1,1
180595,Rocky Mountain College,45.796522,13054.54995331466,9209.816059757237,NA,5494.171802054155,28843.15219421102,1071,0.8065902578796562,0.19538188277087035,30725,8855,0.64,1,23704,1,0,0,1,0,1
180692,The University of Montana-Western,45.208306,6517.431818181818,6795.302556818182,65.8359375,2646.0227272727275,3981.2542613636365,1408,0.3333333333333333,0.5375586854460094,15913,8280,0.73,1,4604,1,0,0,0,0,0
180832,Clarkson College,41.259165,14442.811320754718,11764.720125786163,NA,2019.7610062893082,4684.7714884696015,954,0.96,0.9166666666666666,14880,7284,0.59,0.8095238095238095,7734,1,0,0,1,1,0
180878,Bryan College of Health Sciences,40.796768,17789.676785714284,9521.489285714286,NA,2073.332142857143,13563.85,560,0.9090909090909091,0.8,16716,NA,0.9,0.5714285714285714,2860,1,0,0,0,1,1
180984,Concordia University-Nebraska,40.914853,10835.586693548386,5443.231350806452,NA,6504.9269153225805,26178.66129032258,1984,0.847457627118644,0.1975,35600,9600,0.79,0.9957627118644068,26693,1,0,0,1,0,1
181002,Creighton University,41.265361,38438.01787822567,21972.002023950077,2899.1398212177432,4738.235790183842,95937.42486085343,5929,0.7774640972136982,0.1796652983896432,42618,11700,0.92,1,26829,1,0,0,1,1,1
181020,Doane University,40.622952,12825.107547169811,12232.104716981132,NA,8156.228301886793,106470.3320754717,1060,0.7719795802609188,0.17413666421748714,37080,10300,0.77,1,29455,1,1,0,0,1,1
181127,Hastings College,40.59025,8566.78678929766,7416.142140468228,NA,6542.321906354515,83849.71906354516,1196,0.7088948787061995,0.18631178707224336,31810,10810,0.71,1,26042,1,0,0,1,0,1
181215,University of Nebraska at Kearney,40.701452,5564.630244266269,9421.634905836285,456.70874510535145,1273.0964012679472,10933.013611784449,5363,0.9032258064516129,0.17456268221574345,13650,11080,0.81,0.8538324420677362,6508,1,0,0,0,0,1
181297,Nebraska Methodist College of Nursing & Allied Health,41.265973,14948.472386587771,9951.712031558185,NA,1935.0749506903353,10870.980276134122,1014,0.8380952380952381,0.5681818181818182,14869,9820,0.78,0.9655172413793104,11706,1,0,0,1,0,0
181330,Midland University,41.43674,12935.609826589596,5705.325144508671,NA,5910.2984104046245,13575.757225433526,1384,0.6374926079243052,0.3163265306122449,35996,9574,0.68,0.9923076923076923,26690,1,0,0,1,0,1
181394,University of Nebraska at Omaha,41.258769,6732.752013500039,9062.68620081307,960.4573905039503,923.2413898903122,6816.526501495743,13037,0.8724634395193289,0.28144490644490644,19926,10414,0.77,0.9082082965578111,7160,1,0,0,0,1,1
181446,Nebraska Wesleyan University,40.839098,12123.05641936917,7333.185250999556,NA,3823.633940470902,26389.604620168815,2251,0.8181092939768648,0.19746465138956606,37402,10944,0.74,1,28091,1,0,0,1,0,1
181464,University of Nebraska-Lincoln,40.817598,10234.325795053004,12432.636925795054,10025.789310954064,881.0782685512368,45105.97314487633,22640,0.8107454289732771,0.3286378460897925,24900,11920,0.85,0.9327073552425665,8481,1,0,0,0,1,1
181604,College of Saint Mary,41.240028,13516.485113835377,7651.207530647986,NA,2200.911558669002,17312.686514886165,1142,0.38193018480492813,0.25268817204301075,21800,8000,0.77,1,18764,1,0,0,1,1,1
181738,Union College,40.774778,16040.111778846154,11588.655048076924,NA,3600.877403846154,26271.58173076923,832,0.9847645429362881,0.1631504922644163,24960,7210,0.82,1,15994,1,0,0,1,0,1
181853,York College,40.869526,8976.699774266366,5458.839729119639,NA,5584.817155756207,35251.762979683976,443,0.6179540709812108,0.3783783783783784,19450,8550,0.64,1,13720,1,0,0,1,0,1
182281,University of Nevada-Las Vegas,36.106047,8082.7297601802675,13861.017221953967,1906.7680669563817,3424.432641236118,9261.306937067438,24852,0.8347792706333973,0.37938011588338083,24040,11512,0.8,0.9762140733399405,8205,1,0,0,0,1,1
182290,University of Nevada-Reno,39.543642,7197.6404564967015,12176.520783164067,4262.539001151712,2881.1686734373366,17152.691864726206,19102,0.8816473835049358,0.4107873826149771,24013,12216,0.8,0.9800955414012739,8661,1,0,0,0,1,1
182458,Sierra Nevada University,39.244278,14280.430107526881,6936.623655913979,NA,2872.1804062126644,5235.8422939068105,837,0.6666666666666666,0.11912225705329153,34319,13825,0.61,NA,NA,1,0,0,0,0,1
182634,Colby-Sawyer College,43.411663,10624.030959752323,8722.156862745098,NA,7522.403508771929,38715.52528379773,969,0.9306984298863021,0.1489237929028505,44130,15891,0.83,1,37103,1,0,0,0,0,1
182670,Dartmouth College,43.704115,34280.784015223595,29690.532825880113,25965.978433238186,13824.548049476689,871265.9181731684,6306,0.061715333615460576,0.6977142857142857,58953,17586,0.96,0.8296296296296296,50381,2,1,0,0,1,1
182795,Franklin Pierce University,42.78014,18209.293032786885,8691.78893442623,NA,6374.863217213115,6734.793032786885,1952,0.8853252647503782,0.09261790840738209,38100,14890,0.73,1,31066,1,0,0,0,0,1
182980,New England College,43.176403,10024.356087824352,3992.0375249501,NA,4373.453093812375,5607.956087824351,2505,0.9998319892473119,0.0354562258443959,27108,16472,0.62,1,29666,5,0,0,0,1,1
183026,Southern New Hampshire University,43.038922,10258.598588235294,1549.9339705882353,NA,3324.9945588235296,515.6954117647059,68000,0.9206882982148606,0.4121464096984768,15000,11800,0.67,0.8033613445378152,3443,1,0,0,0,1,1
183044,University of New Hampshire-Main Campus,43.135934,13716.236126911896,11031.49159398306,7723.41612944002,1643.0706611047908,24617.10125142207,15822,0.8671894386818204,0.15996108281348367,33760,12366,0.86,0.9539877300613497,10518,1,0,0,0,1,1
183062,Keene State College,42.926452,10945.249040184284,9772.487330432557,971.3852060404403,3057.060404402355,9510.116201689276,3907,0.8809424520433695,0.17727810650887574,22110,13196,0.72,1,9969,1,0,0,0,0,1
183071,University of New Hampshire at Manchester,42.987209,12069.418043202033,10863.340533672173,706.581956797967,3158.048284625159,2407.8068614993645,787,0.8263665594855305,0.25680933852140075,33350,12366,0.79,1,9132,1,0,0,0,0,1
183080,Plymouth State University,43.759573,10016.160409556314,8148.032423208191,419.7728242320819,2658.383105802048,5777.103242320819,4688,0.9167152858809802,0.14892601431980906,21810,11580,0.7,0.997134670487106,8638,1,0,0,0,1,1
183211,Rivier University,42.738676,12289.769929364278,6576.062563067609,NA,2797.8496468213925,20114.97880928355,1982,0.8367791077257889,0.20741222366710013,34412,14380,0.7,1,22129,1,0,0,1,1,1
183239,Saint Anselm College,42.986889,19636.123791102513,13875.402321083173,NA,8382.225338491296,76378.76982591876,2068,0.7758921886698278,0.15439047925377936,42550,15500,0.87,1,28149,1,0,0,1,0,1
183822,Bloomfield College,40.795105,17938.2264573991,9259.480941704036,NA,3845.0941704035877,8482.913677130045,1784,0.8403361344537815,0.12043478260869565,30680,12900,0.64,1,23870,1,0,0,1,0,1
183910,Caldwell University,40.832753,17816.51376146789,6430.652995143011,NA,4969.239071775499,2301.1332973556396,1853,0.9596451058958214,0.10408589322994334,34900,12760,0.82,1,31809,1,0,0,1,1,1
183974,Centenary University,40.84764,15706.059753954305,7019.315758640891,NA,2530.234329232572,8114.898066783831,1707,0.9762258543833581,0.17884322678843226,33550,11788,0.73,1,29223,1,0,0,1,1,1
184348,Drew University,40.761829,16459.553349875932,14228.287841191068,NA,7913.151364764268,45474.93796526055,2015,0.7970073404856014,0.1271696776478923,41820,15868,0.88,1,35120,1,0,0,1,1,1
184603,Fairleigh Dickinson University-Metropolitan Campus,40.897209,40067.67426122265,15039.476652379879,163.77171215880892,9277.915632754342,19786.374915407174,4433,0.8473129080863887,0.13722584469472437,36960,14038,0.75,1,31004,1,0,0,0,0,1
184612,Felician University,40.867272,18436.61941112323,7379.613958560523,NA,4853.720828789531,3792.872955288986,1834,0.9198092761161681,0.14420358152686144,33200,13400,0.79,1,34926,1,0,0,1,1,1
184773,Georgian Court University,40.099617,17443.08406395049,7099.690046415678,NA,5563.093862815885,28177.06652913873,1939,0.7960132890365449,0.17362270450751252,32852,11710,0.81,1,28245,1,0,0,1,0,1
184782,Rowan University,39.709108,12959.82580073427,12631.190657045196,1337.5434865172806,2434.7411064691732,13115.460691226737,15798,0.8377219315550218,0.22432681478447836,19334,15484,0.84,0.8664150943396226,10907,1,0,0,0,1,1
185129,New Jersey City University,40.709937,7552.824198861935,10824.020664869722,2.438604372566637,3473.763102725367,1870.9725965858042,6678,0.9065520945220193,0.15027646129541863,23284,15340,0.77,0.978494623655914,11292,1,0,0,0,1,1
185262,Kean University,40.677981,9375.0974052889,10068.22266434552,141.7686313520683,2782.868606482633,2238.5322059189257,12063,0.7915561450044208,0.2097179558782463,17621,14834,0.74,0.982200647249191,13696,1,0,0,0,1,1
185572,Monmouth University,40.280066,23169.468371025894,10242.21402818748,441.0268764339561,2855.2815470337596,16547.03375942314,6102,0.8354044834307992,0.13912789849788537,40968,15315,0.8,1,28562,1,0,0,0,0,1
185590,Montclair State University,40.860414,9226.537125812294,10048.5778203899,831.8419090231171,1201.6618728028125,2339.032704804517,18774,0.9061045422930822,0.20612895606991025,20443,16388,0.83,0.8024328859060402,10364,1,0,0,0,1,1
185828,New Jersey Institute of Technology,40.741997,14577.59097444973,15250.414777126423,10859.196991483243,3843.269549828559,12569.184824687534,9041,0.6913974779754707,0.17164272329793878,30808,14200,0.89,0.9233926128590971,13402,1,0,0,0,1,1
186131,Princeton University,40.348732,15369.818285065303,68996.02498580352,58068.427030096536,18863.145939806927,3611340.392958546,7044,0.04380202654184729,0.7832422586520947,56010,18180,0.83,0.9905956112852664,70347,1,1,0,0,1,1
186283,Rider University,40.278796,21510.11187607573,12413.080895008607,293.24440619621345,5760.972461273666,13830.151462994836,4648,0.8194744625184848,0.08856191004997224,35000,16610,0.79,1,29624,1,0,0,0,1,1
186371,Rutgers University-Camden,39.948064,14577.660510114336,16161.829375549692,1284.0809146877748,4355.84872471416,9929.81530343008,5685,0.7870204374327716,0.06879271070615034,29178,12652,0.85,0.89749430523918,13013,1,0,0,0,1,1
186380,Rutgers University-New Brunswick,40.498769,14760.881312152913,17082.827500107625,12195.402298850575,2327.8014550777048,21848.960523483576,46458,0.681610713375501,0.24151058839525477,29737,13402,0.93,0.6123859552115013,9176,1,0,0,0,1,1
186399,Rutgers University-Newark,40.739122,19733.497723823977,14987.7655538695,2842.185128983308,3317.7162367223063,15390.45827010622,10544,0.774349750968456,0.11613364302304806,29737,13930,0.87,0.8813868613138686,11014,1,0,0,0,1,1
186432,Saint Peter's University,40.727105,18083.681450307544,8551.162188410488,NA,5421.28164454516,11131.516995791519,3089,0.9284354777312523,0.16482164821648215,37660,16920,0.75,1,35687,1,0,0,1,1,1
186584,Seton Hall University,40.742336,25276.74390683155,11685.676551806939,423.5802617361028,5979.34926161604,30942.370992916316,8329,0.7661100909595593,0.09409141583054627,44420,15836,0.84,1,32051,1,0,0,1,1,1
186618,Saint Elizabeth University,40.78182,17652.01182033097,11513.574468085106,NA,5331.53073286052,22210.68085106383,846,0.7369668246445498,0.11468381564844587,32900,12744,0.76,0.9895833333333334,29190,1,0,0,1,1,1
186867,Stevens Institute of Technology,40.744776,29288.118646892184,12946.00899850025,4574.904182636227,5119.480086652225,34461.9230128312,6001,0.5269434628975265,0.18290025146689018,54780,16600,0.93,1,35466,1,0,0,0,1,1
186876,Stockton University,39.492036,9030.268351258223,7427.2246006056175,250.18481779262817,2879.640806097943,2974.6001879502974,9577,0.8453657755722747,0.25714826737360347,20072,12666,0.85,0.9723865877712031,12450,1,0,0,0,1,1
187134,The College of New Jersey,40.268651,13133.6744882676,12145.032451323015,2353.220169745382,3655.516724912631,4943.3349975037445,8012,0.619840277109593,0.22912139087239988,25910,13752,0.94,0.688622754491018,10219,1,0,0,0,0,1
187444,William Paterson University of New Jersey,40.945255,9652.44712720769,12393.057232282585,1183.3457411133468,2839.1433042700646,2274.400178850883,8946,0.9399458528181147,0.13040062843676356,22514,13021,0.9,0.9710344827586207,10685,1,0,0,0,0,1
187648,Eastern New Mexico University-Main Campus,34.175592,4461.596059113301,5532.637438423645,123.6871921182266,2041.0502463054188,3187.2027093596057,4060,0.325,0.7255717255717256,6114,7814,0.61,1,10260,1,0,0,0,0,1
187745,Institute of American Indian and Alaska Native Culture and Arts Development,35.586563,5351.394255874674,15951.120104438642,NA,5037.195822454308,15798.187989556136,383,1,0.7540983606557377,4686,11262,0.44,1,10696,1,0,0,0,0,1
187912,New Mexico Military Institute,33.409617,10076.433874709977,22604.563805104408,NA,3717.380510440835,1145385.2807424595,431,0.4072072072072072,0.8362831858407079,8880,6326,0.51,0.9791666666666666,12762,1,1,0,0,0,1
187967,New Mexico Institute of Mining and Technology,34.067041,6415.502114803626,9703.070090634441,32382.08096676737,1197.64833836858,28829.012688821753,1655,0.967196819085487,0.30935251798561153,22860,8518,0.81,1,15138,1,0,0,0,1,1
187985,University of New Mexico-Main Campus,35.083868,6876.954624868966,17277.401287875007,12282.4244995757,1756.8117605950183,23309.63030998852,20033,0.9726775956284153,0.2788147879666546,23942,10396,0.77,0.9949494949494949,5683,1,0,0,0,1,1
188030,New Mexico State University-Main Campus,32.281568,4657.24876766349,12097.062109760105,8882.32090042721,1665.373644429839,3517.601051593822,12172,0.5725568408456322,0.2804793089034415,22507,11407,0.75,0.9833926453143536,11970,1,0,0,0,1,1
188429,Adelphi University,40.721439,25187.676438653638,13609.203311617806,95.2043973941368,4673.085776330076,25594.26927252986,7368,0.7746207411091768,0.10675014046071113,40860,16580,0.82,0.9925925925925926,29065,1,0,0,0,1,1
188526,Albany College of Pharmacy and Health Sciences,42.650371,35546.669194312795,19768.38672985782,3672.5080568720377,5237.489099526067,48762.38104265403,1055,0.7182382834556748,0.09040880503144653,36840,11400,0.85,1,22281,1,0,0,0,0,1
188641,Alfred University,42.254476,8778.34180908712,11299.048770320967,1323.2567736556898,4625.130887869946,53905.05377240517,2399,0.671632228095467,0.09253517767708085,35076,13052,0.67,1,29299,1,0,0,0,1,1
188678,American Academy of Dramatic Arts-New York,40.745545,28347.14814814815,8096.574074074074,NA,1408.212962962963,30689.533950617282,324,0.5800604229607251,0.4375,36480,20275,1,1,13634,1,0,0,0,0,0
189088,Bard College,42.020386,21844.365105008077,34982.49192245557,379.92851373182555,5458.102584814216,59821.03392568659,2476,0.5991871492161795,0.1527777777777778,57498,16760,0.8,0.9327485380116959,51426,1,0,0,0,1,1
189097,Barnard College,40.810098000000004,34146.816479400746,24518.7265917603,1713.1086142322097,4203.3707865168535,129249.80973782772,2670,0.11467051467051467,0.6451342281879194,57734,18486,0.93,0.9119718309859155,51718,1,0,0,0,0,1
189705,Canisius College,42.925206,16427.266708307307,8708.492192379763,NA,6028.921923797627,41821.50405996252,3202,0.8146128680479825,0.15261044176706828,29300,11994,0.82,1,21510,1,0,0,1,0,1
189848,Cazenovia College,42.932489,9748.266587677725,10715.460900473934,NA,5537.280805687204,9085.417061611375,844,0.6761061946902654,0.14136125654450263,36026,14736,0.65,1,35083,1,0,0,0,0,1
190044,Clarkson University,44.662716,18001.700103412615,14558.211995863496,3114.8562564632884,5201.553257497415,51273.61737331955,3868,0.7458279845956355,0.14151845477146682,53100,16244,0.87,1,42753,1,0,0,0,1,1
190099,Colgate University,42.819475,31594.620076238883,23862.92884371029,1002.0619440914867,14238.992376111817,293393.9923761118,3148,0.17189281641961232,0.294195688225539,61594,15524,0.94,1,56108,1,1,0,0,0,1
190114,Metropolitan College of New York,40.708706,17551.186781609194,7378.538074712644,NA,4926.420258620689,499.85057471264366,1392,0.7727272727272727,0.27941176470588236,19338,NA,0.5,1,10623,1,0,0,0,0,1
190150,Columbia University in the City of New York,40.808286,41539.683103934105,98953.28925978107,25954.33690979372,5924.207940464578,392660.84780174127,27681,0.04130256913762068,0.6501584786053882,59450,15450,0.95,0.9169611307420494,59120,1,0,0,0,1,1
190372,Cooper Union for the Advancement of Science and Art,40.728148,11886.818357487922,29836.62801932367,502.1140096618357,4724.973913043478,798372.4212560386,1035,0.1467513069454817,0.5343511450381679,44550,17812,0.85,1,49738,1,0,0,0,0,1
190415,Cornell University,42.4472,28640.657669114327,28571.614226525002,16351.23477048037,8140.936128317677,281883.7770029126,24377,0.08685069753636093,0.6353383458646616,60286,16396,0.96,0.8982645122681029,50627,1,0,0,0,1,1
190503,Culinary Institute of America,41.745806,26076.431512489708,15136.07740872907,NA,4372.597858907494,37409.278067526764,3643,0.9810311284046692,0.35696579077838375,32800,12670,0.81,0.993006993006993,22687,1,0,0,0,0,1
190512,CUNY Bernard M Baruch College,40.740238,6734.045510217237,10250.096048475472,165.4596789789209,1844.7596209630633,12135.25481853929,15513,0.5056328411709482,0.2136889188961094,14880,19447,0.88,0.9770246984491672,9896,1,0,0,0,1,1
190549,CUNY Brooklyn College,40.631517,3966.12131147541,9894.15300546448,659.3290983606557,1778.0292349726776,6178.935519125683,14640,0.5135930493273543,0.10600272851296044,14880,NA,0.82,0.991701244813278,9886,1,0,0,0,0,1
190567,CUNY City College,40.819846,4046.7082620196047,17362.698770810643,5814.726155282402,1860.056324879415,24050.48202894041,12854,0.6406415396952686,0.12842980172241136,14880,16492,0.8,0.9947121034077556,10080,1,0,0,0,1,1
190594,CUNY Hunter College,40.768669,5600.586914273375,10272.866551500756,1722.7931332325632,1841.47484344634,6871.081407903261,18524,0.45896369137670195,0.2280593325092707,14880,10429,0.84,0.9875576036866359,10049,1,0,0,0,1,1
190600,CUNY John Jay College of Criminal Justice,40.770351,3804.2769830949283,11893.472041612484,926.6336963589076,2117.615409622887,815.8981631989597,12304,0.44583000266453504,0.21157064307912982,14880,NA,0.83,0.9880294659300184,9966,1,0,0,0,0,1
190637,CUNY Lehman College,40.872962,3823.046091445428,11435.919985250737,626.6826143067847,1601.411320058997,754.0770648967551,10848,0.5788793959864892,0.13574738287283336,14880,16505,0.81,0.9920760697305864,9531,1,0,0,0,0,1
190646,CUNY Medgar Evers College,40.666256,1845.3473861720067,12561.960652051714,341.3758665917182,2465.5705452501406,93.59584035975267,5337,0.858729706636286,0.07009397457158652,14880,NA,0.49,0.9977220956719818,7041,1,0,0,0,0,1
190655,CUNY New York City College of Technology,40.695483,2870.463758715745,10164.191665315388,133.1008594130047,1337.8868169288146,1338.50056753689,12334,0.8249789385004213,0.16530508041868777,14880,NA,0.62,0.9965095986038395,8124,1,0,0,0,0,1
190664,CUNY Queens College,40.735182,4757.105027376804,9698.570184171229,1208.5925833748133,1561.359880537581,4359.427078148333,16072,0.6078431372549019,0.15864621893178213,14880,14788,0.83,0.976326530612245,8812,1,0,0,0,0,1
190691,CUNY York College,40.701576,3107.9322200392926,10090.237393582187,351.86722331368696,2505.1036345776033,309.76309757694827,6108,0.670155934161132,0.0967359689755467,14880,NA,0.63,0.9901315789473685,8181,1,0,0,0,0,1
190716,D'Youville College,42.902636,25830.294259527254,14792.442836468887,63.13603473227207,4342.628557645924,24865.65557163531,2073,0.9244975556762629,0.1445358401880141,28968,9500,0.73,1,22611,1,0,0,0,1,1
190725,Daemen University,42.965605,15822.291814946619,9085.67793594306,NA,3392.6521352313166,7170.601423487545,2248,0.7843544479058497,0.16548984995586938,30590,13330,0.79,1,22468,1,0,0,0,0,1
190761,Dominican College of Blauvelt,41.047419,20763.64438994482,8955.38749233599,NA,4405.73267933783,3402.675659104844,1631,0.7559899117276166,0.14678899082568808,30600,14020,0.73,1,21418,1,0,0,0,0,1
190983,Elmira College,42.0961,17636.924,10817.924,NA,7757.386,41129.256,1000,0.9377713458755427,0.12191358024691358,34578,13125,0.69,1,26055,4,0,0,0,0,1
191126,Fashion Institute of Technology,40.74731,8569.232656913638,13548.960594620105,NA,2209.0703161868805,4591.111373289287,8476,0.5167870803229919,0.5189144736842105,21692,27000,0.88,0.7942583732057417,6957,1,0,0,0,0,1
191241,Fordham University,40.859354,30665.918128654972,15784.3737250102,1052.359581123351,5924.384604923161,49583.77587379301,14706,0.5830361966504592,0.10670867309117865,54730,21035,0.89,1,33791,1,0,0,1,1,1
191515,Hamilton College,43.050245,30463.67305751766,30442.482341069626,520.1816347124117,8520.686175580222,511019.6892028254,1982,0.14072494669509594,0.4037878787878788,59380,15230,0.92,0.9518072289156626,52163,1,1,0,0,0,1
191533,Hartwick College,42.457599,22293.247275775357,13866.60435875943,150.76194467728416,8577.585917854149,64798.377200335286,1193,0.9560989982321745,0.11093990755007704,48790,13555,0.74,1,40832,4,0,0,0,0,1
191621,Hilbert College,42.75464,12852.07722007722,6279.577863577863,NA,4750.495495495496,9580.817245817247,777,0.9263862332695985,0.15995872033023736,24435,10700,0.71,1,17018,1,0,0,1,0,1
191630,Hobart William Smith Colleges,42.858131,26026.68830059778,15151.048676345004,716.9978650725875,10592.223740392827,99085.71135781384,2342,0.6743070362473348,0.1450592885375494,58900,16410,0.81,1,49323,1,0,0,0,0,1
191649,Hofstra University,40.715959,30831.060796645703,18527.72536687631,219.5583857442348,5770.148846960168,64091.47169811321,9540,0.6775697179136864,0.09838690546791602,50265,16168,0.82,1,31644,1,0,0,0,1,1
191676,Houghton College,42.426137,13067.811518324608,9301.356893542757,22.91710296684119,7217.391797556719,49057.29144851658,1146,0.7906746031746031,0.2559598494353827,15900,9856,0.88,1,8138,1,0,0,1,0,1
191931,Iona College,40.925725,20001.977959875672,9704.718847131959,32.777620796835265,6324.667985306583,40616.27352359424,3539,0.9255849056603773,0.11366601435094585,40628,17222,0.77,1,27646,1,0,0,1,0,1
191968,Ithaca College,42.422154,22084.408012326658,14321.519876733437,279.813251155624,4488.648382126348,48694.19784283513,6490,0.7773149869840089,0.1115682709788537,46610,15776,0.77,1,29990,1,0,0,0,0,1
192040,Jewish Theological Seminary of America,40.811892,7632.827027027027,20102.513513513513,91.08918918918918,4515.581081081081,368874.20540540543,370,0.5042735042735043,0.7457627118644068,57834,15920,0.79,1,38562,1,0,0,1,1,1
192110,The Juilliard School,40.773725,17027.4,32647.237037037037,NA,7362.643518518518,1024666.7851851851,1080,0.07429547395388557,0.632183908045977,51230,19810,0.94,0.9636363636363636,38548,1,0,0,0,1,0
192192,Keuka College,42.615253,15038.75,8403.830681818183,NA,4416.417613636364,8190.042613636364,1760,0.9363804817788759,0.1517150395778364,33681,12626,0.65,1,24503,4,0,0,0,0,1
192323,Le Moyne College,43.049192,15571.967885816235,10694.724947963128,25.636039250669047,3570.942313410645,55779.4445435623,3363,0.7339855266684535,0.11192258535694724,35610,14760,0.83,1,27497,1,0,0,1,1,1
192448,Long Island University,40.820714,27541.401860197526,15039.992329082366,231.07172307987344,4638.477322849746,22283.07987342986,10429,0.9331917580210067,0.07368226828218218,37296,15258,0.77,0.9959183673469387,27732,1,0,0,0,1,1
192703,Manhattan College,40.889756,23401.12352639672,11522.770886724757,329.7139928241927,6069.085084572014,25772.010251153253,3902,0.7479068074262832,0.09041129228522755,42800,17900,0.83,1,32575,1,0,0,1,0,1
192712,Manhattan School of Music,40.812312,27745.219470538002,17211.99316823228,NA,2997.0213492741245,22540.394534585823,1171,0.48985507246376814,0.23865877712031558,49850,16340,0.97,0.9629629629629629,21410,1,0,0,0,0,1
192749,Manhattanville College,41.032187,17417.80474934037,9411.238346525946,NA,5667.526824978012,13561.429199648197,2274,0.8293503870750589,0.09253246753246754,38880,14810,0.8,1,31367,1,0,0,0,1,1
192785,Maria College of Albany,42.657789,16575.59259259259,7111.969696969697,NA,2456.0016835016836,31715.030303030304,594,0.37446808510638296,0.2840909090909091,15500,NA,1,0.6363636363636364,5611,1,0,0,1,0,0
192819,Marist College,41.720937,23875.67065073041,12840.481407702524,201.77755644090306,6276.112881806109,11813.941567065072,6024,0.5994992661659329,0.18317972350230416,40675,16650,0.88,0.982646420824295,23968,1,0,0,0,0,1
192864,Marymount Manhattan College,40.768787,23044.020429009193,11025.374872318693,NA,5330.748723186925,10717.927477017365,1958,0.7690836887777615,0.08682348441384585,35680,19380,0.67,1,22385,1,0,0,0,0,1
192925,Medaille College,42.92856,12900.954225352112,5527.267605633803,NA,1505.7786091549297,647.3318661971831,2272,0.6998792270531401,0.30371009490940465,32500,14000,0.55,0.9822695035460993,24801,1,0,0,0,0,1
193016,Mercy College,41.021626,16312.307234617985,6762.479513184584,NA,2498.4216362407033,33202.682893847195,7395,0.8578272291763251,0.15330571068275986,19920,14650,0.74,0.9906291834002677,15628,1,0,0,0,0,1
193052,Mesivta Torah Vodaath Rabbinical Seminary,40.6382,5205.026726057907,5506.853006681515,NA,259.76837416481067,2932.155902004454,449,0.72,0.8888888888888888,11800,4500,0.92,1,8278,1,0,0,1,0,0
193292,Molloy College,40.685941,24143.897872340425,14562.753863381859,NA,2985.210078387458,8564.4882418813,4465,0.793265465935787,0.13351431391905233,32900,16510,0.88,1,19539,4,0,0,1,1,1
193353,Mount Saint Mary College,41.513872,18112.05304518664,8651.208251473478,NA,4878.2465618860515,2799.924361493124,2036,0.9145114942528736,0.10133542812254517,34782,17490,0.78,0.9953051643192489,25917,1,0,0,1,0,0
193399,College of Mount Saint Vincent,40.913657,14028.444793713163,6768.450294695482,NA,3111.473084479371,9633.167779960708,2545,0.8210909090909091,0.16563330380868024,39500,12000,0.76,0.9808306709265175,31930,1,0,0,1,0,1
193584,Nazareth College,43.101576,21179.955801104974,12307.494659300184,NA,4723.147329650092,25461.26261510129,2715,0.8562962962962963,0.145040369088812,35890,14590,0.85,0.9926108374384236,23037,1,0,0,0,0,1
193654,The New School,40.735508,30943.832337839252,16015.927905270879,1662.4751126480141,3257.570994446191,41091.061511055224,9543,0.6629537953795379,0.2958929682638457,51122,21400,0.71,0.9822485207100592,26447,1,0,0,0,1,1
193900,New York University,40.729452,39427.60528836942,34591.237146324325,24886.63217730089,3003.491516041813,89889.72021034255,46971,0.12961043583864654,0.4924878836833603,53770,19682,0.9,0.8454545454545455,44101,1,0,0,0,1,1
193973,Niagara University,43.137279,13058.45408025855,7859.273902504713,NA,3378.628063560463,27576.51494748182,3713,0.9219955898566703,0.18684603886397608,34400,12400,0.8,1,30529,1,0,0,1,1,1
194091,New York Institute of Technology,40.812447,45270.52566096423,23698.823872472785,2593.803265940902,5261.645412130638,21628.36702954899,5144,0.8035151399369568,0.11317165953399905,38060,15772,0.76,0.9934747145187602,31300,1,0,0,0,1,1
194116,New York School of Interior Design,40.768615,31035.510739856803,18816.71599045346,NA,3603.830548926014,12903.871121718377,419,0.5392670157068062,0.1941747572815534,32850,21600,0.67,0.6,3299,1,0,0,0,0,1
194161,Nyack College,40.705798,13439.514830508475,9276.223516949152,NA,5306.358050847458,2254.135593220339,1888,0.9964788732394366,0.4098939929328622,26000,15000,0.58,0.9836065573770492,19125,1,0,0,1,0,1
194310,Pace University,40.711014,23449.483199727103,11833.825686508613,400.7910625959407,4149.367218147706,15508.598328500768,11726,0.8762250453720508,0.10139924514406702,46978,19682,0.73,0.9993438320209974,35315,1,0,0,0,1,1
194392,Paul Smiths College of Arts and Science,44.433965,13371.610457516339,10238.471895424836,NA,5539.828758169934,40225.90326797386,765,0.7471176018447349,0.2952674897119342,31080,15180,0.73,1,25144,1,0,0,0,0,1
194578,Pratt Institute-Main,40.691297,33624.84243863817,17018.86777513856,NA,4016.2589073634203,38329.25732383215,5052,0.6786165109820752,0.2105654761904762,53566,14668,0.75,0.8934426229508197,25287,1,0,0,0,0,1
194763,Rabbinical Seminary of America,40.72308,3370.736641221374,6086.641221374046,NA,870.0248091603054,800.263358778626,524,0.9568965517241379,0.9369369369369369,9900,6000,0.21,1,11927,1,0,0,1,0,1
194824,Rensselaer Polytechnic Institute,42.729978,27840.156214795345,18249.34284641382,13524.72149205157,3968.456627863312,89516.58931030167,7989,0.5301748771288147,0.1425029643203622,57100,16379,0.91,1,43364,1,1,0,0,1,1
194958,Roberts Wesleyan College,43.125755,15850.176721511274,10912.138939670933,NA,4412.386349786715,17056.151127361365,1641,0.8738805970149254,0.17677198975234842,33130,11302,0.83,1,23191,1,0,0,1,0,1
195003,Rochester Institute of Technology,43.084188,22053.12327365729,18970.04018998904,2982.3894775301424,3576.909024479357,68554.03609791743,13685,0.7136340829266068,0.21444550974752316,50225,14432,0.86,1,39890,1,0,0,0,1,1
195030,University of Rochester,43.126397,23633.524681038274,32564.54025516938,26683.23801143863,6367.091948966124,198623.58609766827,11365,0.4054648723328046,0.20482079757698132,58276,17388,0.92,0.9717425431711146,48588,1,1,0,0,1,1
195128,Russell Sage College,42.72822,17577.801591511936,10128.855172413792,34.69549071618037,3999.02599469496,19616.4350132626,1885,0.7308917197452229,0.19099491648511258,32394,13302,0.77,1,25968,1,0,0,0,1,1
195164,St Bonaventure University,42.080191,14076.129638792678,8048.336467095497,458.4725383473528,8144.292924294903,35840.53438891638,2021,0.7810810810810811,0.18646674356016918,36520,14476,0.86,1,28017,1,0,0,1,0,1
195173,St. Francis College,40.693228,15976.343891402716,9064.023529411765,NA,5952.318552036199,33456.19185520362,2210,0.8524955436720143,0.10690015682174595,27188,17200,0.73,1,9820,1,0,0,0,0,1
195191,St. Joseph's College of Nursing,43.055355,14469.24705882353,8642.360784313725,NA,890.4941176470588,14.72549019607843,255,0.6153846153846154,0.25,21096,6600,1,0.3333333333333333,812,1,0,0,1,0,0
195216,St Lawrence University,44.589879,23712.341522351995,18386.711236407573,77.94764397905759,8664.503423278293,123112.57027788965,2483,0.565459076097374,0.2040677966101695,59800,15530,0.88,1,49019,1,0,0,0,0,1
195234,The College of Saint Rose,42.664297,13911.052366283953,10837.049565947913,NA,3742.998879865584,12526.05208625035,3571,0.7633149171270718,0.0897510133178923,34114,13783,0.73,1,27547,1,0,0,0,0,1
195243,St. Thomas Aquinas College,41.041576,25852.18131868132,16078.614010989011,NA,7163.42032967033,69522.56593406593,728,0.8920254057868737,0.1843354430379747,34500,14780,0.75,1,30336,1,0,0,0,0,1
195304,Sarah Lawrence College,40.9355,27449.643192488264,21980.792253521126,39.82218309859155,6940.6989436619715,66755.00938967137,1704,0.584681042228212,0.16826738378793699,58936,16358,0.7,1,43002,1,0,0,0,0,1
195474,Siena College,42.717602,14670.23373341756,9844.579911560328,NA,6514.865445356917,42723.168667087804,3166,0.8283122019309062,0.14815334924870102,39925,16095,0.9,0.9839704069050554,30098,1,0,0,1,0,1
195526,Skidmore College,43.097035,34194.78638667632,21527.87834902245,1181.3902968863142,7262.128892107169,137342.5054308472,2762,0.3059234073013601,0.2102954080140392,59064,16068,0.88,0.9375,45085,1,0,0,0,0,1
195544,St. Joseph's University-New York,40.690418,18186.4406779661,8333.000997008972,NA,3743.7686939182454,8476.570289132602,1003,0.7976625273922571,0.20207570207570208,29976,NA,0.84,1,20253,1,0,0,0,0,1
195720,Saint John Fisher College,43.116259,24225.75356037152,13319.790712074304,NA,4769.422910216718,29034.065634674924,3230,0.7109634551495017,0.18566978193146416,35352,13020,0.9,1,23035,1,0,0,1,1,1
195809,St. John's University-New York,40.722523,22204.95519348269,12372.326883910388,435.9725050916497,3238.4801425661913,48122.391038696536,15712,0.8514244652971511,0.13478627811150276,43962,18250,0.83,0.9994469026548672,32277,1,0,0,1,1,1
196006,SUNY College of Technology at Alfred,42.255262,3682.9740761169332,10233.926089354662,26.359900717043573,2122.607004964148,1549.2608935466078,3626,0.8209366391184573,0.2684563758389262,14150,13450,0.78,0.9320388349514563,7830,1,0,0,0,0,1
196015,SUNY College of Technology at Canton,44.604096,4164.138318356868,9684.79974326059,1.8870346598202825,4202.257381258023,4121.084724005134,3116,0.9520879120879121,0.2077562326869806,13830,14100,0.7,0.8895184135977338,8230,1,0,0,0,0,1
196024,SUNY College of Technology at Delhi,42.269859,4282.811138014528,10528.325147007956,32.38567969560706,1880.080249048772,2563.550674507091,2891,0.884083044982699,0.21252446183953033,10840,13320,0.76,0.864406779661017,8470,1,0,0,0,0,1
196033,SUNY College of Agriculture and Technology at Cobleskill,42.672534,3876.7819107282694,9974.737666405637,24.409162098668755,3003.2227877838686,2805.520751761942,2554,0.810077519379845,0.27452153110047844,16980,14060,0.76,0.918429003021148,8865,1,0,0,0,0,1
196042,Farmingdale State College,40.754224,5144.470151562016,8721.059903082793,40.90875347974018,1790.4287039901021,604.4189091658934,9699,0.7250893495353824,0.31920347003154576,16980,13470,0.83,0.7993697478991597,7548,1,0,0,0,0,1
196051,SUNY Morrisville,42.893962,4685.3779971791255,10945.881523272214,53.341678420310295,1871.4005641748943,671.3758815232723,2836,0.8084443185038255,0.19032597266035753,16980,13900,0.73,0.9055299539170507,8094,1,0,0,0,0,0
196060,SUNY at Albany,42.685489,7145.548819875777,13557.659627329193,1996.0944099378883,1844.760745341615,4453.476273291925,16100,0.6798965436162708,0.20957255498685848,24910,15053,0.83,0.9602460955986749,10317,1,0,0,0,1,1
196079,Binghamton University,42.087868,8190.9241573033705,11883.236774344568,2529.7395833333335,1897.5977294007491,6475.712078651685,17088,0.4415298611286773,0.17696934975651676,24910,17064,0.92,0.714765100671141,7549,1,0,0,0,1,1
196088,University at Buffalo,43.000942,10688.824506825751,17585.4401054057,5711.288657907257,1412.1001354170478,26534.409837865536,27323,0.7008780487804878,0.19993504083147737,24990,15452,0.87,0.8301232665639445,8011,1,0,0,0,1,1
196097,Stony Brook University,40.91476,11057.052763924396,21270.372155400026,5417.790117765391,2546.6246175767988,10265.942919408239,23861,0.4805800236954618,0.1830751915965486,24990,15498,0.9,0.8723860589812332,10385,1,0,0,0,1,1
196103,SUNY College of Environmental Science and Forestry,43.034765,5006.746922698178,18130.571147218117,9183.436730674544,3093.2048252092563,18533.085179714428,2031,0.6531971580817052,0.2141400407885792,17830,17890,0.86,0.9152542372881356,8132,1,0,0,0,1,1
196112,SUNY Polytechnic Institute,43.137701,5991.086814086814,15830.219492219492,87487.80507780508,2523.373054873055,2380.013104013104,2442,0.772524199553239,0.14795180722891565,17830,13404,0.82,0.9312169312169312,8743,1,0,0,0,1,1
196121,SUNY Brockport,43.211926,5231.3433152245925,10489.806545647278,94.84192394328872,1815.0178879024777,1832.1375380946072,7547,0.7644871794871795,0.16803622337749455,16980,14613,0.76,0.8604026845637583,7314,1,0,0,0,0,1
196130,SUNY Buffalo State,42.933832,4220.876316723873,11338.90282873713,375.165581725648,1624.397443484436,5994.21280624926,8449,0.8454010118603301,0.13185519474148927,16980,14386,0.65,0.929724596391263,8849,1,0,0,0,0,1
196149,SUNY Cortland,42.598022,5739.723300251814,9447.041919715597,56.821359798548364,1649.7681824914828,5857.324840764331,6751,0.6049912434325744,0.17672600955275727,16980,13200,0.85,0.8,6437,1,0,0,0,0,1
196158,SUNY at Fredonia,42.452236,4650.366518706404,11811.521876981611,225.03360811667724,2025.1297822870429,7584.215599239062,4731,0.9074550128534704,0.1902738432483475,16980,13580,0.77,0.9706840390879479,9124,1,0,0,0,0,1
196167,SUNY College at Geneseo,42.796645,5821.487795992714,10111.610200364299,206.0143897996357,1813.2336976320582,5730.765027322404,5490,0.7385477315170823,0.14978432247508552,16980,14280,0.85,0.9051851851851852,7503,1,0,0,0,0,1
196176,State University of New York at New Paltz,41.740936,5898.316871871195,10818.028683534028,91.9051549181437,2504.5590583141657,3103.868488702476,7391,0.4613843935266784,0.19673554436534121,16980,14494,0.87,0.7976501305483029,7875,1,0,0,0,0,1
196185,SUNY Oneonta,42.468861,5242.4884293451505,9345.933037912358,88.44280321680617,1936.2171344165436,9458.992286230101,6093,0.6960764587525151,0.13629137158548923,16980,14580,0.83,0.8133535660091047,7749,1,0,0,0,0,1
196194,SUNY College at Oswego,43.454287,5339.310221769054,10270.057354065766,275.39153708896254,2495.106806015804,4692.7127198572525,7846,0.7964661581539055,0.1415929203539823,16980,14640,0.81,0.9974715549936789,9854,1,0,0,0,0,1
196200,SUNY College at Potsdam,44.662148,3828.255864702673,13406.27659574468,36.90234588106929,2502.602018548827,10441.195853791598,3666,0.8133333333333334,0.15859702630575676,16980,13950,0.8,0.9592476489028213,9397,1,0,0,0,0,1
196219,SUNY at Purchase College,41.047223,6823.767022538553,12622.133333333333,12.323606168446027,2371.5931198102016,18138.607829181496,4215,0.7541388682975043,0.22280471821756226,16980,14548,0.79,0.8494623655913979,8423,1,0,0,0,0,1
196237,SUNY College at Old Westbury,40.799021,4663.771683673469,10021.772108843537,23.88307823129252,2213.0552721088434,80.48490646258503,4704,0.7656622588337307,0.13420158550396377,16980,12310,0.75,0.909375,9218,1,0,0,0,0,1
196246,SUNY College at Plattsburgh,44.69293,5227.127923976608,10871.056286549707,176.81487573099415,2640.3008040935674,3856.8362573099416,5472,0.6796376058220704,0.20104895104895104,16980,14740,0.79,0.9037037037037037,10042,1,0,0,0,0,1
196291,SUNY Maritime College,40.807217,7595.6294146105465,12110.641509433963,125.04886308659894,5185.920174165457,3920.305273343009,2067,0.7405223251895535,0.31285551763367464,16980,14397,0.78,0.7593984962406015,6923,1,0,0,0,0,1
196413,Syracuse University,43.040176,26474.880450070323,17446.849507735584,3199.5850914205344,6061.833245428973,58820.64135021097,22752,0.5919308502595635,0.16028779428668738,55920,16895,0.89,0.9581211092246746,40605,1,0,0,0,1,1
196592,Touro College,40.757267,26746.198830409357,14115.087719298246,NA,3301.40350877193,5027.7192982456145,8550,0.7694723618090452,0.4440816326530612,18283,12774,0.9,0.9840637450199203,10878,1,0,0,0,1,1
196653,Trocaire College,42.846693,18318.72765072765,9116.575883575884,NA,2810.9615384615386,19287.505197505197,962,0.47442680776014107,0.21561338289962825,18340,NA,1,0.9230769230769231,10306,1,0,0,1,0,0
196866,Union College,42.818097,32663.87236131566,23499.232204221895,450.2479135984291,9294.035346097202,224104.07461953853,2037,0.470281124497992,0.16083119840592086,61308,15198,0.88,0.9862068965517241,43236,3,0,0,0,0,1
197045,Utica University,43.096213,15340.558733160009,7675.718269912551,2.265894587567951,3882.3271094303946,6116.818718978965,4231,0.8944156240463839,0.1555783009211873,22314,12572,0.78,0.9812834224598931,14819,1,0,0,0,0,1
197133,Vassar College,41.686895,28257.96855078623,35063.32341691458,798.5550361240969,9175.095622609435,460191.82320441987,2353,0.20148842337375963,0.30962152302781576,61940,15710,0.93,0.8713910761154856,45083,1,0,0,0,0,1
197142,Villa Maria College,42.91223,15317.383104125736,5730.73673870334,NA,3199.705304518664,3334.041257367387,509,0.755700325732899,0.46120689655172414,24700,NA,0.58,1,19021,1,0,0,1,0,0
197197,Wagner College,40.615588,21929.10302498904,10327.838667251206,NA,9396.803156510303,37559.540552389306,2281,0.8173007896625987,0.15678524374176547,48730,14980,0.75,1,32847,1,0,0,1,0,1
197221,Webb Institute,40.884444,4.201680672268908,21464.268907563026,NA,6034.109243697479,636430.7899159663,119,0.20454545454545456,0.7222222222222222,53470,13580,0.92,1,60285,1,1,0,0,0,1
197230,Wells College,42.742943,13832.051339285714,10770.80580357143,NA,8081.352678571428,83001.82142857143,448,0.8783382789317508,0.0945945945945946,30950,14800,0.52,1,26873,1,0,0,0,0,1
197692,Yeshiva Shaar Hatorah,40.703795,22873.15294117647,12816.729411764705,5061.211764705882,3139.505882352941,609.6470588235294,85,0.825,0.7878787878787878,17450,2100,0.89,1,6593,1,1,0,1,0,1
197708,Yeshiva University,40.850605,26494.842702423928,22861.268695203715,901.7534811758638,6279.009798865394,132760.4414646725,3878,0.6269503546099291,0.5610859728506787,44300,13000,0.9,0.5789473684210527,24589,1,0,0,0,1,1
197735,Yeshivath Viznitz,41.114682,5859.563953488372,2652.545348837209,NA,150.58023255813953,0.17093023255813952,860,0.9153225806451613,1,8640,3456,0.97,1,13940,1,0,0,0,0,0
197869,Appalachian State University,36.215536,6780.295273272309,7600.100101707618,155.62191531502597,801.5676355655479,6550.718269899899,18681,0.846875,0.22917365537291737,19849,9681,0.86,0.6640584246218049,5970,1,0,0,0,1,1
197911,Barton College,35.734376,14395.247658688866,9648.027055150884,NA,7907.8688865764825,30287.292403746098,961,0.9744245524296675,0.13753280839895013,33430,10970,0.7,1,23768,1,0,0,1,0,1
197984,Belmont Abbey College,35.260651,10594.52104899931,5254.730158730159,NA,5977.662525879917,6355.494133885438,1449,0.9891363389462249,0.23503569467325644,18500,11590,0.7,1,9891,1,0,0,1,0,1
197993,Bennett College,36.067531,4932.544419134397,11164.708428246013,NA,3982.3120728929384,29874.234624145785,439,0.7922824302134647,0.027979274611398965,16000,8600,0.52,1,14996,1,0,0,1,0,1
198066,Brevard College,35.236763,13110.721077654516,8517.851030110935,NA,7279.112519809825,42594.97622820919,631,0.44713261648745517,0.21743486973947895,28400,11400,0.6,1,21671,1,0,0,1,0,1
198136,Campbell University,35.409149,20233.232250300844,15575.943842759727,NA,4693.27878058564,29972.07862013638,4986,0.8725253500724288,0.15550636413945768,35580,13625,0.76,0.9970760233918129,32819,1,0,0,1,0,1
198215,Catawba College,35.691443,22475.99074074074,9628.568672839507,3.386574074074074,3648.7021604938273,55244.5987654321,1296,0.5611641655297863,0.21393841166936792,32380,11130,0.72,1,27896,1,0,0,0,0,1
198303,Chowan University,36.436258,10481.88262910798,5480.26626425218,NA,5309.726358148893,17483.737089201877,1491,0.7925211097708083,0.15905631659056316,25880,9600,0.59,1,21023,1,0,0,1,0,1
198385,Davidson College,35.499767,21254.394736842107,20690.946356275304,666.6123481781376,13726.106275303644,412214.024291498,1976,0.1779608330742928,0.4777292576419214,54460,15225,0.93,0.9681528662420382,53165,1,1,0,1,0,1
198419,Duke University,36.001135,34167.26194487499,76949.18795067053,64300.15499696745,5453.669384729429,574489.256688456,14839,0.058889805444339374,0.5958319098052614,58085,16206,0.97,0.8805394990366089,50353,1,1,0,1,1,1
198464,East Carolina University,35.607186,7921.150742603204,11902.748216582855,1146.258605231357,750.6032043035902,7826.360113826843,25653,0.9388985295460772,0.19941634241245138,20729,10450,0.83,0.6997389033942559,6401,1,0,0,0,1,1
198507,Elizabeth City State University,36.277978,3124.087159533074,13194.954085603113,866.1338521400778,7824.128404669261,9114.810116731518,1285,0.7678624369997036,0.1250965250965251,5000,8509,0.76,0.9627659574468085,9353,1,0,0,0,0,1
198516,Elon University,36.104148,26874.775604809503,16468.841083586845,NA,5734.293785310734,37081.76734753006,6903,0.7771111360322979,0.11479904755032831,38218,13422,0.9,0.9158415841584159,17328,4,0,0,0,0,1
198543,Fayetteville State University,35.073641,3313.085504587156,8436.891009174313,144.9959633027523,1609.268990825688,4162.907889908257,5450,0.8205562273276904,0.18626584143825523,14590,9440,0.66,0.9801488833746899,10023,1,0,0,0,1,1
198561,Gardner-Webb University,35.24732,11922.180593816958,7992.082032445669,NA,4645.104377104377,20179.71472298745,3267,0.7894643804136469,0.10008956560680698,31220,10540,0.68,1,25365,1,0,0,1,1,1
198598,Greensboro College,36.071082,12157.704845814978,6915.516519823788,NA,4058.9129955947137,26327.775330396475,908,0.8814102564102564,0.14909090909090908,18960,11224,0.63,1,14920,1,0,0,1,0,1
198613,Guilford College,36.094233,12734.525529265255,8868.10398505604,73.16251556662516,6114.18306351183,54004.11457036115,1606,0.8209448298645524,0.09939637826961771,40400,12800,0.72,1,31383,1,0,0,1,0,1
198695,High Point University,35.972035,25245.77707259024,10514.522808409361,NA,5456.957159857199,12645.86037286791,5042,0.8027802690582959,0.16098759915093286,34628,15906,0.82,0.9915014164305949,21414,1,0,0,1,1,1
198756,Johnson C Smith University,35.243033,11617.849129593811,8576.613152804643,547.4435847840103,4487.0928433268855,43955.548678272084,1551,0.44533029612756264,0.20886615515771526,16174,7100,0.65,0.9457364341085271,12593,1,0,0,0,0,1
198808,Lees-McRae College,36.162477,9087.146186440677,5740.059322033899,NA,4923.881355932203,26146.834745762713,944,0.5920090039392234,0.23479087452471484,26267,11550,0.68,0.9285714285714286,19748,1,0,0,1,0,1
198835,Lenoir-Rhyne University,35.739968,12594.167224080267,8611.813545150502,NA,4550.998745819398,47442.95652173913,2392,0.8572312770786054,0.09193742478941035,41500,12800,0.73,1,33632,1,0,0,1,0,1
198862,Livingstone College,35.670877,12403.142164781906,5654.95718901454,NA,1894.3812600969306,3824.1599353796446,1238,0.512988716872212,0.10434782608695652,15917,6794,0.47,1,11598,1,0,0,1,0,0
198871,Louisburg College,36.105035,11522.682108626199,3986.821086261981,NA,3557.1964856230034,22714.624600638977,626,0.8157894736842105,0.864516129032258,17976,11550,0.56,1,15510,1,0,0,1,0,0
198899,Mars Hill University,35.82752,10846.596979332273,8649.618441971383,NA,2054.9674085850556,41351.01430842607,1258,0.7950963222416813,0.22173274596182085,35665,9934,0.67,1,29179,1,0,0,0,0,1
198950,Meredith College,35.799351,18497.6317617866,10836.767245657567,NA,2594.387593052109,56344.01191066998,2015,0.6987104337631888,0.28859060402684567,41104,12120,0.86,0.995850622406639,32546,1,0,0,0,0,1
198969,Methodist University,35.135058,15714.212050443717,10415.025688930406,NA,5105.935544138253,10145.722559551612,2141,0.7858613589567605,0.18165938864628822,36260,12919,0.58,1,26353,1,0,0,1,0,1
199032,Montreat College,35.646577,11742.748091603053,6045.089058524173,NA,6301.221374045802,11525.52417302799,786,0.9023890784982935,0.16036308623298035,29212,9828,0.68,1,17946,1,0,0,1,0,1
199069,University of Mount Olive,35.208166,9431.826342035787,3525.5517747139925,NA,4142.960692285127,9964.965679084775,3409,0.8257756563245824,0.1726878612716763,21618,9170,0.65,0.9947643979057592,17141,1,0,0,1,0,0
199102,North Carolina A & T State University,36.07282,6512.38245260555,7945.405256891657,2752.859236193791,799.6502426962176,5845.495008700431,10919,0.5734856930509105,0.2373238295804309,17050,8419,0.8,0.8396897220426632,7936,1,0,0,0,1,1
199111,University of North Carolina at Asheville,35.617068,6840.591508892714,9698.69076305221,574.8539873780837,1972.1764199655765,14076.807802639129,3486,0.8162637362637363,0.16289714593430263,21470,10248,0.76,0.9448051948051948,7393,1,0,0,0,0,1
199120,University of North Carolina at Chapel Hill,35.911769,17408.764960489218,30841.148393757692,25265.626017551524,2071.6573879204225,131345.07818766628,25183,0.20398588578525104,0.4532276768457673,34882,11882,0.95,0.7591549295774648,12297,1,0,0,0,1,1
199139,University of North Carolina at Charlotte,35.306022,8273.124533815218,9427.975316236687,1177.4278134491906,1194.1915490791648,7752.766811488331,26009,0.79446135716390065,0.26304079110012363,17246,12895,0.85,0.7881320518178019,6890,1,0,0,0,1,1
199148,University of North Carolina at Greensboro,36.068236,6260.808843233586,9338.882313532828,999.4593568557392,1492.43032603841,16303.824921840107,17912,0.9083769633507853,0.26173322354878553,19581,9686,0.81,0.9123287671232877,8322,1,0,0,0,1,1
199157,North Carolina Central University,35.974237,6588.631490787269,11549.782244556114,1468.5596035734227,1255.9878559463987,5112.982691233948,7164,0.7601892285298398,0.18030955800223392,16435,10744,0.78,0.9661705006765899,10730,1,0,0,0,1,1
199184,University of North Carolina School of the Arts,36.076183,14579.83786316776,22376.018744142457,NA,2507.464854732896,63452.52858481724,1067,0.2975018925056775,0.5292620865139949,23731,11502,0.91,0.7843137254901961,10573,1,0,0,0,0,0
199193,North Carolina State University at Raleigh,35.785111,11045.983348379978,16314.979770622262,11125.201457852676,1347.5631123148428,43258.86835857826,29907,0.47484696042184377,0.32203714340417383,27320,11957,0.94,0.7532405184829573,8289,1,0,0,0,1,1
199209,North Carolina Wesleyan College,36.019665,10708.800910125143,5922.1598407281,NA,3567.2667804323096,6148.851535836177,1758,0.4509009009009009,0.1928071928071928,32996,11918,0.66,1,29308,1,0,0,1,0,1
199218,University of North Carolina Wilmington,34.225223,7446.263610315186,8273.827168533473,874.6419640531388,1153.2211513414952,6624.702787184163,15356,0.6798378926038501,0.2268070044709389,18508,11346,0.84,0.7575187969924813,5890,1,0,0,0,1,1
199272,William Peace University,35.789139,14496.59247311828,4234.612903225807,NA,5257.9946236559135,38317.38494623656,930,0.5208503679476697,0.20094191522762953,31950,12040,0.74,1,24712,1,0,0,1,0,1
199281,University of North Carolina at Pembroke,34.688313,4638.092240911557,7144.101284138181,127.8773738469886,1240.288840658347,4345.893289925845,5529,0.9184295446396558,0.17489752098379854,5000,10684,0.71,0.9108061749571184,6762,1,0,0,0,0,1
199306,Pfeiffer University,35.484696,12209.033519553073,9847.608007448789,NA,5554.989757914339,14201.947858472999,1074,0.7176029962546816,0.19728601252609604,31160,12274,0.67,1,25804,1,0,0,1,0,1
199412,Queens University of Charlotte,35.189051,12169.331010452961,9394.09756097561,NA,5523.84756097561,66339.24041811847,2296,0.6919783043105909,0.12087458745874588,37348,13262,0.79,0.7389380530973452,24195,1,0,0,1,0,1
199458,Mid-Atlantic Christian University,36.304673,7669.087719298245,5669.643274853801,NA,4814.877192982456,19403.64912280702,171,0.48,0.35,15520,9200,0.48,1,10328,1,0,0,1,0,0
199582,Saint Augustine's University,35.785468,14048.068057080132,9635.746432491767,NA,6729.9560922063665,20181.06695938529,911,0.7475590271613705,0.19425314652101638,10968,8942,0.52,0.9973474801061007,11264,1,0,0,1,0,1
199607,Salem College,36.086271000000004,9006.493181818181,10579.094318181818,NA,4428.318181818182,68946.98636363636,880,0.9018789144050104,0.1111111111111111,30500,12300,0.48,1,27663,1,0,0,1,0,1
199643,Shaw University,35.771181,14840.6,7152.930967741935,66.39612903225806,2950.968387096774,6882.690322580645,1550,0.653388090349076,0.08925204274041483,11808,8514,0.67,0.9724770642201835,14737,1,0,0,1,0,1
199698,St. Andrews University,34.74563,11124.333333333334,5060.303738317757,NA,9216.218068535825,11080.841121495327,642,0.12292051756007394,0.981203007518797,27730,11300,0.53,1,17533,1,0,0,1,0,1
199759,Southeastern Baptist Theological Seminary,35.981858,7398.195342820181,4714.6714100905565,NA,708.7367399741267,18864.40620957309,1546,0.898876404494382,0.6625,9432,6836,0.76,1,11678,1,0,0,1,1,0
199847,Wake Forest University,36.133609,35982.77580451329,30083.455735078114,24021.36466818,4817.4656162371475,177494.33035118174,7489,0.2517814726840855,0.370020964360587,58708,16044,0.95,0.7755102040816326,45056,1,0,0,0,1,1
199865,Warren Wilson College,35.610328,14350.352173913043,12481.446376811595,NA,6763.250724637681,76256.45217391304,690,0.7739965095986039,0.25366403607666294,37500,11750,0.57,1,27517,1,0,0,0,0,1
199962,Wingate University,34.986064,13581.645808736717,8765.619834710744,NA,3915.4028925619837,27247.21841794569,3388,0.845261012342883,0.052046352736285086,40070,10270,0.64,1,36874,1,0,0,0,1,1
199999,Winston-Salem State University,36.089554,4938.622070728589,10549.893481039626,446.9850873455475,1557.0952279505752,6948.839369407755,4694,0.814725964200037,0.20656851642129107,14057,11440,0.77,0.9246376811594202,7754,1,0,0,0,0,1
200004,Western Carolina University,35.308979,6303.463610776035,7710.274427020507,219.86851628468034,1246.8572577402492,8244.172094893445,9948,0.7941988950276243,0.17687979539641943,5000,11097,0.81,0.8048523206751055,4930,1,0,0,0,1,1
200059,Dickinson State University,46.882917,6079.5518157661645,13390.404782993799,96.82462356067316,3283.758193091231,7032.421612046059,1129,0.9934640522875817,0.5899122807017544,8294,7500,0.63,0.9426751592356688,4986,1,0,0,0,0,1
200156,University of Jamestown,46.914302,10212.395014381591,9514.664429530201,NA,4619.406519654842,36667.378715244486,1043,0.7579113924050633,0.33924843423799583,22718,8316,0.73,1,16382,1,0,0,1,0,1
200217,University of Mary,46.723767,18298.31979030144,8454.203145478376,NA,1480.03374836173,17843.963302752294,3052,0.7878590078328982,0.4225352112676056,18340,7990,0.78,1,13514,1,0,0,1,1,1
200226,Mayville State University,47.505415,6050.852340936374,7699.759903961584,265.17406962785117,3757.324129651861,8837.349339735894,833,0.6098901098901099,0.5435435435435435,9400,8955,0.63,0.9206349206349206,5668,1,0,0,0,0,1
200253,Minot State University,48.246961,5977.476958525345,7462.622119815668,160.07488479262673,3258.51420890937,10584.87173579109,2604,0.8838475499092558,0.7679671457905544,6892,6892,0.71,0.9144385026737968,5152,1,0,0,0,0,1
200280,University of North Dakota,47.921654,12058.891092408965,16037.161903174736,6695.773352220648,3905.7778518456794,23479.358053495544,12001,0.8903052666890305,0.3306330067822155,13323,9922,0.81,0.8865546218487395,5999,1,0,0,0,1,1
200332,North Dakota State University-Main Campus,46.893127,10351.962068965517,10018.045689655173,9116.889655172414,3689.6055172413794,44.39060344827586,11600,0.9545622006631462,0.3204682876624212,13426,9078,0.82,0.8956953642384106,6061,1,0,0,0,1,1
200484,Trinity Bible College and Graduate School,46.001037,10447.910526315789,7724.594736842106,NA,6062.305263157895,2405.6263157894737,190,0.96875,0.7096774193548387,15144,6436,0.5,1,10360,1,0,0,1,1,1
200572,Valley City State University,46.918517,6133.567636986301,11129.127568493152,116.38527397260275,1691.5633561643835,6233.358732876713,1168,0.8144796380090498,0.5444444444444444,11138,6919,0.72,1,7690,1,0,0,0,0,1
200800,University of Akron Main Campus,41.078551,10335.314512829505,10990.681512654159,1695.7250569875505,1006.5453270208662,12855.502016482553,17109,0.8491881397811507,0.22477397900862517,9595,10424,0.75,0.9725274725274725,9257,1,0,0,0,1,1
201061,Art Academy of Cincinnati,39.108805,21636.413580246914,7894.734567901234,NA,6367.469135802469,14078.91975308642,162,1,0.15609756097560976,33400,10500,0.59,1,16266,1,0,0,0,0,1
201104,Ashland University,40.861755,13497.8473960436,7376.468308437627,NA,4158.637060960839,9195.442874444892,4954,0.7000926354793886,0.2312272576910354,22000,10940,0.77,1,16271,1,0,0,1,1,1
201177,Aultman College of Nursing and Health Sciences,40.796186,18258.98148148148,9137.337037037038,NA,5169.222222222223,6770.337037037037,270,0.3191489361702128,0.3466666666666667,18210,NA,0.69,1,6398,1,0,0,0,0,0
201195,Baldwin Wallace University,41.373017,16362.09753539591,12275.59937073938,102.76691137912952,4357.96670162559,45821.42003146303,3814,0.7901176470588235,0.21739130434782608,35366,12424,0.85,1,25780,1,0,0,0,0,1
201371,Bluffton University,40.895606,11186.569074778201,9808.501901140684,NA,5548.728770595691,32006.993662864385,789,0.9691629955947136,0.18333333333333332,33952,11346,0.72,1,28227,1,0,0,1,0,1
201441,Bowling Green State University-Main Campus,41.375513,9508.998774810096,8288.244302866944,593.2226782651311,1022.825165400637,9941.63293310463,16324,0.7873189396009839,0.19161344071091363,18765,11974,0.79,0.8955314009661836,6842,1,0,0,0,1,1
201548,Capital University,39.954875,16100.117290192113,11695.282777216044,NA,4153.3218739467475,36179.858442871584,2967,0.7417015341701534,0.1594584430236931,38928,12008,0.75,1,28837,1,0,0,1,0,1
201645,Case Western Reserve University,41.507419,33633.09010580165,38585.96674805255,44886.81548657133,3850.7680502267176,219365.3017091036,8601,0.3023892633606163,0.15981689720370187,54020,16482,0.93,0.9553327256153145,35976,1,0,0,0,1,1
201654,Cedarville University,39.749237,17916.03125,10053.237723214286,NA,2328.22265625,8581.892299107143,3584,0.6224392111813134,0.2989849277145494,33174,8120,0.88,1,21955,1,0,0,1,0,1
201690,Central State University,39.715787,3432.2064036592337,7478.84162378502,2087.646083476272,3514.3201829616924,1427.6969696969697,1749,0.586357401172216,0.1709910676307954,6842,10480,0.56,0.9292604501607717,7200,1,0,0,0,0,1
201821,The Christ College of Nursing and Health Sciences,39.121821,11539.16,6444.386206896552,NA,3310.56,7977.554482758621,725,0.6412213740458015,0.27380952380952384,15114,NA,0.78,0.9607843137254902,9502,1,0,0,0,0,0
201885,University of Cincinnati-Main Campus,39.131159,13825.025301843822,11820.19779739806,6090.827691635728,2236.3557233332294,42578.80285776682,32053,0.8483026188166828,0.24697004344843357,25433,12288,0.88,0.6317471590909091,5669,1,0,0,0,1,1
202046,Cleveland Institute of Art,41.510435,21618.839813374805,12566.94401244168,NA,5108.46034214619,43390.73716951789,643,0.6587982832618026,0.22149837133550487,42530,11860,0.76,0.9924242424242424,29070,1,0,0,0,0,1
202073,Cleveland Institute of Music,41.512444,27043.251798561152,27724.707434052758,NA,1786.3141486810553,101584.25899280576,417,0.32894736842105265,0.3,40000,13700,0.96,1,32827,1,0,0,0,0,1
202134,Cleveland State University,41.502281,10562.978489966797,7942.612963764977,679.228165150859,1390.9181463837158,547.3856647899523,13854,0.9129150008691118,0.17793221629855294,16574,14219,0.76,0.9759036144578314,9552,1,0,0,0,1,1
202170,Columbus College of Art and Design,39.966074,20808.048216007715,12405.375120540019,NA,2300.612343297975,14357.058823529413,1037,0.9438356164383561,0.274310595065312,36500,11490,0.72,1,22323,1,0,0,0,0,1
202480,University of Dayton,39.739547,19531.277003656487,12725.96106334618,14586.125111176994,2844.9451526830712,56063.936752643545,10119,0.8063376202062333,0.1527408578202457,44890,14870,0.91,0.9843260188087775,33068,1,0,0,1,1,1
202514,Defiance College,41.296842,15893.591651542649,8782.112522686026,NA,9584.528130671506,29339.40653357532,551,0.6221161495624503,0.10230179028132992,34044,10826,0.6,0.9795918367346939,24939,1,0,0,1,0,1
202523,Denison University,40.071505,18192.62801932367,18322.95893719807,231.4706119162641,9452.515297906602,342357.4363929147,2484,0.28266582571218335,0.2432130903681666,57500,13900,0.85,0.9949748743718593,39591,1,0,0,0,0,1
202763,The University of Findlay,41.053344,16470.281192297545,10564.919546293853,NA,3551.9469796887365,11011.834344500132,3791,0.8359594822734947,0.21777179400875127,35878,10488,0.79,1,27504,1,0,0,1,1,1
203085,Heidelberg University,41.114833,13103.14262560778,9669.57131280389,1060.114262560778,6865.577795786062,42338.36304700162,1234,0.8636112644947542,0.170076726342711,32900,11070,0.78,1,23887,1,0,0,1,0,1
203128,Hiram College,41.3107,16145.198984771574,11215.306598984771,NA,6479.25076142132,75389.91269035533,985,0.9342245989304813,0.13508872352604465,25000,10500,0.75,1,19941,1,0,0,0,0,1
203368,John Carroll University,41.491321,15430.470158343483,10691.945797807552,2218.6769183922047,4400.316382460414,68743.8587088916,3284,0.8810584228451663,0.17424918227772823,43740,12876,0.84,0.9728260869565217,31942,1,0,0,1,0,1
203517,Kent State University at Kent,41.146653,10371.893162058432,7074.992167306336,649.4559410981436,1031.3476932717163,5712.0632881648,25534,0.8731452140234395,0.23330837029782822,19876,12446,0.82,0.9573980760421439,9636,1,0,0,0,1,1
203535,Kenyon College,40.374408,30723.112773917692,23503.044361304117,440.70817744521645,12849.546766435062,221199.58097274185,1871,0.36547822654913825,0.18286537077033838,63060,13310,0.89,0.9615384615384616,40993,1,1,0,0,0,1
203580,Lake Erie College,41.717841,11579.241279069767,5970.779069767442,NA,4603.553294573643,33442,1032,0.5472508591065293,0.2967032967032967,32610,10714,0.66,1,26462,1,0,0,0,0,1
203757,Lourdes University,41.710009,12664.929325751422,7956.177091795288,NA,4016.23314378554,6580.624695369618,1231,0.7523975588491717,0.20509849362688296,24400,12200,0.67,1,17702,1,0,0,1,0,1
203775,Malone University,40.825662,11545.019659239842,6722.997378768021,11.343381389252949,3503.2300131061597,11688.964613368284,1526,0.7802887633396108,0.17860016090104586,32400,10400,0.78,1,25728,1,0,0,1,0,1
203845,Marietta College,39.41668,16543.544769874476,14127.682008368201,NA,6262.875313807532,70925.86443514645,1195,0.8309090909090909,0.17943107221006566,36410,11768,0.77,1,31950,1,0,0,0,0,1
203960,Mercy College of Ohio,41.658319,14706.017769002961,8974.890424481737,NA,2551.6357354392894,19897.200394866733,1013,0.4097222222222222,0.3983050847457627,16200,NA,0.71,1,12134,1,0,0,1,0,0
204024,Miami University-Oxford,39.507757,18359.480540931145,11258.814390420152,794.1994425518736,1489.9525136781253,27598.12201920099,19374,0.8859953317772591,0.17007263558014377,33388,15080,0.88,0.9122994652406418,10851,1,0,0,0,1,1
204185,University of Mount Union,40.905256,14109.032523672293,9695.183202964183,NA,4282.530671058049,58411.27706875257,2429,0.7973819009675583,0.17594575303354745,33000,10900,0.76,1,22763,1,0,0,0,0,1
204194,Mount Vernon Nazarene University,40.372901,11239.940435280641,7102.6214203894615,NA,4835.187285223367,12135.43642611684,1746,0.8722504230118443,0.2851600387972842,23483,9246,0.77,1,23296,1,0,0,1,0,1
204200,Mount Saint Joseph University,39.095893,17839.531308121514,9066.103533787973,NA,3047.2467451952884,24622.03595784253,1613,0.631620868180008,0.18915510718789408,32100,10400,0.74,1,25175,1,0,0,1,1,1
204264,Muskingum University,39.996585,11315.921412300684,9664.20728929385,NA,4145.231207289294,42285.307517084286,1756,0.8562300319488818,0.19682835820895522,29300,12050,0.73,0.9901960784313726,23812,1,0,0,1,0,1
204468,Notre Dame College,41.506894,12656.136181575434,5116.116822429906,NA,7028.295060080107,6698.118825100133,1498,0.8238866396761133,0.10958230958230958,30650,10458,0.67,0.9943181818181818,29528,1,0,0,1,0,1
204501,Oberlin College,41.291992,28041.48549810845,27242.301387137453,257.14974779319044,4941.766393442623,298596.6204287516,3172,0.3433990752099651,0.23742786479802144,59384,17854,0.83,0.9966329966329966,44125,4,0,0,0,0,1
204617,Ohio Dominican University,39.992764,12828.574244415244,5951.996714848883,NA,4244.289093298292,14841.072273324573,1522,0.5354691075514875,0.15384615384615385,32780,11450,0.62,1,23092,1,0,0,1,0,1
204635,Ohio Northern University,40.7662,21552.62277580071,17540.71174377224,875.1245551601423,5425.200177935943,73966.39145907473,2248,0.68895292987512,0.20580033463469047,34390,12650,0.84,0.9839357429718876,25199,1,0,0,1,0,1
204796,Ohio State University-Main Campus,39.999324,16394.647983944535,15977.566137566138,6535.805509943441,2013.8376208721036,94687.10906768838,54810,0.5718288071502234,0.2531786347650966,34101,13392,0.94,0.8073002301874384,10180,1,0,0,0,1,1
204857,Ohio University-Main Campus,39.326798,11790.278128013053,10184.267596232292,2022.874879477861,1860.6385819179707,21097.201513016393,26966,0.8855197165600699,0.19038711353598337,22810,11862,0.81,0.9685658153241651,8112,1,0,0,0,1,1
204909,Ohio Wesleyan University,40.295963,12634.16864608076,16018.748218527317,206.4477434679335,7928.565320665083,142293.27315914488,1684,0.7408340330254688,0.13751416698148847,48272,13288,0.82,1,38255,1,0,0,1,0,1
204936,Otterbein University,40.125327,15021.126495106922,10590.787241754259,NA,4104.605291772381,35438.985139543314,2759,0.8289510884930732,0.19440654843110505,33224,11692,0.78,1,24435,1,0,0,1,0,1
205027,Pontifical College Josephinum,40.120735,22384.445205479453,21315.719178082192,NA,6001.068493150685,206142.2876712329,146,0.8,1,26500,11627,0.86,NA,NA,1,1,0,1,0,0
205124,Rabbinical College Telshe,41.593533,9641.476923076923,15883.815384615385,NA,5301.723076923077,108.07692307692308,65,0.84375,0.8888888888888888,13600,3000,0.75,1,11443,1,0,0,1,0,0
205957,Franciscan University of Steubenville,40.376919,15451.446034816248,8049.282785299806,NA,4480.5330754352035,23767.42591876209,2585,0.6845369960124058,0.38058252427184464,29720,9240,0.86,0.9880952380952381,17238,1,0,0,1,0,1
206048,Tiffin University,41.118316,11179.897329171003,4369.917100242803,NA,5063.729448491155,4247.88969823101,2883,0.7374033591042388,0.17642805495300073,27780,12470,0.66,1,18613,1,0,0,0,1,1
206084,University of Toledo,41.660572,11342.45640759333,14405.65806935549,2389.211239974612,1457.0316773411805,17709.360567768737,17331,0.96522793894673,0.24421405382762593,18388,12908,0.78,0.9718792866941015,8152,1,0,0,0,1,1
206349,Ursuline College,41.497035,18819.35738831615,12909.48224513173,NA,5542.341351660939,26656.31156930126,873,0.8245901639344262,0.24055666003976142,35310,11580,0.75,1,29990,1,0,0,1,0,0
206437,Walsh University,40.873908,13074.656426839127,8400.169765561843,NA,3378.533144704931,11066.8051738076,2474,0.7992465016146394,0.2255892255892256,30205,11390,0.71,1,26441,1,0,0,1,0,1
206491,Wilberforce University,39.707291,16692.24844720497,12137.860248447205,NA,8002.189440993789,25446.00310559006,322,0.38798893717898064,0.15274949083503056,12020,7000,0.35,1,9380,1,0,0,1,0,1
206507,Wilmington College,39.444744,10754.834710743802,5774.505785123967,NA,5504.029752066116,30720.862809917355,1210,0.868766404199475,0.17069486404833836,27720,10600,0.65,1,16175,1,0,0,1,0,1
206525,Wittenberg University,39.934029,13842.166580444904,10043.968960165546,141.39730988101397,5345.7584066218315,59987.4599068805,1933,0.9226772616136919,0.11858231202384896,41442,11046,0.76,1,32836,1,0,0,1,0,1
206589,The College of Wooster,40.81046,18549.837220371253,14783.25464064731,614.170871013803,9672.755830556878,153974.05425987625,2101,0.6062622901225231,0.14545908183632736,55050,13100,0.87,1,45692,1,0,0,0,0,1
206604,Wright State University-Main Campus,39.780634,11150.971192677018,11388.337970026025,3179.6654401866645,1485.3289060396662,11232.697837207215,11143,0.960397601767119,0.1859701002135699,19202,12000,0.65,0.93974175035868,7419,1,0,0,0,1,1
206622,Xavier University,39.149547,18336.194563662375,11193.609918931807,NA,3203.306310602448,28541.883961214433,6291,0.8401868543983156,0.0927956147220047,42230,13580,0.85,1,33028,1,0,0,1,0,1
206695,Youngstown State University,41.104928,7441.242056507643,7294.657711903659,521.7541454377026,1214.1696155627606,24019.620935618343,10795,0.7814825841024114,0.3099047619047619,9556,9775,0.76,0.9565217391304348,7479,1,0,0,0,1,1
206817,Bacone College,35.777082,8679.61138014528,3828.072639225182,NA,4120.124697336561,8858.583535108959,826,0.545045045045045,0.6033057851239669,12000,8600,0.42,1,14249,1,0,0,1,0,0
206835,Oklahoma Wesleyan University,36.717453,12660.533702677747,6566.6915974145895,NA,4703.460757156048,6682.454293628809,1083,0.5391498881431768,0.4170124481327801,27998,8658,0.62,1,15196,1,0,0,1,0,0
206941,University of Central Oklahoma,35.6552,7624.363006144636,8289.960611312432,477.3395304868442,2003.1586576335276,2787.8235386796914,12694,0.8130454754248967,0.2347457627118644,17709,8458,0.72,0.8784067085953878,7052,1,0,0,0,0,1
207041,East Central University,34.771934,5913.913043478261,7832.018012422361,56.42360248447205,1052.3086956521738,7505.267080745341,3220,0.6467661691542289,0.6738461538461539,15151,7640,0.6,0.9517543859649122,9222,1,0,0,0,0,1
207157,Randall University,35.300757,10567.5,3792.7242647058824,NA,3506.3529411764707,1239.6985294117646,272,0.5532994923857868,0.3486238532110092,11200,8192,0.7,1,9317,1,0,0,1,0,0
207263,Northeastern State University,35.919939,5884.644952195755,8806.110516934046,824.7619510614163,1747.8168854318587,2997.0474801490845,6171,0.994572591587517,0.4768076398362892,14640,8120,0.66,0.9069212410501193,8294,1,0,0,0,0,1
207306,Northwestern Oklahoma State University,36.796658,5168.64125,7697.809375,55.340625,2716.545,16547.3725,1600,0.5930232558139535,0.38795518207282914,13928,5250,0.62,0.9862068965517241,8798,1,0,0,0,0,1
207324,Oklahoma Christian University,35.611412,10301.482535575678,6917.84432945235,NA,4254.222078482105,13032.53298835705,2319,0.9653102068045364,0.28680027643400136,24550,7900,0.78,1,17349,1,0,0,1,0,1
207388,Oklahoma State University-Main Campus,36.123085,10912.47578465063,9956.744100801832,6332.563573883162,1314.531317296678,18695.619885452463,21825,0.6836541868430377,0.368575624082232,20937,9646,0.85,0.98378041172801,10265,1,0,0,0,1,1
207403,Oklahoma Baptist University,35.360492,10872.635991820041,7864.54754601227,NA,5344.025562372188,68705.88957055214,1956,0.5574337303111794,0.20813232253618194,28610,8148,0.73,1,23928,4,0,0,1,0,1
207458,Oklahoma City University,35.495271,21434.766323024054,17309.14089347079,NA,5381.316151202749,49685.6323024055,2328,0.7923538230884558,0.2554399243140965,28094,9486,0.76,1,22097,1,0,0,1,1,1
207500,University of Oklahoma-Norman Campus,35.209407,13905.6409411183,11555.399892867445,5833.038032057357,1538.629527380609,2633.6478635296057,24269,0.8522924125187666,0.31043360433604333,20724,11700,0.87,0.992091388400703,10764,1,0,0,0,1,1
207582,Oral Roberts University,36.049129,12476.115384615385,8126.344951923077,74.56310096153847,3704.156550480769,13086.26201923077,3328,0.8498507462686568,0.22725676150333685,30300,8850,0.78,0.9860279441117764,24058,1,0,0,1,1,1
207722,University of Science and Arts of Oklahoma,35.031392,2848.4831325301207,7466.993975903614,252.10843373493975,1499.1722891566264,31200.918072289158,830,0.634508348794063,0.3611111111111111,17250,6030,0.64,0.9533333333333334,11360,3,0,0,0,0,1
207847,Southeastern Oklahoma State University,34.006808,7039.965994962216,6047.130352644836,43.609886649874056,1450.4093198992443,7653.238035264483,3176,0.7369696969696969,0.5789473684210527,15360,6900,0.61,1,12020,1,0,0,0,0,1
207865,Southwestern Oklahoma State University,35.535281,6307.502086230877,8511.447380621234,107.27978674084376,1552.5431154381085,5378.488641631896,4314,0.941233140655106,0.353121801432958,13478,6380,0.74,0.9608247422680413,8554,1,0,0,0,0,1
207971,University of Tulsa,36.152324,20740.938658313757,18520.475071782825,5180.116940746541,3729.453928478204,290947.8089271731,3831,0.75243370258476,0.13004684363149677,44238,12422,0.84,1,36572,1,0,0,1,1,1
208646,Eastern Oregon University,45.319795,7196.539490720759,7013.260681916271,276.88519637462235,1295.5757444971946,4880.667242123435,2317,0.9767801857585139,0.4231378763866878,20520,10455,0.7,0.9849624060150376,8486,2,0,0,0,0,1
208725,New Hope Christian College-Eugene,44.032674,8688.189873417721,4484.873417721519,NA,6006.696202531645,23388.20253164557,79,0.2727272727272727,0.2857142857142857,14950,6300,0.45,1,11137,1,0,0,1,0,0
208822,George Fox University,45.303629,19772.692095080154,11500.8181315644,NA,3282.1489773355447,6533.963515754561,3618,0.8253727571392468,0.1981016533986528,37840,12700,0.83,0.9799196787148594,25631,1,0,0,1,1,1
209056,Lewis & Clark College,45.450882,29607.840579710144,18742,1031.9960144927536,5452.175362318841,85367.36231884058,2760,0.7945279942018482,0.15438996579247435,56970,13946,0.79,1,40150,1,0,0,0,0,1
209065,Linfield University-McMinnville Campus,45.201173,26225.316915100455,17957.42060920285,NA,7765.425793907972,80711.53337653921,1543,0.8459076360310929,0.17027027027027028,45340,13200,0.81,1,31410,4,0,0,0,0,1
209241,Mount Angel Seminary,45.057871,17187.52298850575,12907.333333333334,NA,1928.8218390804598,104425.58620689655,174,0.4,1,18438,14868,0.8,0.5,973,1,0,0,1,0,0
209287,Multnomah University,45.527139,10170.731707317073,6767.354596622889,NA,4564.727954971858,13142.589118198874,533,0.59375,0.4105263157894737,28160,9920,0.64,1,17257,1,0,0,0,0,1
209409,Bushnell University,44.047483,10050.624338624339,4865.911375661376,NA,5307.174603174603,18938.960317460318,756,0.6798245614035088,0.27419354838709675,32100,10190,0.67,1,19907,1,0,0,1,0,1
209506,Oregon Institute of Technology,42.257152,7736.682310469314,9554.019855595669,918.0472322503008,1528.4359205776173,9935.746690734055,3324,0.9061615501850643,0.10643921191734743,30465,10214,0.76,1,9936,2,0,0,0,0,1
209542,Oregon State University,44.56395,12687.493311992683,11734.052818109067,8323.874852330322,1375.0874585572196,25762.518196715064,26241,0.8921424874935311,0.19166626383719243,29456,13860,0.85,0.9373795761078998,9933,2,0,0,0,1,1
209551,University of Oregon,44.045146,17469.16477502131,15645.43313444888,3757.82961733435,2437.990938046745,40936.342021443634,22291,0.9342480512073008,0.15564901807821457,36910,13509,0.84,0.8735733099209834,10079,2,0,0,0,1,1
209603,Pacific Northwest College of Art,45.526766,20651.55748373102,17265.381778741867,NA,9243.02819956616,33785.852494577004,461,0.9752747252747253,0.18028169014084508,41768,17156,0.49,1,26005,1,0,0,0,0,1
209612,Pacific University,45.521394,33226.246556936516,16646.669801813907,694.653006382264,4900.265703728586,23081.90258649647,2977,0.91041482789055606,0.17595734367426077,48928,13892,0.84,0.976878612716763,32882,1,0,0,0,1,1
209807,Portland State University,45.511601,9467.193056029648,9949.81713561223,2151.8654118106015,1240.9129565514215,124.27717364802263,20507,0.9842542644700394,0.2578877203377277,25746,13500,0.75,0.952626158599382,4758,2,0,0,0,1,1
209825,University of Portland,45.572724,23129.844097995545,12274.610244988864,167.48329621380847,6215.367483296214,43295.32293986637,4490,0.8118565260710727,0.0931683370832481,49424,14608,0.86,0.914179104477612,32799,1,0,0,1,0,1
209922,Reed College,45.480959,35407.49523110785,25423.389581804844,934.8613352898019,6618.36316947909,427010.8642699927,1363,0.43808844507845934,0.16346466948876587,62420,15640,0.83,1,48004,1,0,0,0,0,1
210146,Southern Oregon University,42.185077,6569.837754878316,7571.995176496383,133.6253014689761,1288.0377110282832,7058.473580355185,4561,0.8970203868269734,0.30244755244755245,21492,15066,0.68,0.925531914893617,7898,2,0,0,0,0,1
210304,Warner Pacific University,45.506265,27007.561484918795,17347.821345707656,NA,10292.877030162414,37577.03944315545,431,0.7561576354679803,0.10749185667752444,18900,9472,0.68,0.967741935483871,8196,1,0,0,1,0,1
210331,Corban University,44.882399,11424.486086956522,3962.215652173913,NA,5646.0669565217395,788.6017391304348,1150,0.375,0.21598002496878901,33688,10616,0.79,1,28258,1,0,0,1,0,1
210401,Willamette University,44.935457,26453.947368421053,16929.041353383458,1097.7443609022557,5804.511278195489,121536.65413533835,2128,0.7961956521739131,0.08873720136518772,43500,13480,0.82,1,31128,1,0,0,0,0,1
210429,Western Oregon University,44.852235,7577.700022089684,9107.240114866358,203.10912303954052,1692.423680141374,3447.7950077313894,4527,0.9156540385989993,0.21233411397345825,27900,10803,0.71,0.8807588075880759,4157,2,0,0,0,0,1
210492,Bryn Athyn College of the New Church,40.134393,13170.628895184136,11013.15864022663,1151.6685552407932,12238.388101983002,166493.26912181303,353,0.9056224899598394,0.1662971175166297,24408,12984,0.75,1,18920,3,0,0,1,0,1
210571,Albright College,40.361351,14335.789421651014,10029.14483440435,NA,5098.637172516065,34268.535837864554,2023,0.763130615065653,0.07742811863255604,26490,13176,0.73,1,21795,1,0,0,1,0,1
210669,Allegheny College,41.64869,16077.840084166228,15952.479747501315,715.2456601788532,9665.18569174119,116168.18095739085,1901,0.754446110992072,0.11587617154217551,51910,13420,0.84,1,44515,1,0,0,1,0,1
210739,DeSales University,40.539091,16508.032977099236,9560.169160305344,NA,3544.396641221374,26822.312061068704,3275,0.7822172200337648,0.1856115107913669,39500,13300,0.81,1,28000,1,0,0,1,0,1
210775,Alvernia University,40.310028,17910.95165801039,7035.200958849381,NA,3095.4406711945667,10764.556132640831,2503,0.577732265872277,0.12987431517885917,37780,13680,0.71,0.9947643979057592,23228,1,0,0,1,1,1
211024,Clarks Summit University,41.495062,9780.125,5204.8109375,NA,2533.440625,3344.36875,640,0.5827338129496403,0.3786008230452675,27200,6800,0.79,1,19844,1,0,0,1,1,1
211088,Arcadia University,40.092606,19094.483888585473,9573.457127252866,235.66357181867832,4043.9650464227198,19604.587657018023,3662,0.82416607523066,0.08396124865446716,45520,14170,0.74,1,31665,1,0,0,1,1,1
211158,Bloomsburg University of Pennsylvania,41.00782,9078.740229885057,8932.12183908046,78.0964367816092,1931.6620689655172,5412.9554022988505,8700,0.9010207237859573,0.24150360453141093,19290,10718,0.77,NA,NA,1,0,0,0,0,1
211273,Bryn Mawr College,40.02736,24504.62427745665,26524.85549132948,1727.7456647398844,7108.092485549133,518633.5075144509,1730,0.39339427897375406,0.31634182908545727,55025,17370,0.87,0.8682170542635659,33857,1,1,0,0,1,1
211291,Bucknell University,40.954317,35034.38243850833,23059.772546945253,677.3340386141233,12012.69505421846,225154.4543771489,3781,0.3450235283672201,0.2642820380854349,59474,14874,0.92,0.8978622327790974,35542,1,0,0,0,0,1
211352,Cabrini University,40.056355,15244.99683877766,9077.17492096944,NA,6861.382507903056,24003.35721812434,1898,0.8003685503685504,0.11742133537989255,32830,12965,0.76,0.984313725490196,25696,1,0,0,1,1,1
211361,California University of Pennsylvania,40.064964,9112.904871060173,8213.00429799427,17.861174785100285,2261.867335243553,3446.353581661891,6980,0.9707602339181286,0.21346254583551597,11574,10416,0.7,NA,NA,1,0,0,0,0,1
211431,Carlow University,40.439293,19801.29268292683,8665.164634146342,NA,1901.6865853658537,19090.428048780486,1640,0.9204980842911877,0.19250780437044746,31458,12628,0.85,1,27260,1,0,0,1,0,1
211440,Carnegie Mellon University,40.44357,33117.75217978632,27026.10462974334,12939.203610462975,3812.127225838143,114957.07036718653,16286,0.13536600194552528,0.4257803727823939,57560,16150,0.96,0.9073856975381008,42915,1,0,0,0,1,1
211468,Cedar Crest College,40.586318,18239.84266834487,9098.277533039647,NA,3797.7337948395216,19272.14600377596,1589,0.6877534468775345,0.19811320754716982,41991,12519,0.8,1,31300,1,0,0,0,0,1
211556,Chatham University,40.448432,20658.814060112072,11912.86398369842,NA,7974.079470198675,40999.44574630667,1963,0.7338656021290751,0.16545784224841342,39443,12226,0.76,1,24982,1,0,0,0,0,1
211583,Chestnut Hill College,40.08678,16803.177157689814,8761.37897469176,NA,3804.5022712524333,6076.391304347826,1541,0.9791144527986633,0.1689419795221843,37950,11800,0.7,1,29167,1,0,0,1,0,1
211644,Clarion University of Pennsylvania,41.207805,8201.991949910554,7916.21198568873,20.7195885509839,2951.1397584973165,8276.217352415028,4472,0.9920828258221681,0.32044198895027626,11574,12930,0.77,NA,NA,1,0,0,0,0,1
211893,Curtis Institute of Music,39.948857,3842.8704663212434,50390.23316062176,NA,13093.787564766839,879068.6839378239,193,0.048034934497816595,0.9090909090909091,0,15288,1,1,4500,1,0,0,0,0,0
211981,Delaware Valley University,40.298659,17308.99420935412,8748.42583518931,81.24365256124722,4535.479732739421,14956.862360801782,2245,0.9282632146709816,0.21963974433468914,38780,14850,0.72,1,28585,1,0,0,0,1,1
212009,Dickinson College,40.202796,27866.09988014383,18739.03156212545,1368.4938074310828,7621.315221733919,174801.20815021973,2503,0.48083568960100537,0.22116955243384515,58158,15252,0.82,0.9968253968253968,46843,1,0,0,0,0,1
212054,Drexel University,39.955217,26068.081681992833,16399.602814834,5715.019643396797,3380.1321072399946,33664.11881017139,23163,0.8262695906602161,0.10006310917887946,54766,16488,0.88,0.9994939271255061,36831,2,0,0,0,1,1
212106,Duquesne University,40.43589,26215.61285555966,13843.861593399828,1902.9676148257604,2111.93202807536,45606.57652998399,8121,0.8425608828006088,0.13921192277294794,43526,14144,0.86,1,25556,1,0,0,1,1,1
212115,East Stroudsburg University of Pennsylvania,40.99599,8382.708023421428,6560.3519544231685,130.38328849501502,1560.2522551036557,3520.585535686026,6319,0.933857236411264,0.23807854137447404,16576,11760,0.71,0.6947115384615384,4965,1,0,0,0,0,1
212133,Eastern University,40.050448,14094.870348609478,8935.38268703486,NA,4684.276145710928,12014.039169604386,2553,0.6870310825294748,0.26443057722308894,34990,12120,0.82,1,27158,1,0,0,1,1,1
212160,Edinboro University of Pennsylvania,41.870717,8633.09677419355,9328.410700236034,12.1205743509048,2428.73859166011,5516.684500393391,5084,0.9237343852728468,0.2291814946619217,11574,11660,0.74,NA,NA,1,0,0,0,0,1
212197,Elizabethtown College,40.149236,22139.048859934854,15663.934853420196,NA,4951.175895765472,43816.69489685125,1842,0.7948207171314741,0.21754385964912282,34000,12330,0.89,1,22250,1,0,0,0,0,1
212577,Franklin and Marshall College,40.048045,30198.715581854045,22133.334911242604,2137.5605522682445,8971.48560157791,152501.3712031558,2535,0.3753886010362694,0.17598343685300208,63216,14740,0.84,1,46517,1,0,0,0,0,1
212601,Gannon University,42.128403,18715.93200806684,10057.332180927686,156.15096513972918,5175.7418611351195,18271.679631230192,3471,0.8358617783396545,0.16233929921855306,34575,14600,0.85,1,28815,1,0,0,1,1,1
212656,Geneva College,40.772518,12989.563014566182,7393.206459784674,NA,4785.815072830906,26641.834072197595,1579,0.7936814958091554,0.1990251827782291,29160,10850,0.78,1,21058,1,0,0,1,0,1
212674,Gettysburg College,39.836597,27924.520243640272,16299.597276961662,520.7792905768541,8126.571121461841,118674.4593335722,2791,0.5633258137286496,0.17820366132723112,59960,14370,0.9,0.9948051948051948,48010,1,0,0,0,0,1
212805,Grove City College,41.1558,17121.46390041494,13161.219917012448,NA,259.9161825726141,53195.28962655602,2410,0.7257444764649376,0.40900066181336864,19310,10680,0.87,NA,NA,1,0,0,1,0,1
212832,Gwynedd Mercy University,40.202804,18217.58569299553,11491.803278688525,NA,2490.312965722802,14306.259314456036,2684,0.9059734513274337,0.21611721611721613,36192,12938,0.78,1,23411,1,0,0,1,1,1
212911,Haverford College,40.007452,29649.78748180495,24729.548762736536,2440.1069868995633,10350.227802037845,377645.5312954876,1374,0.17835708927231808,0.43217665615141954,60442,17300,0.88,0.9739130434782609,59956,1,0,0,0,0,1
212984,Holy Family University,40.060581,15957.632049786076,8466.970828471412,NA,2115.356670556204,7774.979385453131,2571,0.7702980472764646,0.23682454969979988,30590,14500,0.83,1,24389,1,0,0,1,1,1
213011,Immaculata University,40.027981,17909.15137346581,8402.558737580363,NA,4976.803623611923,11500.514319111631,1711,0.7958393807450411,0.1762917933130699,26900,12620,0.83,0.9955947136563876,16055,1,0,0,1,1,1
213020,Indiana University of Pennsylvania-Main Campus,40.617531,9840.67501322518,9463.792100158702,119.44877446658438,1862.5794392523364,4349.600070534298,11342,0.9420076870902102,0.20652826113044523,13890,12446,0.72,0.9841509433962264,8055,1,0,0,0,1,1
213233,Johnson College,41.450409,17792.172330097088,8330.20145631068,NA,3253.4126213592235,6830.254854368932,412,0.9661016949152542,0.5497076023391813,17700,9420,0.66,1,7410,1,0,0,0,0,0
213251,Juniata College,40.500523,17817.290592334495,13226.356794425086,503.25783972125436,7776.378397212544,85231.40348432056,1435,0.7442789683981111,0.16447047340165935,50100,13050,0.85,1,40621,1,0,0,0,0,1
213303,Keystone College,41.558969,13667.97435897436,8404.31891025641,NA,4376.348557692308,6482.983974358975,1248,0.82145236508994,0.17518248175182483,14800,11900,0.67,1,15368,1,0,0,0,0,1
213321,King's College,41.250097,18400.453889334403,10018.878909382518,17.195268644747394,4523.0264635124295,33899.4707297514,2494,0.9584280610587853,0.14164689935615046,38822,14286,0.75,1,30616,1,0,0,1,0,1
213349,Kutztown University of Pennsylvania,40.513561,8513.167464114833,9195.881180223285,67.2550505050505,2510.161616161616,4200.464646464647,7524,0.9725291131681099,0.22873810254835739,11574,10830,0.77,0.9427987742594485,7349,1,0,0,0,0,1
213358,La Roche University,40.568615,15367.18396564066,6726.773801002148,NA,4345.850393700787,4226.465282748747,1397,0.9813019390581718,0.10444601270289344,30720,12634,0.65,1,21773,1,0,0,1,0,1
213367,La Salle University,40.037979,14832.59792166267,8544.702238209433,120.43525179856115,4255.040767386091,17001.101518784973,5004,0.8135097971811619,0.10183815761673358,32000,15350,0.78,1,33530,1,0,0,1,0,1
213385,Lafayette College,40.69956,31922.55125284738,22818.526955201214,828.0182232346242,12414.19893697798,330577.8344722855,2634,0.4074074074074074,0.23232323232323232,55874,16670,0.87,0.9206349206349206,38939,1,1,0,1,0,1
213400,Lancaster Bible College,40.075347,12902.008860759493,7246.580379746835,NA,2403.877848101266,8804.566455696202,1580,0.96,0.5757575757575758,26690,11204,0.81,1,17307,1,0,0,0,1,1
213507,Lebanon Valley College,40.330604,18661.05810055866,11975.79441340782,NA,4891.015642458101,39369.15754189944,1790,0.7764160317986089,0.2022184300341297,45860,12810,0.83,1,35213,1,0,0,1,0,1
213543,Lehigh University,40.606822,29693.49005424955,23519.288728149488,6651.295961422544,5881.404460518384,203905.3694996986,6636,0.45970085773020486,0.23423284502698535,56980,15330,0.91,0.9061224489795918,42448,1,0,0,0,1,1
213598,Lincoln University,39.807723,6113.239550561798,9552.956404494382,430.5725842696629,4097.921348314607,18979.672808988766,2225,0.7975113122171946,0.16914893617021276,13732,10076,0.71,0.954954954954955,10517,1,0,0,0,0,1
213613,Lock Haven University,41.141517,8282.48890092041,9648.589604764484,15.671358960476448,2480.3172712506766,3088.4688684353005,3694,0.9499045801526718,0.263184329482672,17290,10350,0.73,NA,NA,1,0,0,0,0,1
213668,Lycoming College,41.24666,10560.1416,11826.1664,NA,6392.6688,166080,1250,0.7474023647438194,0.15244487056567593,43232,13772,0.73,1,41198,1,0,0,1,0,1
213774,Manor College,40.08714,17917.012526096034,7258.129436325678,NA,4184.265135699374,5989.379958246346,479,0.9525773195876288,0.2554112554112554,17928,8366,0.5,0.9393939393939394,8370,1,0,0,1,0,0
213783,Mansfield University of Pennsylvania,41.806949,7600.7166957533445,11318.14776032577,NA,4589.350203606748,597.239674229203,1719,0.944007858546169,0.19771071800208118,10032,10168,0.78,NA,NA,1,0,0,0,0,1
213826,Marywood University,41.434587,17059.491851851853,9885.940740740742,71.33592592592592,3971.1114814814814,15425.54074074074,2700,0.8185753640299095,0.21923076923076923,35534,14338,0.83,1,30439,1,0,0,1,1,1
213987,Mercyhurst University,42.10578,14671.948249619483,7971.318112633181,NA,5272.977168949772,10543.453576864536,2628,0.8237862830721808,0.1948861864671032,39750,13750,0.8,1,33040,1,0,0,1,1,1
213996,Messiah University,40.156579,18197.1325,12158.52875,NA,6210.6,43186.05,3200,0.7737998372660699,0.28969505783385907,37430,11220,0.86,1,28502,1,0,0,1,0,1
214041,Millersville University of Pennsylvania,40.000337,9808.148233931674,8543.173132599884,162.04921829762594,2719.3051534452807,6111.6572090330055,6908,0.9636931164777395,0.20883054892601433,19290,13350,0.75,0.8241469816272966,4974,1,0,0,0,0,1
214069,Misericordia University,41.345277,18585.676573426572,10443.793706293707,NA,5233.956293706294,22891.377622377622,2288,0.8910256410256411,0.1855087358684481,34100,14520,0.84,1,20553,1,0,0,1,0,1
214148,Moore College of Art and Design,39.957078,27792.819587628866,13834.0206185567,NA,2937.574742268041,70724.80412371134,388,0.5813117699910153,0.1545595054095827,44620,17340,0.69,1,27679,1,0,0,0,0,1
214157,Moravian University,40.630947,18822.300207900207,13265.341372141373,50.78087318087318,5504.0253638253635,48315.056964656964,2405,0.7809250627465041,0.2061524334251607,46799,14471,0.83,1,32154,1,0,0,1,0,1
214166,Mount Aloysius College,40.459679,13948.330383480827,7160.337758112094,NA,4219.863569321534,32165.274336283186,1356,0.9237348538845331,0.20833333333333334,23590,11634,0.76,1,16330,1,0,0,1,0,1
214175,Muhlenberg College,40.596416,24266.306427503736,16930.937967115096,191.17600896860986,5116.852765321375,106848.53811659192,2676,0.6775133559980573,0.16129032258064516,55830,12800,0.94,1,43702,1,0,0,1,0,1
214272,Neumann University,39.874876,20710.47120418848,7153.839600190386,NA,6121.733936220847,15350.91670633032,2101,0.8420444701126191,0.12311385459533608,32760,14700,0.77,1,26089,1,0,0,1,1,1
214971,Pennsylvania Academy of the Fine Arts,39.955692,22298.212328767124,13080.948630136987,NA,4558.04794520548,59180.397260273974,292,0.8360655737704918,0.09803921568627451,38926,18252,0.37,0.6666666666666666,7833,1,0,0,0,0,1
215053,Pennsylvania College of Art and Design,40.041152,23363.069672131147,8116.336065573771,NA,2243.2090163934427,7378.045081967213,244,0.5133689839572193,0.4270833333333333,26750,10638,0.75,1,13828,1,0,0,0,0,0
215062,University of Pennsylvania,39.950929,37198.54090672225,49771.42112707511,29574.927417553787,3671.1829077644607,512820.6941115164,26866,0.05865227579350991,0.7318401937046005,54652,17304,0.95,0.9572538860103627,57160,1,0,0,0,1,1
215105,The University of the Arts,39.946017,22027.077551020408,13717.90612244898,NA,3368.112244897959,28029.951020408163,1960,0.851508120649652,0.2452316076294278,48350,17630,0.74,1,24546,1,0,0,0,1,1
215114,Cairn University-Langhorne,40.165809,8907.389162561576,5733.004926108374,NA,3347.783251231527,11239.2039408867,1015,0.8231827111984283,0.4988066825775656,30345,11421,0.82,1,18603,1,0,0,0,0,1
215132,University of the Sciences,39.946412,35167.281412253375,20153.169262720665,2539.6510903426793,9266.209761163032,89191.21079958463,1926,0.613230853692012,0.14100268576544314,26983,17594,0.9,NA,NA,1,0,0,0,1,1
215266,University of Pittsburgh-Bradford,41.943415,9850.612382234185,8385.393001345896,12.151413189771198,3938.4078061911173,162.43337819650068,1486,0.7329042638777152,0.3413830954994512,25034,9840,0.73,0.9106145251396648,11396,1,0,0,0,0,1
215275,University of Pittsburgh-Greensburg,40.276447,11728.340482573727,6631.8545576407505,18.359249329758715,2377.573726541555,3781.054289544236,1492,0.9085948158253752,0.4924924924924925,25034,11274,0.68,0.8868778280542986,9564,1,0,0,0,0,1
215284,University of Pittsburgh-Johnstown,40.265957,12083.703324808184,7094.526854219949,3.454146876141761,1968.682864450128,16216.204603580563,2737,0.9194214876033058,0.34831460674157305,25034,10336,0.78,0.9377049180327869,9793,1,0,0,0,0,1
215293,University of Pittsburgh-Pittsburgh Campus,40.444387999999996,20394.730411686585,20495.647041463773,27738.425925925927,5914.873837981408,154005.2766710934,27108,0.6668109418282548,0.2109567700895755,34124,11820,0.93,0.574009324009324,6741,1,0,0,0,1,1
215309,University of Pittsburgh-Titusville,41.628697,11101.212454212455,10713.575091575092,NA,4052.223443223443,4718.663003663004,273,0.46875,0.3333333333333333,21432,NA,0.31,1,10490,1,0,0,0,0,0
215442,Point Park University,40.438768,15639.33464760966,8789.81862986693,NA,2656.6108920650568,11611.112863479546,4058,0.8232389730085583,0.12015193922431028,33870,12000,0.73,1,25622,1,0,0,0,1,1
215655,Robert Morris University,40.520415,19231.614846235418,8973.601272534464,NA,5006.1242841993635,7749.154612937434,4715,0.9395450917797287,0.14355489488214057,31450,12320,0.81,1,23360,1,0,0,0,1,1
215691,Rosemont College,40.033417,13160.39566704675,5049.541619156214,NA,3050.3774230330673,19964.921322690992,877,0.8002183406113537,0.16371077762619374,19500,13130,0.72,0.9541284403669725,15072,1,0,0,1,0,1
215743,Saint Francis University,40.506734,15126.73204104903,9622.7251995439,290.69897377423035,6281.601292284303,19117.74686431015,2631,0.7333979641299079,0.26305353602115006,38852,13608,0.96,1,13712,1,0,0,1,0,1
215770,Saint Joseph's University,39.994442,22993.696899449435,11327.444798609098,263.32483338162854,4997.618661257607,40615.90495508548,6902,0.8308905037566203,0.15386895938333828,47740,14840,0.89,0.9989361702127659,31482,1,0,0,1,1,1
215798,Saint Vincent College,40.29265,14131.246315789474,9517.126315789474,75.15842105263158,5339.2,57799.983157894734,1900,0.7302568981921979,0.24495114006514657,37684,12954,0.83,1,31378,1,0,0,1,0,1
215929,University of Scranton,41.406556,22404.1530406766,13113.755537656061,65.23459524768425,4015.4687877567458,41402.40354409988,4966,0.8028756448249369,0.12235133287764867,48062,16090,0.89,0.9949238578680203,30862,1,0,0,1,1,1
215947,Seton Hill University,40.309407,13806.798608090474,9207.307525010874,NA,3559.937799043062,17575.42757720748,2299,0.7380774962742176,0.1812216052498738,38518,12960,0.81,1,26859,1,0,0,1,0,1
216010,Shippensburg University of Pennsylvania,40.057933,8906.97096002733,8769.129484113426,143.34813802528186,2559.840109326956,7435.296207721216,5854,0.9311666666666667,0.1832826203687131,10048,11202,0.77,0.9353023909985936,6399,1,0,0,0,0,1
216038,Slippery Rock University of Pennsylvania,41.062719,8417.02303415409,7427.417451492114,28.387949619879723,1941.8440939521163,3807.0852150232613,8813,0.7949756888168558,0.3491335372069317,11574,10268,0.83,0.6723044397463002,4610,1,0,0,0,1,1
216047,Saint Charles Borromeo Seminary-Overbrook,39.99133,17703.95,9904.994444444445,NA,4830.688888888889,104792.71111111112,180,1,1,21748,14897,1,0,0,1,0,0,1,0,0
216278,Susquehanna University,40.797502,17424.908722109532,11180.783772819472,328.1286004056795,8413.82555780933,68882.42758620689,2465,0.7663447251114414,0.1345128453708192,52380,14350,0.88,1,42109,1,0,0,1,0,1
216287,Swarthmore College,39.905159,26491.137793024587,32413.37907375643,2141.223556317896,9441.395082904517,1209701.580331618,1749,0.07785121426375653,0.4481737413622902,55856,17150,0.86,0.9455782312925171,54198,1,1,0,0,0,1
216296,Thaddeus Stevens College of Technology,40.037951,5784.432300163132,7952.468189233279,NA,2191.0024469820555,660.3205546492659,1226,0.8877551020408163,0.39326765188834156,8400,9670,0.67,1,8597,1,0,0,0,0,0
216339,Temple University,39.980546,24976.328261322695,15282.196349343418,6100.884376023583,2448.8282762111785,20366.405383676265,33583,0.7233238401958958,0.1811156903149838,29712,15148,0.87,0.9430830039525692,10026,1,0,0,0,1,1
216357,Thiel College,41.41354,13078.310654685494,10503.359435173299,NA,9015.786906290115,42317.786906290115,779,0.8803571428571428,0.162947937795808,32640,13968,0.75,1,27949,1,0,0,1,0,1
216366,Thomas Jefferson University,39.948274,32368.23672971324,28550.945698596704,24773.79499694936,2935.1738865161683,142296.6784624771,6556,0.7809152872444012,0.17057356608478802,41900,14287,0.84,1,34266,1,0,0,0,1,1
216524,Ursinus College,40.193023,17727.52303860523,13142.265255292652,347.87795765877956,6429.741594022416,90250.4109589041,1606,0.8271346254583551,0.13711209626345788,56600,14060,0.85,1,42110,1,0,0,0,0,1
216542,University of Valley Forge,40.117835,11902.379213483146,4920.595505617977,NA,2465.1629213483147,3698.349719101124,712,0.8197115384615384,0.36070381231671556,21760,10724,0.69,1,15323,1,0,0,1,0,1
216597,Villanova University,40.036463,30643.743311204988,16339.587608127138,671.0282639307986,6960.936431301549,71473.74773687386,9942,0.2524375256042605,0.2875689711132749,58290,15386,0.96,0.8470290771175727,34560,1,0,0,1,1,1
216667,Washington & Jefferson College,40.170622,19771.53165418652,14331.172226004084,220.21170864533696,6836.454050374405,97744,1469,0.8368253968253968,0.1244309559939302,49612,13272,0.85,1,38904,4,0,0,0,0,1
216694,Waynesburg University,39.899871,12405.056234718826,9825.60880195599,NA,4057.590464547677,29969.8826405868,1636,0.7496281606346058,0.19444444444444445,26380,11380,0.79,1,17817,1,0,0,1,1,1
216764,West Chester University of Pennsylvania,39.953398,10018.671722917457,7560.377954746556,136.85286310200985,1448.4489950701554,2599.180887372014,15822,0.8935805991440798,0.20977011494252873,19290,14228,0.85,0.6915151515151515,4207,1,0,0,0,1,1
216807,Westminster College,41.119272,11948.563218390804,10379.534865900383,NA,7019.735632183908,94567.86513409961,1305,0.8214141414141414,0.1500245941957698,37630,11670,0.8,1,29437,1,0,0,1,0,1
216852,Widener University,39.861689,24853.542919868276,15261.888035126234,118.22897914379803,4369.3097694840835,20144.99407244786,4555,0.8452526665500961,0.12577575506826644,48724,14808,0.81,0.9898167006109979,32753,1,0,0,0,1,1
216931,Wilkes University,41.244199,18951.4739184178,10292.809888751544,532.8195302843017,3824.470951792336,12763.211866501853,4045,0.9477481960686738,0.14597007088474664,37994,15698,0.76,1,28661,1,0,0,0,1,1
216940,Williamson College of the Trades,39.90807,16.35258358662614,5741.544072948328,NA,4629.106382978724,361321.87234042556,329,0.45660377358490567,0.8099173553719008,28180,5000,0.83,1,33180,1,1,0,0,0,0
217013,Wilson College,39.949659,10450.46352723915,6386.13296398892,NA,4434.791320406279,53625.93167128347,1083,0.9286775631500743,0.2176,25200,11840,0.68,1,15281,1,0,0,1,0,1
217059,York College of Pennsylvania,39.94614,15061.73112518266,9638.193862640039,NA,2915.8019970774476,37247.711641500246,4106,0.7768624641833811,0.17012448132780084,20260,12050,0.77,0.9981818181818182,14798,1,0,0,0,0,1
217156,Brown University,41.82617,39459.480240278215,37014.43777004953,15177.574033090947,8783.222678891349,379792.17367478134,9489,0.055145164061157874,0.6639408099688473,60944,16346,0.92,0.9504587155963303,55413,1,1,0,0,1,1
217165,Bryant University,41.920092,24791.73126614987,10371.059431524547,1801.8087855297158,8521.963824289405,47482.17054263566,3870,0.7361488904795992,0.13049397121742512,46885,16211,0.89,0.9743589743589743,25347,1,0,0,0,0,1
217235,Johnson & Wales University-Providence,41.819956,23477.93490460157,10816.414141414141,NA,7862.548821548821,28241.50303030303,8910,0.8819631393663284,0.1347734209908429,35750,18212,0.7,1,24025,1,0,0,0,1,1
217402,Providence College,41.842742,26712.831906452288,13372.144497807476,189.57506786385466,3111.4529129254543,49807.609104197116,4789,0.5798364632940965,0.16116534944986827,55040,16060,0.92,1,32012,1,0,0,1,0,1
217420,Rhode Island College,41.842415,6656.655939145699,9520.28964306612,2125.2682855471035,1893.4831772966647,2820.012873025161,6836,0.8482739420935412,0.19986872333442732,24475,13162,0.76,0.7765042979942693,6110,1,0,0,0,1,1
217484,University of Rhode Island,41.484691,14795.584192659962,9493.003907000577,6038.3511176583615,2736.1128546723885,10643.553961442387,15613,0.7646285600477992,0.17399458220462596,31272,13618,0.85,0.9607645875251509,12110,1,0,0,0,1,1
217493,Rhode Island School of Design,41.825935,38135.2,18519.847014925374,130.87089552238805,3270.35,131137.55223880598,2680,0.18684099536060733,0.5598194130925508,55220,14790,0.85,0.8040201005025126,31642,4,0,0,0,0,1
217518,Roger Williams University,41.650214,19076.525849335303,16257.336990926357,NA,4092.619539987339,14602.918759231905,4739,0.9098370697047654,0.13504779857277502,37025,16012,0.81,0.9801418439716312,18651,1,0,0,0,0,1
217536,Salve Regina University,41.471545,18562.599681020733,9295.05582137161,197.76714513556618,4947.767145135566,25004.385964912282,2508,0.7343260188087775,0.14994663820704376,43500,15870,0.83,1,28439,1,0,0,1,1,1
217624,Allen University,34.010348,10769.37668918919,4288.636824324324,NA,3094.8057432432433,1249.8530405405406,592,0.5663157894736842,0.15985130111524162,12540,7894,0.5,1,11180,1,0,0,1,0,0
217633,Anderson University,34.5152,14914.807740324593,6447.865168539326,NA,3257.2724719101125,14398.601747815232,3204,0.5028824833702883,0.3421516754850088,27480,10900,0.84,0.9959183673469387,24305,1,0,0,1,1,1
217688,Charleston Southern University,32.983047,12182.173265852933,6950.553140815719,NA,4547.8892527537955,5844.194105388508,3359,0.5720812182741116,0.30612244897959184,28660,11032,0.7,1,25219,4,0,0,1,0,1
217721,Benedict College,34.012941,11275.594721960415,4624.659283694627,709.1861451460886,4265.233270499529,10056.595664467484,2122,0.8550740184509762,0.0732655877556141,14892,6600,0.69,0.9684684684684685,11470,1,0,0,1,0,1
217776,Southern Wesleyan University,34.728068,12218.752272727274,6830.959848484848,NA,3376.8128787878786,4158.284848484848,1320,0.5660881174899867,0.38443396226415094,25748,9550,0.74,1,20162,1,0,0,1,1,1
217819,College of Charleston,32.784225,14090.330172246951,10285.56609251016,714.5161602477259,1744.1939229727113,8928.078188503967,10334,0.7610818199570396,0.15862732520846698,33978,12959,0.8,1,11778,1,0,0,0,0,1
217864,Citadel Military College of South Carolina,32.797183,11711.981702668361,11582.80660736976,203.63837357052097,2793.323252858958,78575.27217280814,3935,0.8639676113360324,0.26522961574507964,30857,7593,0.87,0.9550561797752809,9071,1,0,0,0,0,1
217873,Claflin University,33.498444,11519.471211423308,8667.504375863657,813.1607554122525,1829.7346844771994,12715.80561953017,2171,0.6246604464391166,0.05955757231990925,16476,9480,0.7,1,13707,1,0,0,1,0,1
217882,Clemson University,34.679381,16730.757077356666,12723.061456273925,8211.033525428007,2176.259790518656,31203.546880915324,23773,0.492224562299232,0.19850462442734895,37110,12234,0.94,1,11568,1,0,0,0,1,1
217907,Coker University,34.37696,12294.531914893618,6821.702127659574,85.35299806576403,5893.238878143134,28590.804642166346,1034,0.9762796504369539,0.27365728900255754,30864,9892,0.69,1,28574,1,0,0,0,0,1
217925,Columbia International University,34.07551,11085.996523754346,7355.046349942063,NA,6767.546929316339,5383.005793742758,863,0.45627376425855515,0.7333333333333333,24490,8950,0.69,1,18746,1,0,0,0,1,1
217934,Columbia College,34.045581,10898.10600444774,7004.195700518903,NA,3048.2564862861377,14078.191252779838,1349,0.9859154929577465,0.16666666666666666,17418,8320,0.59,0.9883720930232558,16094,1,0,0,1,0,1
217961,Converse University,34.955534,8784.822441430333,6363.9852034525275,40.40505548705302,3383.475339087546,50036.97657213317,1622,0.6425585284280937,0.19258295380611581,19500,11948,0.73,1,14906,4,0,0,0,1,1
217998,Erskine College,34.332087,8741.192982456141,6716.184210526316,NA,2097.9254385964914,58316.47953216374,684,0.6266666666666667,0.4027355623100304,34435,11465,0.75,1,17122,1,0,0,1,1,1
218061,Francis Marion University,34.189777,6763.3004807692305,11114.751201923076,97.76442307692308,2368.398737980769,8623.313100961539,3328,0.8612945838837517,0.268021472392638,20768,8230,0.68,1,10577,1,0,0,0,0,1
218070,Furman University,34.924676,22524.43313853558,21446.35819869371,764.4248882777587,10147.011344104503,241613.9044345136,2909,0.7135489266796766,0.12815002930259817,52992,13698,0.81,1,38321,1,0,0,0,0,1
218229,Lander University,34.199892,5691.432125869009,5830.420051225759,13.36626417855836,3191.3388218075374,6114.911452616173,2733,0.6905109489051094,0.27151917849592266,20300,10650,0.75,0.9919786096256684,10249,1,0,0,0,0,1
218238,Limestone University,35.057076,13130.045637583893,5891.5100671140935,NA,4653.327516778523,9181.123042505593,2235,0.8723181580324437,0.17636472705458908,25200,10645,0.62,1,19182,1,0,0,0,0,0
218414,Newberry College,34.285868,10825.370491803278,5908.354098360655,NA,5855.11475409836,14203.498360655738,1220,0.5740740740740741,0.2645161290322581,25650,11700,0.67,1,24814,1,0,0,1,0,1
218441,North Greenville University,35.069758,9889.631600161225,5241.59895203547,NA,4166.636436920597,12615.648528819025,2481,0.6973550356052899,0.3223924142961342,22470,10640,0.77,1,22615,1,0,0,1,1,1
218539,Presbyterian College,34.465834,21888.556680161942,16335.51012145749,NA,11260.725708502025,92970.94736842105,988,0.709775967413442,0.16212338593974174,38220,11100,0.72,1,34793,1,0,0,1,0,1
218645,University of South Carolina Aiken,33.572704,6189.186939820743,7222.560819462228,442.99743918053775,2333.3575544174137,8498.981434058898,3124,0.8351769911504425,0.3483443708609272,20856,8202,0.66,0.9971751412429378,9307,1,0,0,0,0,1
218654,University of South Carolina Beaufort,32.303308,6554.996426748341,7751.981112812659,317.3399693721286,2786.3169984686065,2550.906584992343,1959,0.8372093023255814,0.23093681917211328,21390,8440,0.63,0.9678571428571429,7497,1,0,0,0,0,1
218663,University of South Carolina-Columbia,33.996788,15191.500985566223,13472.416226870986,4715.997965282635,1915.3005659057671,20393.878552807273,31454,0.6156261148769175,0.23852573018080667,33528,10990,0.9,0.9900990099009901,7800,1,0,0,0,1,1
218672,University of South Carolina-Lancaster,34.736282,2791.5290437890976,7371.9320822162645,76.96782841823057,1972.1912421805184,6959.729222520107,1119,0.8758815232722144,0.5909822866344605,17838,NA,0.46,0.9906976744186047,8416,1,0,0,0,0,0
218681,University of South Carolina-Salkehatchie,33.014312,2147.4957264957266,4928.7962962962965,69.91880341880342,2493.874643874644,2994.3304843304845,702,0.7208672086720868,0.49624060150375937,17838,NA,0.53,1,8394,1,0,0,0,0,0
218690,University of South Carolina-Sumter,33.934698,2939.6930294906165,6318.304289544236,69.27882037533512,3199.176943699732,5955.575067024129,746,0.8378378378378378,0.6105990783410138,17838,NA,0.45,0.9864864864864865,9150,1,0,0,0,0,0
218706,University of South Carolina-Union,34.717771,1622.2660714285714,5187.396428571428,46.5,1322.505357142857,2486.8285714285716,560,0.8949152542372881,0.5568181818181818,17838,NA,0.51,0.9904761904761905,8384,1,0,0,0,0,0
218724,Coastal Carolina University,33.794995,13121.61066563617,10511.836537532605,140.6893053811226,4612.527871703217,3451.7975074871993,10351,0.7913571474710936,0.20561586809240062,27214,10032,0.73,0.9958677685950413,12381,1,0,0,0,1,1
218733,South Carolina State University,33.497968,9865.987739463602,8647.301149425288,3100.2827586206895,4614.509578544062,4077.4835249042144,2610,0.8758510212254705,0.267946959304984,20218,9000,0.69,0.9715025906735751,12334,1,0,0,0,1,1
218742,University of South Carolina-Upstate,34.996403,6511.681964117091,6979.633616619452,33.00868744098206,2226.6727101038714,1699.751463644948,5295,0.7569996543380574,0.2726027397260274,22710,9328,0.72,0.984304932735426,11057,1,0,0,0,0,1
218964,Winthrop University,34.941515,8456.266715650258,9641.642909625276,335.8073108008817,3376.102865540044,10203.828802351212,5444,0.6390182730204228,0.22932436220913932,29636,10200,0.7,1,13153,1,0,0,0,0,1
218973,Wofford College,34.959411,16768.81214848144,12274.049493813274,NA,10947.957255343083,115855.20809898763,1778,0.5244771316938635,0.2011393514460999,47845,14345,0.89,1,37809,4,0,0,1,0,1
219000,Augustana University,43.525148,13517.902514109799,12002.429964084145,735.5438686505901,2963.323755772191,42109.159569009746,1949,0.7182100132919805,0.28809376927822333,34934,8858,0.84,1,27500,4,0,0,1,0,1
219046,Black Hills State University,44.494889,6272.618641174462,6575.121884602253,578.1266643905769,2880.8477296005462,4201.432570843292,2929,0.9725036179450073,0.33630952380952384,10718,7400,0.65,0.7434944237918215,3732,1,0,0,0,0,1
219082,Dakota State University,44.013014,7485.0041398344065,9132.686292548298,1659.8279668813248,2724.9149034038637,6992.090616375345,2174,0.856093979441997,0.62778730703259,10718,7148,0.71,0.8806818181818182,4295,1,0,0,0,1,1
219091,Dakota Wesleyan University,43.697432,11012.768944099378,5655.491925465839,212.52173913043478,6288.203726708074,38902.16397515528,805,0.7574021012416428,0.21311475409836064,29700,7350,0.69,1,17975,1,0,0,1,0,1
219198,Mount Marty University,42.874475,11054.424903722722,8187.942233632863,NA,3987.0064184852376,34157.643132220794,779,0.673728813559322,0.29874213836477986,27720,8554,0.76,0.9942528735632183,22453,1,0,0,1,0,0
219259,Northern State University,45.450829,5465.37306733167,8465.538154613467,103.58902743142144,3659.1620947630922,15347.246882793017,2005,0.7982099267697315,0.3435270132517839,10718,9150,0.76,0.8693181818181818,4932,1,0,0,0,0,1
219295,Presentation College,45.483339,15054.621776504298,6542.570200573065,NA,4916.8739255014325,18693.06446991404,698,0.9373040752351097,0.16555183946488294,21626,10430,0.51,1,10728,1,0,0,1,0,0
219347,South Dakota School of Mines and Technology,44.075439,9974.877648076092,10961.224383916991,5222.296152183311,3429.385646346736,28337.336792044964,2313,0.8048442906574395,0.4204643164230438,12240,8140,0.78,0.8447488584474886,4706,1,0,0,0,1,1
219356,South Dakota State University,44.317485,8748.49725142251,8887.395120069437,5763.134342752435,2928.7537853216318,11295.843379303693,10369,0.8742639418081053,0.39996038034865294,11283,8054,0.81,0.9331797235023042,4322,1,0,0,0,1,1
219383,University of Sioux Falls,43.531574,11333.602158273381,6091.879136690647,NA,5512.022302158273,21895.637410071944,1390,0.7665143331948484,0.16747967479674797,19550,7930,0.79,0.9957805907172996,10771,4,0,0,1,1,1
219471,University of South Dakota,42.786019,9000.998506043732,10698.082303408937,2249.7621893250034,2946.4397663995655,33119.60885508624,7363,0.8700842696629213,0.33171912832929784,11283,8600,0.81,0.7574850299401198,3679,1,0,0,0,1,1
219602,Austin Peay State University,36.533319,5870.476449275362,8169.884963768116,323.7176177536232,2914.241847826087,2996.63134057971,8832,0.9342964575499703,0.3026901080279602,12360,12056,0.7,0.9784537389100126,9890,1,0,0,0,1,1
219639,Baptist Health Sciences University,35.138415,15510.122055674517,9220.750535331907,NA,3355.8961456102784,48545.447537473236,934,0.34917355371900827,0.40236686390532544,11112,3800,0.58,0.9803921568627451,11394,3,0,0,1,0,0
219709,Belmont University,36.135589,28347.1525376072,11549.232391396035,NA,3868.2707718262336,31073.8287642345,7113,0.8807988350322447,0.21658006613131792,36650,13240,0.82,0.9561611374407583,26445,1,0,0,1,0,1
219718,Bethel University,36.137848,11429.76397515528,7225.259982253771,NA,3403.4921620822242,1068.2806861875185,3381,0.4995344506517691,0.4864864864864865,12721,9368,0.61,0.9863013698630136,13552,1,0,0,1,0,1
219806,Carson-Newman University,36.122934,10573.856973528249,5090.259581193204,NA,4523.40023706045,23124.357171078624,2531,0.7886894683372841,0.1696006869901245,29920,9474,0.69,1,25301,1,0,0,1,1,1
219833,Christian Brothers University,35.127437,13250.813114754099,7547.96174863388,NA,2026.9770491803279,22915.230601092895,1830,0.9657240788346186,0.24046140195208518,34820,9417,0.81,1,32301,1,0,0,1,0,1
219949,Cumberland University,36.204514,7605.381223328592,3943.107633949739,NA,2626.855381697487,5673.505452821242,2109,0.5776374442793462,0.380064308681672,24336,8990,0.66,1,21761,1,0,0,0,0,0
219976,Lipscomb University,36.106253,20793.929173693086,12451.895928691882,100.24524211033486,5148.414839797639,20485.868465430016,4151,0.7399181765049678,0.2618483412322275,33012,13976,0.86,1,25432,1,0,0,1,1,1
220075,East Tennessee State University,36.301643,9223.59511682432,13086.231708303016,1001.2773061686474,2245.061039696014,9933.07138814779,12369,0.8739927595468878,0.24799572421165153,10788,9582,0.78,1,11392,1,0,0,0,1,1
220181,Fisk University,36.167087,8505.337662337663,10237.964285714286,5828.900974025974,6287.857142857143,37767.055194805194,616,0.611072179397337,0.11353211009174312,20928,11500,0.8,1,9510,1,0,0,0,0,1
220215,Freed-Hardeman University,35.440611,8938.363686534216,6914.644039735099,NA,2775.205298013245,31931.30463576159,1812,0.8788142981691369,0.3680555555555556,23300,7950,0.82,1,17245,1,0,0,1,1,1
220464,John A Gupton College,36.156633,8814,2290.3739130434783,NA,2944.7478260869566,5406.747826086957,115,0.5227272727272727,0.782608695652174,10523,8000,0.64,1,10098,1,0,0,0,0,0
220473,Johnson University,35.937193,11158.35879396985,7732.259296482412,NA,2945.9226130653265,128323.3447236181,995,0.8092105263157895,0.6056910569105691,17384,8061,0.8,1,9495,1,0,0,1,1,1
220516,King University,36.585309,10451.038290293856,5309.451024042743,NA,2847.6914514692785,16287.155832591274,2246,0.6618531889290012,0.33636363636363636,31050,9668,0.64,1,21926,1,0,0,1,0,1
220604,Le Moyne-Owen College,35.118641,10054.97205346294,4930.262454434994,NA,3489.232077764277,14764.023086269744,823,0.9787985865724381,0.2743682310469314,10776,6100,0.48,1,8521,1,0,0,1,0,0
220613,Lee University,35.166019,11263.790463398254,6890.134766062234,NA,2523.835012312514,4908.1952093127375,4467,0.8294329432943295,0.3364080303852415,19800,8510,0.81,0.9618874773139746,12590,1,0,0,1,1,1
220631,Lincoln Memorial University,36.578508,43395.2560311284,22274.343968871595,NA,4483.569649805448,15436.842023346304,2570,0.698956780923994,0.2146410803127221,23760,10674,0.76,1,19117,1,0,0,0,1,1
220701,The University of Tennessee Southern,35.201019,9918.624705882354,7215.964705882353,NA,5104.97294117647,18010.17294117647,850,0.9215686274509803,0.5718085106382979,9000,8600,0.57,1,10317,1,0,0,1,0,1
220710,Maryville College,35.751505,9865.921774193548,7407.064516129032,NA,4857.796774193548,77992.16129032258,1240,0.6819066147859922,0.19543509272467904,36156,12306,0.71,1,30796,1,0,0,1,0,1
220862,University of Memphis,35.118878,8172.903350671344,10284.969154469578,3615.862102334583,4879.832103544212,13077.38236361437,16534,0.9520648967551623,0.1825927751566791,12384,9354,0.8,0.9914477703115455,10659,1,0,0,0,1,1
220978,Middle Tennessee State University,35.848005,7077.912781631446,9672.10195192773,442.9375705758993,2553.224713663494,5546.393934505565,18597,0.6840092493774458,0.35782082954102196,26376,9576,0.79,0.9424920127795527,8655,1,0,0,0,1,1
221351,Rhodes College,35.154405,18943.639237563923,15553.735936773593,NA,8115.205020920502,167028.75313807532,2151,0.5688228657389997,0.19570247933884297,50600,11934,0.87,0.9962962962962963,39662,1,0,0,1,0,1
221519,The University of the South,35.204719,23883.760541384694,18256.678813118167,124.57834461218116,8529.742321707445,213943.70432066632,1921,0.6025949062950504,0.18899521531100477,49146,14112,0.87,0.9913419913419913,40123,1,0,0,1,0,1
221661,Southern Adventist University,35.048254,14831.037449017427,10573.053021876158,23.24916573971079,3295.3655913978496,16002.78531701891,2697,0.7439916405433646,0.40098314606741575,22320,8240,0.81,0.9933993399339934,13850,1,0,0,1,0,1
221731,Tennessee Wesleyan University,35.446331,9442.172064777327,6176.563765182186,NA,3776.182186234818,12280.22975708502,988,0.5961538461538461,0.34724857685009486,25340,8400,0.77,1,21549,1,0,0,1,0,1
221740,The University of Tennessee-Chattanooga,35.047519,6463.9406423899245,8357.125842038466,702.9185785414429,3520.5424192131213,17273.53939275603,10243,0.8568423820165637,0.3181957655722614,24110,9500,0.77,0.9768303985171455,9965,1,0,0,0,1,1
221759,The University of Tennessee-Knoxville,35.952082,12470.111958111958,12684.769384769384,11308.379148379148,2291.2826672826673,28038.502502502502,25974,0.7493730983984753,0.2653816981216258,29522,12150,0.89,0.9392600773053562,13258,1,0,0,0,1,1
221768,The University of Tennessee-Martin,36.340338,5158.062510674637,9849.329461998292,121.1530315969257,3036.601878736123,6727.439111870196,5855,0.7511774842044802,0.15935158281082734,14418,6750,0.74,0.9885877318116976,9792,1,0,0,0,0,1
221847,Tennessee Technological University,36.174754,5699.285013856321,8752.598593050523,1266.0168407589001,2560.638669793221,7161.828181624387,9382,0.7914847161572053,0.32729064039408867,18552,8850,0.77,0.9824742268041237,9273,1,0,0,0,1,1
221892,Trevecca Nazarene University,36.141324,12902.824273072061,5740.5233881163085,NA,3960.5066371681414,9319.92414664981,3164,0.7769968051118211,0.3495065789473684,25998,9400,0.74,1,22065,1,0,0,1,1,1
221953,Tusculum University,36.172435,8440.47078464107,4185.165275459099,NA,3636.1396772398443,12269.471341124095,1797,0.7702702702702703,0.20743034055727555,25860,9600,0.67,1,20686,1,0,0,1,0,1
221971,Union University,35.676896,15930.483516483517,12594.151785714286,NA,2811.838598901099,14703.836538461539,2912,0.5289473684210526,0.2523098791755508,15520,10360,0.87,1,28358,4,0,0,1,1,1
221999,Vanderbilt University,36.14659,28307.505541346974,33704.50506772757,16792.35388841527,11956.01780808942,436531.3357961542,10557,0.07142857142857142,0.4827790973871734,54840,18376,0.96,0.9694915254237289,58621,1,1,0,0,1,1
222178,Abilene Christian University,32.468943,16177.485319516407,9082.179620034542,157.8972366148532,6468.353195164076,93252.5043177893,4632,0.70114522417154,0.14474370112945265,39250,11628,0.76,1,27305,1,0,0,1,1,1
222831,Angelo State University,31.440914,6299.49717804002,6494.207285787584,119.45253976398153,951.0854284248333,24278.698819907644,7796,0.7007112375533429,0.5221274868047097,14287,9980,0.71,0.9410404624277456,8919,1,0,0,0,0,1
222983,Austin College,33.646345,12301.257476294675,11999.13785557987,246.87527352297593,6142.150984682713,103395.01094091903,1371,0.4271186440677966,0.16099773242630386,43340,12752,0.82,1,34982,4,0,0,1,0,1
223232,Baylor University,31.546872,24455.70168844341,16559.274506294372,1958.6540182566673,9556.649364596384,78204.22743273074,16761,0.5668798513173718,0.20592064027771081,50232,13274,0.91,0.983218163869694,30624,1,0,0,1,1,1
224004,Concordia University Texas,30.420232,15389.952651515152,5585.545928030303,NA,6917.100378787879,10312.479166666666,2112,0.890353920888272,0.15510522213561964,33600,12270,0.65,1,25611,1,0,0,1,1,1
224147,Texas A & M University-Corpus Christi,27.713723,7697.865756541524,6895.064846416382,2523.9988623435725,1078.250284414107,1783.1251422070534,10548,0.9127665466629743,0.27154126213592233,15299,11927,0.57,1,5263,1,0,0,0,1,1
224226,Dallas Baptist University,32.710017,18578.544132917963,9843.340602284528,NA,6864.455867082035,13350.455867082035,3852,0.9399942163100058,0.10552222734963852,32220,8527,0.76,0.9975728155339806,18776,4,0,0,1,1,1
224244,Dallas Christian College,32.913692,14830.085714285715,6922.428571428572,NA,5884.171428571429,1792.0628571428572,175,0.16545454545454547,0.6098901098901099,18176,8920,0.35,1,12791,1,0,0,1,0,0
224323,University of Dallas,32.846221,18700.100300902708,11616.850551654965,45.63691073219659,4228.184553660983,38350.5516549649,1994,0.5835671342685371,0.16346153846153846,43326,13472,0.81,0.9939577039274925,40929,1,0,0,1,1,1
224527,East Texas Baptist University,32.557847,12239.533333333333,6945.26884057971,NA,7292.173913043478,53063.362318840576,1380,0.6452410383189122,0.3879310344827586,26700,9894,0.61,1,18794,1,0,0,1,0,0
224545,Texas A&M University-Texarkana,33.490482,6224.7698317307695,10220.307692307691,26.12920673076923,2846.6189903846152,4200.531850961538,1664,0.9601427721594289,0.14250309789343246,18819,11038,0.64,0.94,11015,1,0,0,0,1,1
224554,Texas A & M University-Commerce,33.242112,7044.0926229508195,7227.0911885245905,285.59313524590164,1417.621618852459,2496.8754098360655,9760,0.8666154141841246,0.2042581503659348,17030,9584,0.58,0.9716666666666667,9771,1,0,0,0,1,1
225247,Hardin-Simmons University,32.476434,12842.484295845998,11103.424518743668,NA,5078.197568389058,89269.81155015198,1974,0.9152619589977221,0.19313091090094575,29526,9980,0.65,1,24246,1,0,0,1,1,1
225399,Houston Baptist University,29.693819,13241.755425421978,7995.284877712711,NA,3142.1984154323113,35284.05098174302,2903,0.8487351574599896,0.0975669099756691,33250,9286,0.71,1,27107,1,0,0,1,1,0
225414,University of Houston-Clear Lake,29.582523,9106.991746031747,8718.836507936508,290.1515873015873,1442.3609523809523,4707.980317460318,6300,0.9118795315114333,0.20428134556574923,19320,9881,0.77,0.9565217391304348,11082,1,0,0,0,1,1
225432,University of Houston-Downtown,29.7661,6874.051557259224,5523.639674173454,221.6001916626737,954.8888356492573,4270.558313368471,10435,0.9484385165907612,0.23323615160349853,15740,NA,0.67,0.9587378640776699,8420,1,0,0,0,0,1
225502,University of Houston-Victoria,28.816248,6166.117199873297,7039.510294583465,165.93158061450745,2653.5761799176435,5440.393411466583,3157,0.5334507042253521,0.12623762376237624,14903,9882,0.66,0.9540229885057471,10227,1,0,0,0,0,1
225511,University of Houston,29.720393,10751.411252566735,8307.218343600274,5164.282546201232,1103.6101300479124,23065.90313483915,36525,0.6552269439117122,0.27919276984697544,20877,9962,0.86,0.8915906788247214,10230,1,0,0,0,1,1
225548,Howard Payne University,31.716467,12820.523600439077,9217.048298572996,NA,6538.659714599341,70183.81558726674,911,0.5926481620405101,0.29240506329113924,26778,9148,0.5,1,21281,1,0,0,1,0,1
225575,Huston-Tillotson University,30.264667,12643.423200859292,5831.445757250269,NA,5074.62298603652,10642.230934479056,931,0.5002666666666666,0.15991471215351813,12569,8449,0.54,1,4807,1,0,0,1,0,1
225627,University of the Incarnate Word,29.46708,20499.296086047205,10415.772333432926,78.6213026590977,3332.775321183149,21215.84463698835,6694,0.9422158017557506,0.11392852930770138,31800,13122,0.75,1,24887,1,0,0,1,1,1
226091,Lamar University,30.042738,6832.077233520614,6054.208277281,253.1507478040674,910.1981482946902,9735.204241513018,12637,0.8805677924620656,0.2907170650361312,16020,9064,0.69,0.9530416221985059,9568,1,0,0,0,1,1
226152,Texas A & M International University,27.571172,4187.216553467067,5933.377033643974,813.6806191754857,1294.035697362186,6523.05796872532,6331,0.5437963138894166,0.39797344514325644,13610,9002,0.74,0.9976133651551312,11535,1,0,0,0,1,1
226231,LeTourneau University,32.46632,15400.010938924339,9091.535095715588,361.8363719234275,4416.293983591613,9893.582497721058,2194,0.5419213973799126,0.26430298146655923,32690,10170,0.81,1,21889,1,0,0,1,0,1
226383,Lubbock Christian University,33.575973,13988.09238776838,8629.2283669486,NA,4469.5777488614185,13830.191281717633,1537,0.9518477043673013,0.36470588235294116,24700,8230,0.68,1,14685,1,0,0,1,0,1
226471,University of Mary Hardin-Baylor,31.066793,19619.223371880707,9602.428484479611,NA,5020.84692635423,26840.17041996348,3286,0.9934187975594707,0.05941618935891243,27020,9500,0.69,0.9971387696709585,14939,1,0,0,1,1,1
226587,McMurry University,32.429776,14705.268031189084,8784.560428849902,NA,3095.659844054581,99214.783625731,1026,0.7835276967930029,0.28093023255813954,29100,9050,0.65,1,23100,1,0,0,1,0,1
226833,Midwestern State University,33.874809,6906.244245025361,9160.332422941865,225.95805696449474,3195.0998829496684,4292.512680452594,5126,0.9459737586827888,0.20533043241773186,7827,9780,0.66,1,11412,1,0,0,0,1,1
227216,University of North Texas,33.211178,9604.779638312124,6236.521037569262,829.8698167204531,2402.479145101382,5529.7891980758695,32846,0.8142247968460857,0.2748517786561265,18111,10158,0.85,0.8862954318106036,9491,1,0,0,0,1,1
227331,Our Lady of the Lake University,29.426194,19756.073066459387,10876.019432568986,NA,5403.557326078508,11554.924212980955,2573,0.657767607424358,0.09818322381136452,29038,10242,0.65,1,21389,1,0,0,1,1,1
227368,The University of Texas Rio Grande Valley,26.306759,3780.3064516129034,7548.112096774194,990.1474193548387,1487.879193548387,2497.4103225806452,24800,0.9389684415403865,0.4026502813147764,17649,8194,0.81,0.9969678593086719,10981,1,0,0,0,1,1
227429,Paul Quinn College,32.678837,7602.09756097561,2567.1742160278745,NA,4542.05574912892,17935.463414634145,574,0.873769024171889,0.06762295081967214,6960,7320,0.56,0.9583333333333334,12811,1,0,0,1,0,1
227526,Prairie View A & M University,30.092425,5412.051389862182,7485.565989254847,2665.7056762438683,2586.925718290119,9671.633730436813,8562,0.7700281356434178,0.3482692307692308,22590,8957,0.74,0.9703287890938251,12886,1,0,0,0,1,1
227757,Rice University,29.717897,23358.475263584754,43967.964314679644,16190.186536901865,10987.293863206272,841964.967829143,7398,0.09484159220146222,0.4375446109921485,52070,14800,0.97,0.939799331103679,56654,1,0,0,0,1,1
227845,Saint Edward's University,30.229618,23419.057157309053,10029.827010622155,NA,4955.7030854830555,29356.770864946888,3954,0.9216599190283401,0.13463650340434877,49146,13408,0.72,0.9975308641975309,40593,1,0,0,1,1,1
227863,University of St Thomas,29.736438,16841.867862969004,12837.928221859707,NA,3084.073409461664,41749.047308319736,2452,0.9842105263157894,0.3948306595365419,30800,9470,0.83,0.9758620689655172,23778,1,0,0,1,1,1
227881,Sam Houston State University,30.714738,8590.393184796854,6499.988532110092,441.74634119702927,1740.7169069462648,6871.301878549585,18312,0.9658186223606784,0.26055012991667414,15648,10406,0.79,0.8001049317943337,8828,1,0,0,0,1,1
228042,Schreiner University,30.031458,12621.630338733432,7761.809278350515,NA,4626.857142857143,52701.31369661266,1358,0.8378378378378378,0.2076095947063689,33927,10579,0.64,1,21950,1,0,0,1,0,1
228149,St. Mary's University,29.453244,21076.666666666668,14488.814814814816,230.36888888888888,6020.535925925926,72597.40444444444,2700,0.8845528455284553,0.15913865546218486,33518,11156,0.74,1,23926,1,0,0,1,1,1
228246,Southern Methodist University,32.843612,31631.14668785381,19782.89800377396,2578.2103485946964,5035.455358029596,160813.5862548416,10069,0.5312719158431622,0.18864754590183608,53464,17438,0.9,0.9442148760330579,39036,1,0,0,1,1,1
228325,Southwestern Assemblies of God University,32.40443,12798.185248713551,5311.249857061178,NA,969.6112064036593,5983.641509433963,1749,0.8541033434650456,0.498220640569395,16444,7582,0.72,0.973568281938326,11500,1,0,0,1,1,0
228343,Southwestern University,30.634341,16828.44825124911,13331.81584582441,171.29550321199144,7728.4546752319775,200910.68665239116,1401,0.5104057178894261,0.14621087314662273,46800,12000,0.86,1,32564,1,0,0,1,0,1
228431,Stephen F Austin State University,31.621056,7419.686428571428,6386.978571428572,295.5133035714286,2219.011785714286,7444.722857142857,11200,0.9192841490138788,0.22685736988478347,18858,9642,0.77,0.8302411873840445,9397,1,0,0,0,1,1
228459,Texas State University,29.888885,8359.206917549629,7673.986725124832,2168.6082693947146,1277.4826452320058,6239.7773718182925,32844,0.6999002349306472,0.3057752437005702,20030,10930,0.77,0.8843640020110608,10957,1,0,0,0,1,1
228468,Southwestern Adventist University,32.397617,13899.886612021857,9792.213114754099,NA,3743.46174863388,17939.251366120217,732,0.5750682438580528,0.2088607594936709,22848,8100,0.79,0.898989898989899,14895,1,0,0,1,0,1
228501,Sul Ross State University,30.363139,4025.6523681858803,5623.754244861483,1002.0339588918678,1397.5004468275247,9266.868632707774,2238,1,0.3551912568306011,19014,8724,0.52,0.9416058394160584,9213,1,0,0,0,0,1
228529,Tarleton State University,32.214988,6593.662824207493,6864.786023054755,1136.6567002881845,1297.2118155619596,3939.844020172911,11104,0.5680773200713146,0.35513709943838784,14208,10206,0.69,0.47692307692307695,2711,1,0,0,0,1,1
228705,Texas A & M University-Kingsville,27.525168,6326.768882602546,7672.722772277228,2876.553323903819,2340.1927864214995,3675.8729844413015,7070,0.9286871961102107,0.20418848167539266,18133,9425,0.72,0.961864406779661,11017,1,0,0,0,1,1
228723,Texas A & M University-College Station,30.618726,11509.159091301122,15988.452555499975,13155.7783795905,1780.0819346937367,218871.7379469753,57973,0.6428261316637343,0.43804208730271577,35378,11400,0.94,0.8148055207026349,11194,1,0,0,0,1,1
228769,The University of Texas at Arlington,32.729718,8164.673115720863,5867.455123894263,2552.3920128291347,2420.5294604521237,4131.494904557447,38662,0.927022841656988,0.3187165030973759,26778,10516,0.76,0.9341842840047866,10286,1,0,0,0,1,1
228778,The University of Texas at Austin,30.282825,11329.318317382595,19470.767861117292,13298.232806588027,1516.680391720454,89915.57569552638,44930,0.2874525175174418,0.47699273454775193,40996,12768,0.97,0.8142933049946866,10511,1,0,0,0,1,1
228787,The University of Texas at Dallas,32.984673,12217.829316843843,10810.11520054212,4856.171276100123,1022.2702977425777,22505.167252551775,23611,0.8721201826096189,0.2460283644774484,39776,12142,0.9,0.8099829835507657,11469,1,0,0,0,1,1
228796,The University of Texas at El Paso,31.77015,6341.248727925771,7625.97026838272,3991.5873490970766,1074.511224184376,13089.696897136586,20046,0.9998030138875209,0.3030243325780711,23112,9496,0.77,0.9331450094161958,9283,1,0,0,0,1,1
228802,The University of Texas at Tyler,32.315772,6483.650520364898,8837.490684825903,281.69279198252605,1615.7450854426313,11276.613131183349,7783,0.9387755102040817,0.3481238832638475,21570,9907,0.64,0.8661157024793389,9154,1,0,0,0,1,1
228875,Texas Christian University,32.70961,28831.92507380637,19075.435203094778,969.866639519495,4191.692965489158,162470.6358546269,9823,0.5361439692649884,0.24137280784461626,51570,14040,0.92,0.9700534759358289,32154,1,0,0,1,1,1
228981,Texas Lutheran University,29.573261,10942.47072243346,9631.143726235741,35.97718631178707,5378.453992395437,75423.00228136883,1315,0.629277566539924,0.18912386706948642,32350,11000,0.69,1,23874,1,0,0,1,0,1
229018,The University of Texas Permian Basin,31.889509,6739.636622005684,7893.937474624442,284.54872107186355,955.4098660170524,9878.04628501827,4926,0.6468646864686468,0.49489795918367346,18817,11414,0.65,0.9789915966386554,13512,1,0,0,0,0,1
229027,The University of Texas at San Antonio,29.583709,7825.7544127760375,6858.480553220754,2556.369527011538,1346.9141132421487,6266.967219378009,26174,0.9049986191659762,0.2803377072525684,18534,10391,0.78,0.8674899866488651,8749,1,0,0,0,1,1
229063,Texas Southern University,29.721046,10180.28625905682,12663.273929070801,487.85483665946356,1800.0457607728486,7548.839455955256,7867,0.6304718590108016,0.19446949203486624,19677,9664,0.51,0.9978991596638656,6667,1,0,0,0,1,1
229115,Texas Tech University,33.583448,9512.751989983008,7350.00119249918,5652.058551709746,1569.0094505560028,21872.54521062517,33543,0.678634909349449,0.2893748908678191,21204,10346,0.87,0.8362855609232421,7201,1,0,0,0,1,1
229160,Texas Wesleyan University,32.732962,18750.963798777622,12159.027738598965,27.24823695345557,5315.533615420781,29154.689233662437,2127,0.5753080211214483,0.16171328671328672,29898,10728,0.64,1,29251,1,0,0,1,1,1
229179,Texas Woman's University,33.226211,6191.159774436091,6602.082550125313,380.1531171679198,1290.0227913533834,5651.550751879699,12768,0.9570494864612512,0.2511219512195122,15408,10386,0.77,0.9366028708133971,9091,1,0,0,0,1,1
229267,Trinity University,29.462682,18142.674799847504,17770.170034311857,1265.6061761341975,8989.723980175371,495388.7426610751,2623,0.3372117182630376,0.20425138632162662,46776,13892,0.89,0.9964788732394366,40117,1,0,0,1,0,1
229780,Wayland Baptist University,34.187677,10381.917454002984,8895.810044753855,NA,2160.0213823968174,21137.664843361512,4022,0.8076398362892224,0.38175675675675674,20588,8416,0.38,0.983957219251337,11388,1,0,0,1,1,1
229814,West Texas A & M University,34.982789,7066.3978886515015,5210.896066356667,519.3899710946337,1553.5676762598969,11148.989820284027,7957,0.9703987462998432,0.23165261080208147,8217,8950,0.82,0.48,2378,1,0,0,0,1,1
230038,Brigham Young University,40.250851,6070.128276763954,15548.649467990252,1534.8766569577365,1699.2692147654996,58681.9815728467,33646,0.5918332184700207,0.7879184861717613,6120,8048,0.92,0.7657754010695187,6254,1,0,0,1,1,1
230047,Brigham Young University-Hawaii,21.642074,2592.423810880091,12436.342922244376,35.60239248077471,1691.8256906864142,34760.100256337224,3511,0.8768882175226587,0.6089577950043066,6068,8034,0.64,0.8193548387096774,5746,1,0,0,1,0,0
230603,Southern Utah University,37.674617,6713.696123644522,6692.076529976318,9.422659852922846,2700.181976816652,3606.1697619344386,8023,0.8872682898483352,0.16792193332896718,19822,7500,0.72,0.9495412844036697,8224,1,0,0,0,0,1
230728,Utah State University,41.740748,6524.956101057158,10681.831213044257,8039.496953950905,1327.181867048916,16888.738218957176,22324,0.9263184942506585,0.29285714285714287,22517,8076,0.73,0.8392652123995408,8150,1,0,0,0,1,1
230764,University of Utah,40.762484,12744.130407707242,16399.61170738855,13143.59500347998,1424.374519213158,38530.38660756804,27299,0.9496776308600153,0.3084402508486278,27201,10662,0.89,0.9991007194244604,9469,1,0,0,0,1,1
230807,Westminster College,40.730779,18392.892295280355,12408.776119402984,NA,5068.128680919725,33330.64945542558,2479,0.7573114417650076,0.11449864498644986,38160,10600,0.71,1,28293,4,0,0,0,0,1
230816,Bennington College,42.919547,27804.719178082192,19540.33105022831,NA,7101.61301369863,39903.292237442925,876,0.6691772885283893,0.21558441558441557,58848,17210,0.8,1,50861,1,0,0,0,0,1
230852,Champlain College,44.473287,18058.320987654322,8010.664609053498,NA,2820.326646090535,6249.40329218107,3888,0.6243016759776536,0.10937111608252548,42564,15854,0.79,1,28793,1,0,0,0,0,1
230889,Goddard College,44.279087,16352.19955654102,9379.350332594235,NA,4213.882483370288,2936.838137472284,451,1,1,18892,NA,0.83,0.5,4523,1,0,0,0,0,0
230959,Middlebury College,44.009117,50917.845360824744,28948.131443298967,3199.4201030927834,13183.634020618556,362159.793814433,3104,0.13447001511842768,0.42473454091193,59330,17050,0.89,0.9695817490494296,53635,4,1,0,0,1,1
230995,Norwich University,44.140237,14778.221512247072,8138.711395101172,301.11821086261983,6362.353567625133,57979.23322683706,3756,0.8676829268292683,0.23049894588896697,41624,15226,0.82,1,39868,1,0,0,0,0,1
231059,Saint Michael's College,44.494558,24234.14610546686,10102.122883405902,707.2559264634737,6548.897919690373,43509.11659409772,2067,0.8588384908859686,0.15597235932872655,46590,14280,0.86,1,39659,1,0,0,1,0,1
231095,Sterling College,44.65225,14369.99290780142,12485.517730496455,NA,5029.368794326241,7221.567375886525,141,1,0.4146341463414634,39000,10400,0.71,1,33020,1,0,0,0,0,1
231174,University of Vermont,44.477325,26176.010353474077,16903.178840087356,8588.853838065195,4370.6220173097145,39698.45506754024,12363,0.6351187448648226,0.18061972525103184,41280,13324,0.85,0.9635761589403974,14384,1,0,0,0,1,1
231420,Averett University,36.577287,16063.069306930693,10133.937293729374,NA,7553.781078107811,28360.68206820682,909,0.4771808203350664,0.13983050847457626,36900,11140,0.59,1,23698,1,0,0,1,0,1
231554,Bluefield University,37.244557,10149.372549019608,4300.610939112487,NA,4353.942208462332,7036.570691434468,969,0.7225,0.20069204152249134,27050,10677,0.63,1,18827,1,0,0,1,0,1
231581,Bridgewater College,38.378484,11237.592533333333,6893.1872,NA,6472.017066666666,49660.38186666667,1875,0.7508854781582054,0.15644654088050314,37500,13360,0.71,1,34903,1,0,0,1,0,1
231624,William & Mary,37.269489,20791.915789473685,17621.24705882353,8068.84012383901,2309.4132507739937,115856.80247678018,8075,0.36543633762517885,0.2637018477920451,40089,13736,0.93,0.7971360381861575,21182,1,0,0,0,1,1
231651,Regent University,36.801173,14580.682380089007,4842.459205538157,3.395417834184935,8332.371847700675,11867.64463491017,6067,0.4070610687022901,0.20534458509142053,17220,7004,0.77,0.9679144385026738,12228,1,0,0,0,1,1
231712,Christopher Newport University,37.062495,8188.112436804853,9430.512436804853,399.39191102123357,1916.2343781597574,7165.647724974722,4945,0.8853560232870578,0.17062889900522676,21566,11760,0.87,0.8047619047619048,8553,1,0,0,0,0,1
232025,Emory & Henry College,36.772857,15338.067854113655,13495.580152671755,273.8396946564886,6588.698049194232,76010.8566581849,1179,0.8721238938053097,0.197869101978691,34500,13600,0.76,1,31004,1,0,0,1,0,1
232043,Eastern Mennonite University,38.471134,16779.699855699855,11719.897546897548,174.1839826839827,4269.280663780663,22955.030303030304,1386,0.9522935779816514,0.2003853564547206,39620,11900,0.79,0.9675324675324676,30628,1,0,0,1,0,1
232089,Ferrum College,36.926912,13979.332713754648,7549.333643122676,NA,7554.196096654275,49235.847583643124,1076,0.7642130460801915,0.17227877838684416,36480,12400,0.56,1,8465,1,0,0,1,0,1
232186,George Mason University,38.829976,12568.935765586539,12714.582729203898,3222.3464949253125,1269.5588899753852,2864.296186397815,29657,0.912992643834949,0.21268875727015635,32970,12630,0.86,0.8932384341637011,8883,1,0,0,0,1,1
232256,Hampden-Sydney College,37.240615,17892.76481835564,14689.032504780114,133.2657743785851,12269.75430210325,163162.76864244742,1046,0.36807705538355695,0.20747663551401868,47014,14278,0.79,1,41654,1,0,0,0,0,1
232265,Hampton University,37.019944,18045.073170731706,10753.279033340792,3639.0438576862834,3542.6486909823225,63849.802640411726,4469,0.8012431776834446,0.058183538315988645,26198,12986,0.72,0.5930735930735931,5612,1,0,0,0,1,1
232308,Hollins University,37.354201,10484.847777777777,16621.406666666666,529.0477777777778,5578.511111111111,207038.6311111111,900,0.747171031361138,0.10125486802250108,39360,14660,0.82,1,34620,4,0,0,0,0,1
232423,James Madison University,38.436311,10337.545119531324,9931.586034205802,120.37300387413777,1120.3388453179628,4909.971463668147,21166,0.8625330562901398,0.2609909663290446,23800,11550,0.89,0.5775917578879588,6578,1,0,0,0,1,1
232557,Liberty University,37.350232,11602.923687522183,2990.6635797489594,21.278677680616955,2981.022393598141,23119.038172372624,61982,0.9928290213723284,0.1933508001699476,15409,11547,0.81,0.99889339727038,12081,1,0,0,1,1,1
232566,Longwood University,37.301137,6848.414833980164,8947.695127210005,64.16688227684347,1153.1854247520482,15609.271237602416,4638,0.89978249958173,0.13350687988099666,20000,13744,0.79,0.9724770642201835,10822,1,0,0,0,0,1
232609,University of Lynchburg,37.399774,17674.779849266164,12630.454581515272,31.7750892502975,4504.19000396668,43499.03689012297,2521,0.9687298517085751,0.11181364392678869,33500,12490,0.78,1,25267,1,0,0,1,1,1
232681,University of Mary Washington,38.302492,6645.103353238402,8123.557648139642,100.09393661001378,2394.7884703720715,11630.893890675241,4354,0.8191764471851999,0.1588149587178242,25104,12090,0.79,0.4484304932735426,7202,1,0,0,0,0,1
232706,Marymount University,38.905562,21474.266194005802,12626.76248791492,NA,3647.260393167902,14921.147276828875,3103,0.8366315789473684,0.1665827881227982,34400,14686,0.71,1,27263,1,0,0,1,1,1
232937,Norfolk State University,36.848429,5547.807054823629,10294.249893752656,2007.089672758181,1473.1234594135146,5270.877178070548,4706,0.8864406779661017,0.1934642795063445,16920,10844,0.68,0.8951841359773371,10462,1,0,0,0,1,1
232982,Old Dominion University,36.886418,7501.641424478101,10485.780802292264,730.9573782234957,1125.1344658207122,12183.48587801883,19544,0.9623141469159429,0.22173780021416553,26664,12988,0.76,0.9343267108167771,10645,1,0,0,0,1,1
233277,Radford University,37.136907,6825.664824231704,10839.446164050409,69.52100375856732,890.9020561574176,6272.795931903604,9046,0.9531485253741918,0.12005203493774391,19557,10330,0.75,0.9490909090909091,9563,1,0,0,0,1,1
233295,Randolph-Macon College,37.76043,17641.330090340514,10836.282835302292,NA,8475.692147324531,115511.02710215427,1439,0.8382222222222222,0.18292682926829268,43660,13130,0.87,1,31735,4,0,0,1,0,1
233301,Randolph College,37.437315,12963.402898550725,15247.634782608695,NA,8218.202898550724,229111.60579710145,690,0.937984496124031,0.12672176308539945,26250,11000,0.71,1,20146,1,1,0,0,0,1
233338,Richard Bland College,37.156972,2230.486915146709,3392.729579698652,NA,1785.8239492466296,5242.24107850912,1261,0.72165991902834,0.4427302477793361,11970,12103,0.55,1,8041,1,0,0,0,0,1
233374,University of Richmond,37.577393,29155.728886498116,23126.14308768155,1345.0779989241528,13470.414201183432,675520.1721355567,3718,0.28771049802938015,0.21818181818181817,58570,13950,0.93,0.9211267605633803,45705,1,0,0,0,0,1
233426,Roanoke College,37.294861,15782.64184397163,10463.992021276596,137.44370567375887,5645.367907801418,67634.0354609929,2256,0.803755299818292,0.11680482290881689,46510,14990,0.79,1,37565,1,0,0,1,0,1
233541,Shenandoah University,39.167355,23783.81092694905,14068.871700429712,NA,4277.460712093309,20313.77532228361,3258,0.7435015290519877,0.2616966580976864,33140,11020,0.82,1,21315,1,0,0,1,1,1
233611,Southern Virginia University,37.740368,11838.793224299065,6770.008177570094,NA,7733.866822429906,1694.1717289719627,856,0.9951298701298701,0.27895595432300163,17960,8800,0.69,1,10249,1,0,0,0,0,1
233718,Sweet Briar College,37.556725,14328.176470588236,31437.83044982699,549.0795847750865,12580.865051903114,258883.54325259515,289,0.8003355704697986,0.18553459119496854,22120,13880,0.79,0.9809523809523809,13211,1,0,0,0,0,1
233897,University of Virginia's College at Wise,36.970602,6227.92423252776,9592.451992161985,31.022860875244938,1454.8726322664925,63436.6557805356,1531,0.8336614173228346,0.3884297520661157,24679,11593,0.71,0.9926470588235294,14010,1,0,0,0,0,1
233921,Virginia Polytechnic Institute and State University,37.229012,14692.003878816373,13040.301489818106,11228.004466515824,718.8371778672387,33407.77432341101,34031,0.5646549674228373,0.2845953002610966,30829,10110,0.93,0.7431781701444623,7772,1,0,0,0,1,1
234030,Virginia Commonwealth University,37.54962,13299.609982948381,16852.38490156565,7959.03464579135,1032.8246008370795,75621.47636025422,25804,0.9276978212640082,0.25042923718420407,32742,12279,0.83,0.9098810612991766,12983,1,0,0,0,1,1
234076,University of Virginia-Main Campus,38.035665,22734.86916308574,19964.951913239205,17953.39226519337,2552.172539390219,280591.69420912623,24435,0.20743782702049154,0.39081499346799314,50518,12660,0.97,0.6811224489795918,13213,1,0,0,0,1,1
234085,Virginia Military Institute,37.7896,14914.21047174702,14582.202177293935,111.45101088646967,4157.847589424572,262942.78900984966,1929,0.6391220142027114,0.46565656565656566,38436,10362,0.8,0.6903553299492385,11967,1,1,0,0,0,1
234155,Virginia State University,37.234692,5732.782297720161,9961.161376843987,1762.161823871256,1206.7995082700045,12234.548055431382,4474,0.9608137903387453,0.09596328361322624,16542,11544,0.62,0.83991683991684,9509,1,0,0,0,1,1
234164,Virginia Union University,37.562405,11883.236276849642,6152.547136038186,NA,1811.5912887828163,20137.935560859187,1676,0.9378432351472791,0.0835773223316476,10530,9358,0.61,0.8738738738738738,7119,1,0,0,1,0,1
234173,Virginia Wesleyan University,36.868417,16088.782423812898,11191.56980864635,NA,6439.779588944011,41599.44436569809,1411,0.8636801541425819,0.1901840490797546,36010,10264,0.64,0.991701244813278,27831,4,0,0,1,0,1
234207,Washington and Lee University,37.788939,34753.63941769317,42424.41209406495,1063.2698768197088,8379.05935050392,897600.2150055991,1786,0.18849116447666517,0.38782051282051283,58260,16270,0.97,0.9319727891156463,50821,4,1,0,0,0,1
234827,Central Washington University,47.002687,5949.065748483358,8716.91916707657,389.23848171831446,1422.6578127561895,1947.9122807017543,12198,0.8844617813689979,0.1439672372151633,23184,13938,0.7,0.8353808353808354,8667,2,0,0,0,0,1
235024,Cornish College of the Arts,47.618174,26034.776073619632,21457.874233128834,NA,3662.4187116564417,14012.366564417178,652,0.6381381381381381,0.23058823529411765,33956,13416,0.59,1,14237,1,0,0,0,0,1
235097,Eastern Washington University,47.490667,7372.831580761937,7797.267367695225,108.57740044819859,2146.180486123082,2760.762627133253,11602,0.9706994328922496,0.3176728334956183,24722,13060,0.71,0.962707182320442,10550,2,0,0,0,1,1
235167,The Evergreen State College,47.07382,7261.398351648351,8693.90989010989,32.53791208791209,2129.239285714286,4298.203021978022,3640,0.9945994599459946,0.21176470588235294,28032,13149,0.61,0.75,3797,2,0,0,0,0,1
235316,Gonzaga University,47.666531,23289.09631768953,11885.487364620938,NA,7258.6281588447655,41422.38036101083,6925,0.7615497571444708,0.19445268466330465,47560,13192,0.92,1,31818,1,0,0,1,1,1
236133,Northwest University,47.657945,17643.71497197758,9457.165732586069,NA,5072.057646116894,6908.726981585268,1249,0.959830866807611,0.3634361233480176,33500,9700,0.83,1,24005,1,0,0,1,1,1
236230,Pacific Lutheran University,47.14516,19018.76582278481,10713.487341772152,80.9743670886076,3512.2395569620253,31586.303797468354,3160,0.8838509316770187,0.1791988756148981,46816,11482,0.8,0.997275204359673,38167,4,0,0,1,0,1
236328,University of Puget Sound,47.26308,30596.255596255596,20933.658933658935,551.4855514855515,8378.510378510378,150198.6227106227,2457,0.8829850746268657,0.09217940049583051,55390,13950,0.76,0.995260663507109,35838,1,0,0,0,0,1
236452,Saint Martin's University,47.041068,18082.259285213735,8314.656622284512,105.2249474421864,5930.491240364401,15274.19341275403,1427,0.7161703731624576,0.1831578947368421,40210,12850,0.76,1,33998,1,0,0,1,1,1
236577,Seattle Pacific University,47.650214,21061.09865470852,12412.836322869955,204.87668161434976,5157.511210762332,30853.139013452914,3568,0.9194584671867829,0.1444971300224607,35100,13404,0.77,0.9949238578680203,26787,2,0,0,1,1,1
236595,Seattle University,47.608859,29101.00947225981,18546.146820027065,NA,6619.381596752368,40795.721244925575,5912,0.8211734395128235,0.1417569880205362,48510,13035,0.82,0.9870317002881844,32395,2,0,0,1,1,1
236939,Washington State University,46.730448,10386.369050271032,11250.931165070171,8183.925892923443,1248.8938887651295,38030.0242073216,26934,0.8576688465131616,0.2567437688216826,25773,11848,0.81,0.8974358974358975,10912,1,0,0,0,1,1
236948,University of Washington-Seattle Campus,47.65538,21392.861323017743,32502.70568149893,19160.400233397446,1267.6543988935232,76384.0477168111,46273,0.5348280098280098,0.2776310248459094,38757,14871,0.93,0.7668421052631579,15246,2,0,0,0,1,1
237011,Western Washington University,48.737812,7733.582929988411,10166.999113777354,571.122912263958,1823.884927397914,5809.9458722475965,14669,0.9609640831758034,0.2826792564178224,24799,13080,0.79,0.9514747859181731,7785,2,0,0,0,1,1
237057,Whitman College,46.069815,30762.978835978836,21228.376984126986,376.90939153439155,9457.853174603175,371038.34920634923,1512,0.5895247332686712,0.15695952615992104,55560,13800,0.72,0.9879032258064516,36355,1,0,0,0,0,1
237066,Whitworth University,47.753358,17696.53713867545,10279.834613977315,501.4259055982437,5043.525064032199,55316.150750091474,2733,0.914553752535497,0.14804546714721376,46350,12500,0.81,0.9921875,36691,4,0,0,1,0,1
237118,Alderson Broaddus University,39.158067,11077.774734982333,5287.5989399293285,122.26501766784452,6109.434628975265,16033.909893992934,1132,0.6653225806451613,0.22683982683982684,29720,9860,0.48,1,24242,1,0,0,1,0,0
237136,Appalachian Bible College,37.853335,4717.286995515695,4730.8878923766815,NA,3980.641255605381,7433.408071748879,223,0.46153846153846156,0.6428571428571429,14000,8560,0.82,1,13338,1,0,0,1,0,1
237181,Bethany College,40.205819,10562.120840630472,9259.44833625219,NA,9259.005253940455,73637.81436077057,571,0.7355273592386995,0.09002695417789758,29680,11490,0.75,1,34755,1,0,0,1,0,1
237215,Bluefield State College,37.265732,3455.151085141903,6681.431552587646,13.365609348914859,1597.6335559265442,1607.6869782971619,1198,0.9685966633954858,0.3505572441742654,15282,9400,0.6,0.9703703703703703,7728,1,0,0,0,0,1
237312,University of Charleston,38.333367,13557.57281553398,7578.494174757281,41.2995145631068,4232.405339805825,21352.079611650486,2060,0.6970766129032258,0.17787418655097614,21000,9950,0.67,1,21794,1,0,0,0,0,1
237330,Concord University,37.423723,3370.91893158388,4826.047797563261,68.13495782567948,1223.568884723524,11859.38519212746,2134,0.9562967222541691,0.2375225496091401,17880,9444,0.64,0.9696969696969697,8661,1,0,0,0,0,1
237358,Davis & Elkins College,38.931232,9829.147836538461,7879.842548076923,NA,5689.787259615385,52527.85096153846,832,0.7761377613776138,0.2694136291600634,29280,9800,0.69,1,23247,1,0,0,1,0,1
237367,Fairmont State University,39.483079,3711.1846109675566,6833.3867355727825,38.722365776629346,1757.036749928223,8421.329888027562,3483,0.987549518958687,0.3753581661891118,14992,10022,0.69,1,6444,1,0,0,0,0,1
237525,Marshall University,38.422482,8009.559372666169,10213.71919342793,1604.073935772965,1418.0109223300972,12077.908887229276,10712,0.9780435558729025,0.29129403175762003,18244,11384,0.77,0.9806763285024155,11957,1,0,0,0,1,1
237792,Shepherd University,39.433071,5397.5360106206435,7545.70925987388,103.8854961832061,1390.924991702622,6876.485894457352,3013,0.9641255605381166,0.3248062015503876,15276,10848,0.73,0.9408866995073891,9787,1,0,0,0,0,1
237899,West Virginia State University,38.380541,4590.090524534687,6261.612098138748,3520.6129441624366,917.60321489001694,2991.9204737732657,2364,0.9655288948969246,0.10675533776688835,14280,12886,0.6,0.9397590361445783,7391,1,0,0,0,0,1
237932,West Liberty University,40.164417,6371.809375,5260.647767857143,227.78839285714287,1071.447767857143,5839.603125,2240,0.7384806973848069,0.31871838111298484,16294,10020,0.73,0.9225806451612903,6895,1,0,0,0,0,1
237969,West Virginia Wesleyan College,38.990661,11805.62490733877,6945.239436619719,NA,5036.293550778354,37294.6004447739,1349,0.8442808607021518,0.20254862508383636,31384,10054,0.72,1,27291,1,0,0,1,0,1
238032,West Virginia University,39.634371,15614.29643954044,12497.017404163349,4974.024949759223,1530.7426534713534,25462.92162438858,26373,0.8982078013353637,0.28123369848721963,25824,10948,0.82,0.9860383944153578,10463,1,0,0,0,1,1
238078,Wheeling University,40.070873,17809.879618593564,9388.748510131109,1191.0810488676996,8332.775923718713,16511.909415971393,839,0.7807361002349256,0.1514543630892678,29090,11620,1,1,22082,1,0,0,1,0,1
238193,Alverno College,42.982842,19589.886223440713,9127.806716929405,150.11583276216587,4845.239890335846,20536.56202878684,1459,0.9084084084084084,0.18677685950413223,30408,8770,0.71,1,25384,1,0,0,1,0,1
238324,Bellin College,44.468277,17775.93969849246,9643.653266331658,NA,1809.7185929648242,27127.5351758794,398,0.8529411764705882,0.7586206896551724,21050,NA,0.82,0.9666666666666667,4694,1,0,0,0,1,1
238333,Beloit College,42.504022,17607.36311239193,13756.608069164266,66.09582132564842,6764.610230547551,115945.87896253602,1388,0.6727660872217139,0.1314596554850408,54184,10028,0.9,1,47264,1,0,0,0,0,1
238430,Cardinal Stritch University,43.139752,13794.22799763733,5842.276432368577,NA,2679.957471943296,7139.501476668635,1693,0.8890784982935154,0.21497120921305182,34062,9766,0.7,1,25896,1,0,0,1,1,1
238458,Carroll University,43.004527,16930.81277395116,7583.79336255479,NA,4138.064495929869,19456.14026299311,3194,0.7049765677304173,0.21462488129154797,34330,11690,0.82,0.9959514170040485,23652,1,0,0,1,0,1
238476,Carthage College,42.622969,14368.044513137558,9895.448531684699,NA,4091.121483771252,33687.83183925811,3235,0.7569163097580739,0.11668450833460774,33000,12400,0.79,0.9628154050464808,20487,4,0,0,1,0,1
238616,Concordia University-Wisconsin,43.253387,16317.338735818477,9663.523095623987,38.828808752025935,2595.1270259319285,15472.30794165316,4936,0.6859480812641083,0.21143562320032908,31660,11750,0.81,1,21922,1,0,0,1,1,1
238661,Edgewood College,43.057059,19321.85810460901,10060.970481615743,NA,3601.474883480062,29521.26359399275,1931,0.9549248747913188,0.22465034965034966,32600,12050,0.78,1,20341,1,0,0,1,1,1
238980,Lakeland University,43.841573,11663.771549444738,4725.895822316234,NA,4982.8778424114225,9094.271813855103,1891,0.8010899182561307,0.18594104308390022,29950,10692,0.61,1,23942,1,0,0,1,0,1
239017,Lawrence University,44.261323,10294.623048327137,10077.994052044609,224.13122676579925,4058.061338289963,126331.28921933085,2690,0.7495700034399725,0.18448829738412115,52101,11184,0.87,0.996078431372549,43147,3,0,0,0,0,1
239071,Maranatha Baptist University,43.195013,12194.443820224718,5905.404494382023,NA,1863.8921348314607,300.0696629213483,890,0.803030303030303,0.6556603773584906,16800,7980,0.83,1,7108,1,0,0,1,0,1
239080,Marian University,43.777411,14409.569172457359,5278.335439039798,NA,4538.593177511055,4961.123183828175,1583,0.7627118644067796,0.2716049382716049,28660,7920,0.71,1,15298,1,0,0,1,0,1
239105,Marquette University,43.03903,24860.670548082715,12519.975908452117,2680.98775346316,6088.235294117647,67135.11343103794,9962,0.8625691456668716,0.11807040045603534,44970,14140,0.88,1,33289,1,0,0,1,1,1
239309,Milwaukee Institute of Art & Design,43.030917,20848.97124600639,9043.274760383387,NA,5120.595846645368,5065.015974440895,626,0.6827438370846731,0.3469387755102041,38050,9490,0.7,1,25306,1,0,0,0,0,1
239318,Milwaukee School of Engineering,43.045364,15997.593818984547,11127.913171449596,1991.2744665194996,3225.5481972038265,25084.25607064018,2718,0.6671826625386997,0.21544580709313887,43284,12047,0.8,1,34970,2,0,0,0,0,1
239390,Mount Mary University,43.072507,15269.53500897666,8177.2513464991025,NA,3332.0502692998207,19403.825852782764,1114,0.6236378876781223,0.2553763440860215,32080,9640,0.72,1,24293,1,0,0,1,1,1
239512,Northland College,46.579087,10505.25870646766,10831.029850746268,1488.6583747927032,6516.14096185738,34686.918739635155,603,0.5766016713091922,0.1497584541062802,38376,9688,0.66,1,32648,4,0,0,1,0,1
239628,Ripon College,43.844135,15607.504402515724,14025.870440251572,NA,7645.922012578616,116718.10817610064,795,0.7976669348350764,0.12455874936964195,47800,9090,0.76,1,37531,1,0,0,0,0,1
239716,Saint Norbert College,44.44483,19772.51262862488,11301.876520112255,197.0088868101029,4951.044434050515,68445.83723105706,2138,0.8514875829850013,0.16863990759457118,41072,11682,0.82,0.9973753280839895,28822,1,0,0,1,0,1
240107,Viterbo University,43.803133,14614.20786026201,7957.734497816594,NA,3349.6017467248907,23573.889956331877,2290,0.7745709828393136,0.2628398791540785,29230,9865,0.77,1,20153,1,0,0,1,0,1
240189,University of Wisconsin-Whitewater,42.835563,7009.8817242607765,6411.109725685786,83.99358745992163,2384.290523690773,2581.5614535090845,11228,0.8296752519596865,0.28708327709542447,15391,7750,0.79,0.6594746716697936,3678,1,0,0,0,0,1
240268,University of Wisconsin-Eau Claire,44.798284,7191.385738918754,6482.264935591845,115.60908814281368,2844.7927781722283,5309.286540217061,9859,0.7746284501061571,0.30875702343428807,15636,8572,0.82,0.6332138590203107,4043,1,0,0,0,0,1
240277,University of Wisconsin-Green Bay,44.532298,5169.717341482047,5426.915584415585,332.4155844155844,3384.7249809014515,8338.988540870894,5236,0.914327378782355,0.24082934609250398,14516,7392,0.74,0.6808176100628931,4237,1,0,0,0,0,1
240329,University of Wisconsin-La Crosse,43.81568,7240.167488676397,7173.382989431303,306.55863110216404,2487.23543029693,2788.840261701057,9935,0.7385029008065658,0.424794021843265,16404,6770,0.86,0.5091299677765844,2729,1,0,0,0,0,1
240338,Wisconsin Lutheran College,43.036943,12130.559459459459,9064.933333333332,41.23063063063063,4908.660360360361,31168.78918918919,1110,0.9801907556859868,0.20508982035928144,32322,11050,0.77,1,23941,1,0,0,1,0,1
240365,University of Wisconsin-Oshkosh,44.026206,5613.93940647296,8339.182090786888,233.9807672422707,2661.5613690414643,49.530555268327994,9671,0.8988737681839511,0.2330984077264422,13995,8758,0.72,0.6481283422459893,3743,1,0,0,0,0,1
240374,University of Wisconsin-Parkside,42.647718,4968.504864864864,5851.798918918919,90.08081081081082,3175.178108108108,2094.4013513513514,3700,0.749671772428884,0.2726211325160537,14568,7826,0.72,0.7094017094017094,5405,1,0,0,0,0,1
240417,University of Wisconsin-Stout,44.873187,6334.407899734144,7172.317508545386,93.57159134067604,2644.646157741486,7363.8131409039115,7899,0.9139059304703476,0.2962631461176997,15281,7452,0.73,0.7072649572649573,4056,4,0,0,0,0,1
240426,University of Wisconsin-Superior,46.717629,6129.395549500454,8142.624886466849,1376.9432334241599,4948.815622161671,7830.397820163488,2202,0.7623268698060942,0.24781976744186046,14108,6912,0.65,0.8526315789473684,5117,1,0,0,0,0,1
240444,University of Wisconsin-Madison,43.075409,14813.435580430485,17045.153565561217,29323.601481357724,3491.3492050232508,118158.8732770863,35913,0.6035402837433295,0.2607905357527958,37161,12548,0.95,0.6385786802030456,10266,1,0,0,0,1,1
240453,University of Wisconsin-Milwaukee,43.076848,8605.349725493876,8818.433203509925,2432.479752240627,3060.1372061376755,7846.2713152831875,21311,0.889561881687866,0.25404751096988953,19956,10732,0.75,0.8578539823008849,5385,1,0,0,0,1,1
240462,University of Wisconsin-Platteville,42.733451,6653.370591427021,5226.495387954422,125.3232501356484,2501.3136190992946,4317.022246337493,7372,0.8756788207913111,0.28017718715393136,15057,8071,0.77,0.8625678119349005,4867,1,0,0,0,0,1
240471,University of Wisconsin-River Falls,44.8534,6199.883699800109,6818.71997092495,156.50009085953116,2969.5447937488643,4681.5613301835365,5503,0.8624459699974574,0.29952830188679247,14001,7108,0.77,0.8173076923076923,4731,1,0,0,0,0,1
240480,University of Wisconsin-Stevens Point,44.529582,6241.455415282392,7542.035348837209,554.5537541528239,3063.2582059800666,4628.637342192691,7525,0.9016049382716049,0.24784335204710392,15402,7640,0.79,0.7993920972644377,4398,1,0,0,0,0,1
240727,University of Wyoming,41.311773,6392.5156053724995,16840.511160498598,8338.43463136535,3090.7096337810417,49589.428157309885,10349,0.9677590788308237,0.27036426871682223,15336,11144,0.8,0.9752475247524752,9428,1,0,0,0,1,1
241191,Universidad Adventista de las Antillas,18.205685,6715.393114491593,3275.859087269816,NA,632.8166533226581,107.36909527622097,1249,1,0.5912408759124088,6050,6200,0.78,1,6222,1,0,0,1,0,0
241225,Universidad Central de Bayamon,18.398864,7946.7784431137725,1828.7527801539777,NA,917.2395209580839,799.7724550898204,1169,0.9829059829059829,0.8956521739130435,4452,2700,0.74,1,6725,1,0,0,1,0,0
241331,Albizu University-San Juan,18.466573,7104.316924778761,2932.1875,215.0519911504425,521.1266592920354,543.2245575221239,1808,0.9341317365269461,0.7564102564102564,5775,NA,0.85,1,8433,1,0,0,0,1,0
241410,Pontifical Catholic University of Puerto Rico-Ponce,18.00165,11077.58379242936,6846.832059712102,32.72703038919495,1493.259463301937,2811.9472187666606,5627,0.8527808069792803,0.48017902813299235,4920,5199,0.78,0.932,5730,1,0,0,1,1,1
241766,Conservatory of Music of Puerto Rico,18.454016,4596.496062992126,11157.425196850394,NA,2020.6220472440946,4083.154855643045,381,0.5076923076923077,1,2520,NA,0.71,1,3204,1,0,0,0,0,0
241951,Escuela de Artes Plasticas y Diseno de Puerto Rico,18.46778,1316.4987212276214,3457.6419437340155,130.6086956521739,1054.616368286445,6459.265984654731,391,0.9911504424778761,0.9553571428571429,6460,NA,0.77,1,2819,1,0,0,0,0,0
243443,Universidad del Sagrado Corazon,18.441166,7497.328320802005,3475.0022556390977,NA,1059.8428571428572,5762.162406015038,3990,0.6156307129798904,0.37564959168522644,4920,9500,0.77,0.9730392156862745,6043,1,0,0,1,0,1
243568,Universidad Central Del Caribe,18.366171,73596.72972972973,29249.37837837838,25245.43918918919,2771.2162162162163,25596.655405405407,148,0.5833333333333334,1,4680,NA,0.82,1,6695,1,0,0,0,1,0
243638,College of Micronesia-FSM,6.909759,625.8614386792453,4261.093160377359,NA,998.155070754717,3987.8932783018868,1696,0.7728706624605678,0.6510204081632653,4050,4263,0.73,1,6438,1,0,0,0,0,0
243665,University of the Virgin Islands,18.344193,8441.379288833437,8204.373674360573,7424.56394260761,2601.049282595134,17616.691203992516,1603,0.9841269841269841,0.4157706093189964,13892,9900,0.63,0.9663865546218487,7204,1,0,0,0,1,1
243744,Stanford University,37.429434,30971.407323943662,135116.2676056338,100914.50704225352,13644.084507042253,1863726.152112676,14200,0.03948008869499378,0.8022831050228311,55473,17860,0.86,0.9442231075697212,68047,2,1,0,0,1,1
243780,Purdue University-Main Campus,40.428206,16987.728426207614,19996.369122702876,7516.888773465905,878.2591575771066,57801.07185080755,40431,0.6881014873140857,0.25130813242701355,28520,10030,0.93,0.6837725381414702,8508,1,0,0,0,1,1
244437,Georgia State University-Perimeter College,33.753426,3651.737900451105,3733.6776511965745,50.571450416698525,1286.5859775212173,140.02744858169584,13079,0.9787318361955086,0.405452827642057,8632,NA,0.68,0.9281345565749235,5445,1,0,0,0,0,1
245652,St. John's College,35.666974,12834.04033970276,15861.492569002123,NA,9597.39702760085,166431.37154989384,471,0.6271929824561403,0.4160839160839161,35000,14278,0.64,0.9759036144578314,24307,1,0,0,0,0,0
262129,New College of Florida,27.384925,953.3267223382046,15188.264091858038,1036.5688935281837,5997.0281837160755,47947.352818371604,958,0.7418181818181818,0.13071895424836602,27159,10542,0.8,1,15145,4,0,0,0,0,1
366711,California State University-San Marcos,33.130569,5828.145950756452,7424.981459507564,126.51713141501038,2027.6529219816077,1849.0458320973005,13484,0.933004433004433,0.18491838455054027,17622,13150,0.84,0.8904109589041096,8976,1,0,0,0,0,1
384254,Beacon College,28.811281,30859.114551083592,8540.402476780186,NA,8120.798761609907,286.1795665634675,323,0.5677966101694916,0.376865671641791,44200,13340,0.89,1,27794,1,0,0,0,0,1
399911,Soka University of America,33.554546,6046.875,35178.57142857143,NA,17013.39285714286,2847792.285714286,448,0.5240847784200385,0.4889705882352941,32250,13032,0.92,1,29829,1,0,0,0,0,1
409698,California State University-Monterey Bay,36.652397,5237.219236599146,8301.48766708006,175.5743420146066,4025.9688576546782,3317.1478572412843,7257,0.9280869738679434,0.08371843095110156,17622,10895,0.81,0.8688888888888889,8792,1,0,0,0,0,1
417752,Messenger College,32.85076,10769.09756097561,3049.2926829268295,NA,3910.6585365853657,13254.975609756097,41,1,0.875,9450,6470,0,0.8,4662,1,0,0,1,0,0
426314,Embry-Riddle Aeronautical University-Worldwide,29.189903,11328.46543398893,5526.086444470616,42.86892003297609,1317.7482039806855,418.4885172535626,8491,0.6956181533646323,0.5826771653543307,10728,NA,0.58,0.8823529411764706,5542,5,0,0,0,1,0
432524,Delaware College of Art and Design,39.741947,16808.76551724138,6129.089655172414,NA,4884.813793103448,21024.66896551724,145,0.9797297297297297,0.3793103448275862,24050,14000,0.71,0.8679245283018868,11559,1,0,0,0,0,0
433660,Florida Gulf Coast University,26.463638,5113.427393637707,6357.52819475772,211.21894687718753,1337.2797697752196,5823.173679707552,12857,0.8920619554695063,0.24222928455158516,22328,9772,0.81,0.9010925819436457,6893,1,0,0,0,1,1
439701,The King's University,32.93973,12767.21,3380.526,NA,3272.178,4679.54,500,1,0.6923076923076923,11640,NA,0.61,1,5315,1,0,0,1,0,1
441900,Nevada State College,35.982345,3598.9288902112467,5174.055340672419,258.554001785183,1442.1303183576317,364.7723891698899,3361,0.7902439024390244,0.35802469135802467,18765,NA,0.79,1,8117,1,0,0,0,0,1
441937,California State University-Channel Islands,34.162949,4676.5813702848345,8467.842956120092,646.4632794457275,2856.7975365665898,2353.7185527328716,6495,0.9300086542622241,0.06583691985576363,17622,16300,0.83,0.9451612903225807,10789,1,0,0,0,0,1
441982,Franklin W Olin College of Engineering,42.293527,15114.36170212766,29875,9071.808510638299,30247.340425531915,1021433.5319148937,376,0.17971334068357223,0.558282208588957,55612,17984,0.81,1,53100,1,0,0,0,0,1
442356,Pennsylvania College of Health Sciences,40.060419,19289.13583815029,11841.18352601156,NA,2798.601156069364,4296.927023121388,1384,0.4908722109533469,0.4214876033057851,29386,NA,0.79,0.6031746031746031,3632,1,0,0,0,0,0
445188,University of California-Merced,37.366237,9399.005593536358,9529.603480422622,4879.837414543194,4341.336233685519,1479.552517091361,8045,0.8659734465512899,0.10013295662290178,41196,18901,0.86,0.956369982547993,23499,1,0,0,0,1,1
446048,Ave Maria University,26.335983,7898.245508982036,8396.847733105218,38.364414029084685,10671.348160821215,3958.1787852865696,1169,0.6404858299595142,0.15887062789717657,23521,13202,0.71,1,20459,1,0,0,1,0,1
446233,Ecclesia College,36.2141,8859.547619047618,4414.271428571428,NA,45.91904761904762,64.37619047619047,210,0.673469387755102,0.7575757575757576,15000,5460,0.44,1,7147,1,0,0,1,0,0
449764,Visible Music College,35.144586,15424.266055045871,15349.724770642202,NA,737.8899082568807,185.37614678899084,109,0.3662551440329218,0.5730337078651685,20000,6000,0.9,0.9090909090909091,6904,1,0,0,1,0,0
454184,The King's College,40.706677,13770.945804195804,13046.779720279721,NA,9119.653846153846,833.8531468531469,572,0.4381800197823937,0.12866817155756208,37000,17264,0.63,0.9583333333333334,24980,1,0,0,1,0,1
455770,Providence Christian College,34.149327,20187.82911392405,23240.316455696204,NA,5386.094936708861,173.68354430379748,158,0.825,0.5303030303030303,32546,10838,0.49,1,26581,1,0,0,1,0,1
456959,University of Minnesota-Rochester,44.022339,15012.379775280899,8198.474157303372,1411.9685393258426,5374.755056179775,1487.6404494382023,445,0.8023152270703473,0.19311875693673697,12376,12080,0.8,0.7980769230769231,11026,1,0,0,0,0,1
459949,Texas A&M University-San Antonio,29.304762,7151.144586415602,7527.065680340731,108.42658596727192,3421.3501457072407,548.4326384218786,4461,0.7274429052789217,0.13612969634585692,18364,10552,0.68,0.9787516600265604,11204,1,0,0,0,0,0
461528,Manna University,35.058616,5572.688172043011,1138.4408602150538,NA,2462.8172043010754,302.1505376344086,93,0.9545454545454546,0.5714285714285714,6000,NA,1,1,4595,3,0,0,1,0,0
461759,Simmons College of Kentucky,38.239519,6462.2836879432625,3124.9290780141846,258.5177304964539,5534.248226950354,97,141,0.5764705882352941,0.4489795918367347,16000,NA,0.5,1,11008,1,0,0,1,0,0
462354,John Paul the Great Catholic University,33.12085,13926.89606741573,14708.10393258427,NA,NA,84.27247191011236,356,0.7885304659498208,0.509090909090909,26100,13077,0.7,1,16711,2,0,0,1,0,1
475608,Criswell College,32.793513,10412.307692307691,14214.704142011835,NA,4378.89349112426,146254.15384615384,169,0.9767441860465116,0.30952380952380953,11880,7812,0.81,1,15440,1,0,0,1,0,0
481225,Mid-South Christian College,35.064172,3763.095238095238,3707.5714285714284,NA,2150.2380952380954,8635.333333333334,21,1,0.42857142857142855,8024,3400,1,1,9568,1,0,0,1,0,0
482149,Augusta University,33.47037,14165.051614850589,22315.87986718986,7712.665258074253,1127.4630244491398,42328.693027467554,6626,0.7328188166115399,0.26178535606820463,22270,10350,0.74,0.9639468690702088,8507,1,0,0,0,1,1
482158,Middle Georgia State University,32.808092,3858.1015107791545,7832.207095569513,4.848073332201664,1720.360040740112,2328.1610931930063,5891,0.99386753883892065,0.4253393665158371,10075,8580,0.59,0.8909090909090909,5217,1,0,0,0,1,1
482680,University of North Georgia,34.530219,4877.647821576764,6302.796939834025,158.3923755186722,924.0986125518672,4152.968879668049,15424,0.8115606936416185,0.4799382716049383,14621,11620,0.78,0.9287396937573617,6894,1,0,0,0,1,1
482936,Florida Polytechnic University,28.150149,1453.6935366739287,6152.388525780682,3009.283950617284,2996.6666666666665,610.5032679738562,1377,0.6505694760820045,0.37254901960784315,3152,11217,0.85,1,11279,1,0,0,0,0,0
483018,Antioch College,39.799806,4461.992125984252,19593.24409448819,NA,15519.062992125984,334201.44881889765,127,0.719047619047619,0.2052980132450331,35604,7640,0.71,1,32318,2,0,0,0,0,0
484905,University of North Texas at Dallas,32.659588,8117.884508164078,5837.883313420948,14.384707287933095,2469.451612903226,370.5826363998407,2511,0.8991596638655462,0.15590484282073067,20080,9302,0.71,0.9949748743718593,11800,1,0,0,0,0,1
486840,Kennesaw State University,34.038807,6413.122901794328,5581.196861534504,46.888256479516365,1469.7732973181555,1297.1780821917807,31098,0.8158704219936557,0.5082768777614138,15704,12947,0.8,0.9270767279644896,6815,1,0,0,0,1,1
486901,Milligan University,36.300147,13659.021220159151,8465.455349248452,NA,4402.907161803713,31333.57382847038,1131,0.6034883720930233,0.33911368015414256,34690,7500,0.82,1,27606,1,0,0,1,1,1
487092,Emory University-Oxford College,33.6191,25264.57399103139,9670.852017937219,NA,7940.807174887892,47364.64932735426,1115,0.19820889614566325,0.14802795806290564,54660,16302,0.96,0.8807692307692307,40652,1,0,0,1,0,1
487524,Husson University,44.829002,13767.569979716025,6844.004056795132,NA,2762.9347532116294,6271.559161595673,2958,0.8554603854389722,0.2486441385064664,18890,11006,0.77,0.996078431372549,13861,1,0,0,0,0,1
488305,Elim Bible Institute and College,42.909692,6723.149606299213,5461.8031496062995,NA,2692.8267716535433,578.4094488188977,127,0.975609756097561,0.45,9480,6900,0.95,1,10188,1,0,0,1,0,0
489937,Carolina University,36.087962,7649.488421052632,4030.2294736842105,NA,1621.1473684210525,3902.2694736842104,475,0.4626865671641791,0.38306451612903225,12600,10000,0.49,1,10667,1,0,0,1,1,1
490805,Purdue University Northwest,41.584324,7392.868365676876,9369.500818330605,426.54243628711714,1433.4755669862052,2931.231704465747,8554,0.7635914332784185,0.3836749370729953,13592,7985,0.71,0.8563829787234043,7014,1,0,0,0,0,1
