unitid,inst_name,latitude,longitude
100654,Alabama A & M University,34.783368,-86.568502
100663,University of Alabama at Birmingham,33.505697,-86.799345
100690,Amridge University,32.362609,-86.17401
100706,University of Alabama in Huntsville,34.724557,-86.640449
100724,Alabama State University,32.364317,-86.295677
100733,University of Alabama System Office,33.207015,-87.529594
100751,The University of Alabama,33.211875,-87.545978
100760,Central Alabama Community College,32.92478,-85.945266
100812,Athens State University,34.806793,-86.964698
100830,Auburn University at Montgomery,32.36736,-86.177544
100858,Auburn University,32.599378,-85.488258
100937,Birmingham-Southern College,33.513774,-86.850552
101028,Chattahoochee Valley Community College,32.42391,-85.031485
101116,South University-Montgomery,32.342684,-86.216488
101143,Enterprise State Community College,31.297496,-85.836956
101161,Coastal Alabama Community College,30.851343,-87.778193
101189,Faulkner University,32.384181,-86.21641
101240,Gadsden State Community College,33.994001,-85.991438
101277,New Beginning College of Cosmetology,34.27871,-86.196931
101286,George C Wallace Community College-Dothan,31.315274,-85.465836
101295,George C Wallace State Community College-Hanceville,34.072439,-86.781935
101301,George C Wallace State Community College-Selma,32.445917,-87.013294
101365,Herzing University-Birmingham,33.468466,-86.832465
101435,Huntingdon College,32.351034,-86.284366
101453,Heritage Christian University,34.856153,-87.663051
101462,J. F. Drake State Community and Technical College,34.771858,-86.572885
101471,J F Ingram State Technical College,32.582312,-86.392369
101480,Jacksonville State University,33.822938,-85.765321
101505,Jefferson State Community College,33.652535,-86.707233
101514,John C Calhoun State Community College,34.645844,-86.949674
101541,Judson College,32.629253,-87.315206
101569,Lawson State Community College,33.450814,-86.888844
101587,University of West Alabama,32.588132,-88.186329
101602,Lurleen B Wallace Community College,31.322947,-86.452262
101648,Marion Military Institute,32.623734,-87.322041
101675,Miles College,33.482442,-86.908751
101693,University of Mobile,30.793247,-88.128934
101709,University of Montevallo,33.10625,-86.865099
101736,Northwest-Shoals Community College,34.739788,-87.678089
101879,University of North Alabama,34.806738,-87.681361
101897,Northeast Alabama Community College,34.545471,-85.911664
101912,Oakwood University,34.756344,-86.652705
101994,Reid State Technical College,31.460265,-86.964797
102030,Bishop State Community College,30.693972,-88.056982
102049,Samford University,33.464128,-86.791799
102058,Selma University,32.420387,-87.032392
102067,Shelton State Community College,33.120531,-87.56148
102076,Snead State Community College,34.201495,-86.169897
102094,University of South Alabama,30.696033,-88.178711
102234,Spring Hill College,30.694751,-88.138199
102270,Stillman College,33.200006,-87.585278
102298,Talladega College,33.433472,-86.112704
102313,H Councill Trenholm State Community College,32.350109,-86.343057
102368,Troy University,31.800672,-85.957094
102377,Tuskegee University,32.4309,-85.708492
102395,United States Sports Academy,30.639329,-87.91163
102429,Bevill State Community College,33.836929,-87.266406
102553,University of Alaska Anchorage,61.190163,-149.82619
102580,Alaska Bible College,61.598553,-149.111972
102614,University of Alaska Fairbanks,64.85756,-147.823146
102632,University of Alaska Southeast,58.384846,-134.638255
102669,Alaska Pacific University,61.190968,-149.804168
102711,Alaska Vocational Technical Center,60.110626,-149.444487
102845,Charter College,45.617798,-122.494766
103501,Alaska Career College,61.181443,-149.856954
103529,University of Alaska System of Higher Education,64.857516,-147.848969
103741,Empire Beauty School-Tucson,32.235657,-110.927187
103893,Carrington College-Phoenix North,33.565758,-112.104601
103909,Carrington College-Mesa,33.39248,-111.853218
103927,Carrington College-Tucson,32.224391,-110.983056
103954,Arizona Academy of Beauty,32.237253,-110.872305
103963,Miller-Motte College-Arizona Automotive Institute,33.537249,-112.157344
104090,Brookline College-Phoenix,33.566102,-112.112473
104151,Arizona State University Campus Immersion,33.417721,-111.934383
104160,Arizona Western College,32.689306,-114.495968
104179,University of Arizona,32.232672,-110.950815
104188,Southwest University of Visual Arts-Tucson,32.221702,-110.970838
104346,Central Arizona College,32.957092,-111.652501
104391,Charles of Italy Beauty College,34.477485,-114.332686
104425,Cochise County Community College District,31.564597,-110.246946
104443,Empire Beauty School-Chandler,33.347586,-111.860423
104568,Avalon Institute-Mesa,33.376583,-111.858305
104577,Eastern Arizona College,32.843664,-109.76234
104586,Embry-Riddle Aeronautical University-Prescott,34.616766,-112.449741
104665,The School of Architecture,33.566649,-111.941953
104708,Glendale Community College,33.570226,-112.190735
104717,Grand Canyon University,33.513231,-112.129929
105136,Maricopa Community College System Office,33.412915,-111.975786
105145,GateWay Community College,33.449686,-111.997077
105154,Mesa Community College,33.390323,-111.871255
105206,Mohave Community College,35.270996,-114.029838
105215,Universal Technical Institute of Arizona Inc-Motorcycle Mechanics Institute Division,33.684428,-112.121336
105297,Dine College,36.293328,-109.21684
105330,Northern Arizona University,35.188449,-111.653724
105349,Northland Pioneer College,34.93031,-110.142199
105367,Ottawa University-Phoenix,33.572173,-112.113001
105428,Phoenix College,33.481361,-112.088293
105525,Pima Community College,32.222125,-110.886659
105534,Pima Medical Institute-Tucson,32.248067,-110.878783
105543,Pima Medical Institute-Albuquerque,35.104855,-106.59488
105589,Prescott College,34.5452,-112.477185
105659,Refrigeration School Inc,33.448692,-111.989357
105668,Rio Salado College,33.413309,-111.97417
105677,Roberto-Venn School of Luthiery,33.45489,-112.086161
105747,Scottsdale Community College,33.51135,-111.885186
105792,South Mountain Community College,33.382406,-112.032635
105899,Arizona Christian University,33.622952,-112.181776
106041,Universal Technical Institute of Arizona Inc,33.453005,-112.288123
106111,Empire Beauty School-NW Phoenix,33.538093,-112.118168
106148,Yavapai College,34.547495,-112.453395
106245,University of Arkansas at Little Rock,34.723254,-92.339778
106263,University of Arkansas for Medical Sciences,34.750152,-92.322348
106306,Arkansas Baptist College,34.734751,-92.290555
106315,Arkansas Beauty School-Little Rock,34.672171,-92.343366
106324,Arkansas Beauty College,35.27902,-93.135369
106342,Lyon College,35.777619,-91.625354
106351,Arkansas Technical School,34.753843,-92.266429
106360,Arthur's Beauty College,35.379955,-94.410967
106397,University of Arkansas,36.070009,-94.176981
106412,University of Arkansas at Pine Bluff,34.244031,-92.018683
106449,Arkansas State University-Beebe,35.074176,-91.895351
106458,Arkansas State University,35.842388,-90.679988
106467,Arkansas Tech University,35.293237,-93.13562
106485,University of Arkansas at Monticello,33.590909,-91.811153
106494,Arthur's Beauty College,34.891572,-92.102579
106546,Baptist Health College Little Rock,34.713115,-92.40692
106625,Black River Technical College,36.239793,-90.951033
106704,University of Central Arkansas,35.077945,-92.457672
106713,Central Baptist College,35.083838,-92.445021
106795,Cossatot Community College of the University of Arkansas,34.043389,-94.3673
106810,Crowley's Ridge College,36.064845,-90.584395
106883,East Arkansas Community College,35.041655,-90.767726
106892,Eastern College of Health Vocations-Little Rock,34.75128,-92.341891
106908,Paul Mitchell the School-Little Rock,34.789913,-92.222202
106980,National Park College,34.512687,-93.119248
106999,University of Arkansas Community College-Batesville,35.792923,-91.615852
107044,Harding University,35.247386,-91.726143
107071,Henderson State University,34.128155,-93.059703
107080,Hendrix College,35.101565,-92.443256
107099,Hot Springs Beauty College,34.496057,-93.037277
107123,Jefferson Regional Medical Center School of Nursing,34.187831,-92.018045
107141,John Brown University,36.189812,-94.560283
107220,Career Academy of Hair Design,36.167605,-94.12947
107293,Academy of Salon and Spa,35.38097,-94.41616
107318,Arkansas State University Mid-South,35.145736,-90.22285
107327,Arkansas Northeastern College,35.898597,-89.921005
107442,New Tyler Barber College Inc,34.760085,-92.254171
107460,North Arkansas College,36.219909,-93.08844
107488,Northwest Technical Institute,36.178032,-94.115346
107512,Ouachita Baptist University,34.126093,-93.052471
107521,Arkansas State University Three Rivers,34.378745,-92.821416
107549,Ozarka College,36.053031,-91.896355
107558,University of the Ozarks,35.476278,-93.467221
107585,University of Arkansas Community College-Morrilton,35.172136,-92.728507
107600,Philander Smith College,34.737131,-92.283015
107619,Phillips Community College of the University of Arkansas,34.546155,-90.616884
107637,Southeast Arkansas College,34.210309,-92.025936
107655,Professional Cosmetology Education Center,33.216032,-92.664101
107664,University of Arkansas-Pulaski Technical College,34.782783,-92.299184
107725,University of Arkansas Hope-Texarkana,33.641665,-93.596762
107743,University of Arkansas Community College Rich Mountain,34.591449,-94.219799
107789,Paul Mitchell the School-Arkansas,36.126373,-94.153892
107831,Searcy Beauty College,35.239148,-91.735135
107840,Shorter College,34.75933,-92.261331
107877,Williams Baptist University,36.125676,-90.940277
107974,South Arkansas Community College,33.209446,-92.666087
107983,Southern Arkansas University Main Campus,33.291618,-93.235922
107992,Southern Arkansas University Tech,33.628367,-92.721629
108056,University of Arkansas System Office,34.775996,-92.343582
108065,Velvatex College of Beauty Culture,34.735685,-92.289597
108092,University of Arkansas-Fort Smith,35.384184,-94.373729
108232,Academy of Art University,37.787943,-122.400578
108269,Academy of Chinese Culture and Health Sciences,37.805972,-122.269839
108667,College of Alameda,37.781017,-122.279303
108807,Allan Hancock College,34.943716,-120.421144
108852,American Academy of Dramatic Arts-Los Angeles,34.095378,-118.343701
108861,Berkeley School of Theology,37.865252,-122.256149
108870,American Film Institute Conservatory,34.10767,-118.310018
108977,American Beauty College,34.069367,-117.936959
109040,American Career College-Los Angeles,34.079323,-118.292481
109086,American Conservatory Theater,37.786923,-122.410265
109208,American River College,38.65085,-121.349672
109350,Antelope Valley Community College District,34.676207,-118.186166
109651,Art Center College of Design,34.169031,-118.185102
109721,Associated Technical College-Los Angeles,34.056102,-118.272364
109730,Associated Technical College-San Diego,32.773178,-117.135196
109785,Azusa Pacific University,34.130047,-117.888375
109819,Bakersfield College,35.40911,-118.973753
109907,Barstow Community College,34.870285,-117.023412
109934,Bellus Academy-Chula Vista,32.614773,-117.083738
110060,Bethesda University,33.842295,-117.941323
110097,Biola University,33.906203,-118.014374
110194,Brownson Technical School,33.819032,-117.905774
110219,Bryan University,33.437779,-111.944197
110246,Butte College,39.649782,-121.644831
110316,California Institute of Integral Studies,37.774924,-122.416102
110334,Cabrillo College,36.989448,-121.924797
110361,California Baptist University,33.929321,-117.425619
110370,California College of the Arts,37.767485,-122.399451
110398,University of California-Hastings College of Law,37.781137,-122.4157
110404,California Institute of Technology,34.137349,-118.125878
110413,California Lutheran University,34.224566,-118.878924
110422,California Polytechnic State University-San Luis Obispo,35.299513,-120.65731100000001
110468,Alliant International University-San Diego,32.897056,-117.094398
110486,California State University-Bakersfield,35.350005,-119.104711
110495,California State University-Stanislaus,37.52577,-120.852511
110501,California State University-Chancellors Office,33.764338,-118.201255
110510,California State University-San Bernardino,34.182622,-117.323801
110529,California State Polytechnic University-Pomona,34.057912,-117.821476
110538,California State University-Chico,39.729712,-121.844859
110547,California State University-Dominguez Hills,33.864766,-118.255917
110556,California State University-Fresno,36.811154,-119.744569
110565,California State University-Fullerton,33.881506,-117.885446
110574,California State University-East Bay,37.657694,-122.054135
110583,California State University-Long Beach,33.782818,-118.11204
110592,California State University-Los Angeles,34.066927,-118.168965
110608,California State University-Northridge,34.240126,-118.529319
110617,California State University-Sacramento,38.559415,-121.423549
110635,University of California-Berkeley,37.871918,-122.260463
110644,University of California-Davis,38.539667,-121.749567
110653,University of California-Irvine,33.648434,-117.841248
110662,University of California-Los Angeles,34.07178,-118.442179
110671,University of California-Riverside,33.97246,-117.32741
110680,University of California-San Diego,32.877749,-117.235866
110699,University of California-San Francisco,37.763737,-122.458489
110705,University of California-Santa Barbara,34.416297,-119.846426
110714,University of California-Santa Cruz,36.995584,-122.058801
110778,Sofia University,37.430325,-122.10866
110875,California Beauty School,37.645217,-120.99689
110918,California Christian College,36.749366,-119.711123
111045,Haven University,33.777392,-117.939412
111054,California Hair Design Academy,32.765221,-117.024261
111081,California Institute of the Arts,34.39327,-118.566837
111188,California State University Maritime Academy,38.069061,-122.231551
111391,California Western School of Law,32.722192,-117.162416
111434,Canada College,37.44877,-122.265398
111461,College of the Canyons,34.403993,-118.568698
111513,Career Academy of Beauty,33.781018,-118.031697
111638,Casa Loma College-Van Nuys,34.192829,-118.457781
111708,CET-San Diego,32.711302,-117.105328
111717,CET-San Jose,37.322723,-121.88698
111726,CET-El Centro,32.790908,-115.549079
111744,CET-Colton,34.077381,-117.353488
111762,CET-Watsonville,36.931833,-121.767991
111799,CET-Salinas,36.707333,-121.65236
111887,Cerritos College,33.886874,-118.097337
111896,Cerro Coso Community College,35.567525,-117.66767
111920,Chabot College,37.642458,-122.105636
111939,Chaffey College,34.147663,-117.573932
111948,Chapman University,33.79302,-117.852518
111966,Charles R Drew University of Medicine and Science,33.925658,-118.242791
112075,Concordia University-Irvine,33.653665,-117.812305
112084,San Diego Christian College,32.842404,-116.978112
112127,Church Divinity School of the Pacific,37.876184,-122.261122
112172,Citrus College,34.13537,-117.886469
112181,Citrus Heights Beauty College,38.712951,-121.289529
112190,City College of San Francisco,37.725953,-122.451155
112251,Claremont Graduate University,34.103585,-117.713703
112260,Claremont McKenna College,34.102154,-117.711188
112288,Milan Institute-Visalia,36.27164,-119.312151
112367,Clovis Adult Education,36.834459,-119.690369
112376,Coast Community College District Office,33.674004,-117.916066
112385,Coastline Community College,33.715634,-117.929143
112394,University of Silicon Valley,37.414049,-121.94087
112455,Coba Academy,33.841141,-117.943108
112525,Western University of Health Sciences,34.058092,-117.747732
112561,Columbia College,38.030367,-120.388385
112570,Columbia College Hollywood,34.17972,-118.538793
112686,Compton College,33.878226,-118.209463
112817,Contra Costa Community College District Office,38.019072,-122.135335
112826,Contra Costa College,37.969381,-122.337377
113096,Cosumnes River College,38.45295,-121.423108
113111,Crafton Hills College,34.039178,-117.101173
113193,Cuesta College,35.331276,-120.742235
113218,Cuyamaca College,32.744954,-116.943507
113236,Cypress College,33.82833,-118.025143
113333,De Anza College,37.319914,-122.045783
113449,International School of Beauty Inc,33.729555,-116.403928
113537,Dell'Arte International School of Physical Theatre,40.880924,-123.988808
113573,College of the Desert,33.732108,-116.388271
113582,Design Institute of San Diego,32.880926,-117.167374
113634,Diablo Valley College,37.968516,-122.073142
113698,Dominican University of California,37.981279,-122.512051
113704,Dominican School of Philosophy & Theology,37.881099,-122.264612
113856,East Los Angeles College,34.040531,-118.148785
113980,El Camino Community College District,33.885229,-118.329913
114114,Emperor's College of Traditional Oriental Medicine,34.030438,-118.485119
114123,Empire College,38.468052,-122.729337
114266,Evergreen Valley College,37.30167,-121.76561
114354,FIDM-Fashion Institute of Design & Merchandising-Los Angeles,34.044209,-118.25993
114390,FIDM-Fashion Institute of Design & Merchandising-San Francisco,37.786353,-122.406651
114433,Feather River Community College District,39.953101,-120.973067
114460,Federico Beauty Institute,38.64883,-121.497761
114549,Fielding Graduate University,34.42941,-119.717161
114585,Five Branches University,36.964348,-121.998245
114637,Redondo Beach Beauty College,33.809096,-118.35009
114716,Foothill College,37.361655,-122.127964
114734,Franciscan School of Theology,32.770816,-117.192073
114761,Fredrick and Charles Beauty College,40.798885,-124.164986
114789,Fresno City College,36.768164,-119.796096
114813,Fresno Pacific University,36.726831,-119.735199
114831,Foothill-De Anza Community College District,37.361664,-122.12796
114840,Fuller Theological Seminary,34.14778,-118.140261
114859,Fullerton College,33.875514,-117.918255
114938,Gavilan College,36.972627,-121.569842
114947,Gemological Institute of America-Carlsbad,33.131313,-117.318765
115001,Glendale Community College,34.16745,-118.227666
115010,Glendale Career College,34.149771,-118.254719
115083,Golden Gate University,37.789374,-122.398969
115126,Golden West College,33.732531,-118.002568
115214,Graduate Theological Union,37.87554,-122.261847
115287,Grossmont-Cuyamaca Community College District,32.815246,-117.006277
115296,Grossmont College,32.815246,-117.006277
115357,Salon Success Academy-Riverside,33.943149,-117.391024
115393,Hartnell College,36.675091,-121.666054
115409,Harvey Mudd College,34.106515,-117.709837
115658,Hilltop Beauty School,37.705502,-122.461467
115728,Holy Names University,37.802276,-122.187804
115746,Pacifica Graduate Institute,34.420881,-119.580414
115755,California State Polytechnic University-Humboldt,40.877481,-124.078293
115773,Humphreys University-Stockton and Modesto Campuses,38.011489,-121.316918
115861,Imperial Valley College,32.827209,-115.503563
115931,Institute for Business and Technology,37.368642,-121.969541
116226,Interior Designers Institute,33.641393,-117.865722
116350,International School of Cosmetology,34.080053,-118.361176
116439,Irvine Valley College,33.675381,-117.777539
116563,Bellus Academy-El Cajon,32.794072,-116.94627
116846,American Jewish University,34.128153,-118.471706
117052,Reedley College,36.605428,-119.458555
117104,Life Pacific University,34.098705,-117.829388
117140,University of La Verne,34.100855,-117.773262
117168,Laguna College of Art and Design,33.561448,-117.772564
117195,Lake Tahoe Community College,38.926797,-119.972574
117238,Lancaster Beauty School,34.694914,-118.147547
117247,Laney College,37.797257,-122.26283
117274,Lassen Community College,40.432053,-120.633271
117283,Latin American Bible Institute,34.030992,-117.989601
117520,Life Chiropractic College West,37.638099,-122.117619
117557,Lincoln University,37.804788,-122.269745
117575,Southern California Seminary,32.799614,-116.905461
117627,La Sierra University,33.910704,-117.500054
117636,Loma Linda University,34.051241,-117.260605
117645,Long Beach City College,33.833593,-118.135633
117672,Southern California University of Health Sciences,33.922966,-117.983401
117681,Los Angeles Community College District Office,34.048969,-118.258047
117690,Los Angeles Harbor College,33.785825,-118.283549
117706,Los Angeles Pierce College,34.183949,-118.575071
117715,Los Angeles Southwest College,33.929586,-118.304674
117724,Los Angeles Trade Technical College,34.031907,-118.269447
117733,Los Angeles Valley College,34.175165,-118.421734
117751,The Master's University and Seminary,34.381755,-118.518193
117788,Los Angeles City College,34.087301,-118.292169
117803,Los Angeles County College of Nursing and Allied Health,34.062647,-118.211852
117867,Los Angeles Mission College,34.314668,-118.4195
117894,Los Medanos College,38.006474,-121.860967
117900,Los Rios Community College District Office,38.579859,-121.417145
117946,Loyola Marymount University,33.97085,-118.415744
117955,Lu Ross Academy,34.278034,-119.293952
118134,Lyle's College of Beauty,35.386539,-119.02387
118143,Lyle's College of  Beauty,36.836265,-119.774167
118161,Lytles Redwood Empire Beauty College,38.508385,-122.75777
118198,MTI College,38.661377,-121.342568
118347,College of Marin,37.954897,-122.549149
118541,Marymount California University,33.734887,-118.333371
118684,Mendocino College,39.188989,-123.228809
118693,Menlo College,37.453475,-122.190797
118718,Merced College,37.3353,-120.47646400000001
118772,Merritt College,37.789088,-122.167335
118888,Mills College,37.781425,-122.182294
118912,MiraCosta College,33.190483,-117.302606
118930,Mission College,37.391935,-121.980783
118958,Modern Beauty Academy,34.195384,-119.181423
118976,Modesto Junior College,37.651056,-121.009792
118994,Moler Barber College,37.827075,-122.265352
119058,Middlebury Institute of International Studies at Monterey,36.599736,-121.897325
119067,Monterey Peninsula College,36.590558,-121.884931
119137,Moorpark College,34.301146,-118.834528
119164,Mt San Antonio College,34.047764,-117.846629
119173,Mount Saint Mary's University,34.085315,-118.482879
119216,Mt San Jacinto Community College District,33.806748,-116.971169
119270,Musicians Institute,34.101265,-118.337582
119331,Napa Valley College,38.274081,-122.274381
119553,National Holistic Institute,37.841898,-122.287672
119605,National University,32.909894,-117.243026
119678,Naval Postgraduate School,36.597159,-121.874248
119775,Newschool of Architecture and Design,32.71331,-117.153305
119845,Newberry School of Beauty,34.256683,-118.499693
119951,North Adrian's College of Beauty Inc,37.677778000000004,-120.992753
120023,North Orange County Community College District,33.849957,-117.945559
120069,North-West College-Pomona,34.062043,-117.751227
120078,North-West College-West Covina,34.072071,-117.949583
120087,North-West College-Van Nuys,34.189497,-118.450184
120166,San Francisco Bay University,37.477991,-121.925953
120184,Notre Dame de Namur University,37.517111,-122.284794
120254,Occidental College,34.127124,-118.210908
120290,Ohlone College,37.52773,-121.916339
120342,Orange Coast College,33.66927,-117.909086
120403,Otis College of Art and Design,33.956607,-118.416615
120421,Oxnard College,34.166104,-119.157604
120537,Hope International University,33.87616,-117.88573
120661,Concorde Career College-San Diego,32.702814,-117.102845
120698,Palo Alto University,37.382216,-122.187437
120768,Pacific Oaks College,34.153382,-118.151323
120795,Pacific School of Religion,37.87669,-122.263155
120838,Pacific States University,34.061315,-118.298408
120865,Pacific Union College,38.570585,-122.440308
120883,University of the Pacific,37.981424,-121.312301
120953,Palo Verde College,33.661538,-114.651698
120971,Palomar College,33.149483,-117.183978
121044,Pasadena City College,34.144552,-118.118196
121150,Pepperdine University,34.037786,-118.707077
121178,Peralta Community College System Office,37.792667,-122.260837
121257,Pitzer College,34.104107,-117.706675
121275,Platt College-San Diego,32.76373,-117.063483
121309,Point Loma Nazarene University,32.718391,-117.250265
121345,Pomona College,34.099027,-117.714556
121363,Porterville College,36.049256,-119.014368
121433,Professional Institute of Beauty,34.075561,-118.039028
121619,Santa Ana College,33.759309,-117.887558
121628,Pardee RAND Graduate School,34.00973,-118.490655
121637,Shasta School of Cosmetology,40.597114,-122.387248
121691,University of Redlands,34.064218,-117.163218
121707,College of the Redwoods,40.698427,-124.195293
121859,Salon Success Academy-Upland,34.108247,-117.631783
121868,Salon Success Academy-Corona,33.847649,-117.535638
121886,Rio Hondo College,34.019821,-118.033506
121901,Riverside City College,33.970918,-117.384323
121992,Rosemead Beauty School,34.080756,-118.082793
122117,Dongguk University Los Angeles,34.06597,-118.289523
122180,Sacramento City College,38.541096,-121.491139
122205,Saddleback College,33.553346,-117.665584
122296,Samuel Merritt University,37.82029,-122.266331
122320,San Diego Community College District-District Office,32.776275,-117.120504
122339,San Diego City College,32.717403,-117.152733
122375,San Diego Mesa College,32.803825,-117.169165
122384,San Diego Miramar College,32.909757,-117.120261
122409,San Diego State University,32.77525,-117.071228
122436,University of San Diego,32.770816,-117.192073
122454,San Francisco Art Institute,37.803575,-122.417
122506,San Francisco Conservatory of Music,37.775543,-122.420292
122597,San Francisco State University,37.721224,-122.476799
122612,University of San Francisco,37.776618,-122.450477
122649,San Joaquin College of Law,36.82448,-119.697657
122658,San Joaquin Delta College,37.995562,-121.317597
122685,San Joaquin Valley College-Visalia,36.328049,-119.384981
122694,San Joaquin Valley College-Bakersfield,35.352848,-119.062071
122728,William Jessup University,38.819728,-121.292312
122737,San Jose-Evergreen Community College District,37.334851,-121.89118
122746,San Jose City College,37.315827,-121.926185
122755,San Jose State University,37.336569,-121.880621
122782,San Mateo County Community College District Office,37.531305,-122.337627
122791,College of San Mateo,37.535698,-122.334801
122834,Santa Barbara Business College-Bakersfield,35.359544,-119.061264
122852,Santa Barbara Business College-Santa Maria,34.937806,-120.433296
122889,Santa Barbara City College,34.406788,-119.698045
122931,Santa Clara University,37.348362,-121.93784
122977,Santa Monica College,34.017022,-118.469765
123013,Santa Rosa Junior College,38.45709,-122.718974
123095,Saybrook University,34.153103,-118.152155
123165,Scripps College,34.104147,-117.711294
123217,College of the Sequoias,36.323877,-119.315182
123280,Shasta Bible College and Graduate School,40.566034,-122.314419
123299,Shasta College,40.625731,-122.317982
123341,Sierra College,38.790773,-121.211688
123350,Sierra College of Beauty,37.306975,-120.495874
123448,Trinity Law School,33.766071,-117.852059
123457,Simpson University,40.61334,-122.332981
123484,College of the Siskiyous,41.413005,-122.38909
123493,Charles A Jones Career and Education Center,38.516233,-121.440796
123509,Skyline College,37.63042,-122.467335
123527,San Bernardino Valley College,34.086353,-117.313248
123554,Saint Mary's College of California,37.840731,-122.109031
123563,Solano Community College,38.235881,-122.122368
123572,Sonoma State University,38.340274,-122.677066
123633,South Baylo University,33.848291,-117.958416
123642,South Coast College,33.78818,-117.874031
123651,Vanguard University of Southern California,33.662686,-117.900911
123679,Concorde Career College-Garden Grove,33.774741,-117.938395
123800,Southwestern College,32.640281,-116.996803
123916,Starr King School for the Ministry,37.781425,-122.182294
123925,State Center Community College District,36.735642,-119.792324
123943,Marshall B Ketchum University,33.889348,-117.886229
123952,Southern California Institute of Architecture,34.044215,-118.232799
123961,University of Southern California,34.021281,-118.284169
123970,Southwestern Law School,34.061558,-118.288375
124113,Taft College,35.149343,-119.459751
124283,Claremont School of Theology,34.107602,-117.715256
124292,Thomas Aquinas College,34.429009,-119.087141
124487,Epic Bible College & Graduate School,38.645152,-121.362642
124557,University of California-System Administration Central Office,37.802222,-122.27134
124681,United Education Institute-Huntington Park Campus,33.986057,-118.226206
124706,Concorde Career College-San Bernardino,34.066823,-117.283995
124937,Concorde Career College-North Hollywood,34.186407,-118.403627
125019,Ventura County Community College System Office,34.219073,-119.057951
125028,Ventura College,34.277392999999996,-119.230604
125037,The Santa Barbara and Ventura Colleges of Law at Ventura,34.25747,-119.232988
125082,Bridges Beauty College,34.528602,-117.303933
125091,Victor Valley College,34.472231,-117.261456
125170,Berkeley City College,37.869769,-122.269877
125222,West Valley Mission Community College District Office,37.26398,-122.008324
125231,Walden University,44.98125,-93.265738
125310,Waynes College of Beauty,36.700635,-121.652672
125462,West Hills College-Coalinga,36.147891,-120.356747
125471,West Los Angeles College,34.004512,-118.386664
125499,West Valley College,37.26398,-122.008324
125532,Carrington College-Sacramento,38.556151,-121.371331
125718,Westminster Theological Seminary in California,33.121447,-117.046371
125727,Westmont College,34.450151,-119.662517
125763,Whittier College,33.978773,-118.032299
125897,Woodbury University,34.208011,-118.341147
126012,The Wright Institute,37.868221,-122.253168
126049,Thomas Jefferson School of Law,32.717595,-117.157862
126076,Yeshiva Ohr Elchonon Chabad West Coast Talmudical Seminary,34.085465,-118.346613
126100,Yosemite Community College District Office,37.66107,-121.040246
126119,Yuba College,39.126536,-121.53964
126164,The Salon Professional Academy-Grand Junction,39.078114,-108.56521
126182,Adams State University,37.473636,-105.879642
126207,Aims Community College,40.409559,-104.763415
126289,Arapahoe Community College,39.607505,-105.018631
126359,Bel-Rea Institute of Animal Technology,39.686194,-104.876207
126562,University of Colorado Denver/Anschutz Medical Campus,39.745149,-104.837722
126580,University of Colorado Colorado Springs,38.892735,-104.800296
126605,Spartan College of Aeronautics and Technology,39.914822,-105.119096
126614,University of Colorado Boulder,40.008781,-105.270823
126669,Colorado Christian University,39.71388,-105.09456
126678,Colorado College,38.84886,-104.822697
126687,Concorde Career College-Aurora,39.718699,-104.86708900000001
126711,Colorado Mountain College,39.54636,-107.324441
126748,Colorado Northwestern Community College,40.081112,-108.790048
126775,Colorado School of Mines,39.751443,-105.223364
126784,Colorado School of Trades,39.74181,-105.104174
126818,Colorado State University-Fort Collins,40.574805,-105.080732
126827,Colorado Technical University-Colorado Springs,38.894265,-104.833928
126863,Community College of Aurora,39.71788,-104.802673
126915,Technical College of the Rockies,38.702524,-108.031072
126942,Community College of Denver,39.741413,-105.001044
126951,Lincoln College of Technology-Denver,39.77651,-104.856171
126979,Denver Seminary,39.600595,-105.022363
127060,University of Denver,39.678005,-104.963259
127158,Emily Griffith Technical College,39.74575,-104.985751
127185,Fort Lewis College,37.275939,-107.867422
127200,Front Range Community College,39.901452,-105.038068
127273,Iliff School of Theology,39.675927,-104.960657
127316,International Salon and Spa Academy,38.913621,-104.786252
127389,Lamar Community College,38.068886,-102.616144
127556,Colorado Mesa University,39.080643,-108.553275
127565,Metropolitan State University of Denver,39.744202,-105.00504
127617,Morgan Community College,40.258792,-103.771822
127653,Naropa University,40.014235,-105.266987
127714,Nazarene Bible College,38.944824,-104.803251
127732,Northeastern Junior College,40.637215,-103.197329
127741,University of Northern Colorado,40.410855,-104.692777
127778,Otero Junior College,37.969984,-103.544874
127820,Pikes Peak Community College,38.764287,-104.787261
127884,Pueblo Community College,38.262124,-104.636258
127909,Red Rocks Community College,39.720277,-105.150094
127918,Regis University,39.788175,-105.030756
127945,Rocky Mountain College of Art and Design,39.74332,-105.069911
127954,Montessori Education Center of the Rockies,39.762942,-104.943415
128106,Colorado State University Pueblo,38.30859,-104.579033
128151,Pickens Technical College,39.723705,-104.789683
128179,Intellitec College-Colorado Springs,38.832183,-104.78721
128188,Intellitec College-Grand Junction,39.116346,-108.53062
128258,Trinidad State College,37.172059,-104.513451
128300,University of Colorado System Office,39.74521,-104.983277
128328,United States Air Force Academy,39.010957,-104.891358
128337,Empire Beauty School-Thornton,39.915253,-104.94357
128391,Western Colorado University,38.549936,-106.919132
128498,Albertus Magnus College,41.332519,-72.923848
128577,Asnuntuck Community College,41.998409,-72.570177
128586,Bais Binyomin Academy,41.123013,-74.078802
128744,University of Bridgeport,41.164741,-73.190166
128771,Central Connecticut State University,41.692502,-72.765991
128780,Charter Oak State College,41.688246,-72.767972
128896,Cortiva Institute,41.604041,-72.678562
128902,Connecticut College,41.379833,-72.107321
129002,Porter and Chester Institute of Hamden,41.346568,-72.931908
129020,University of Connecticut,41.809098,-72.249948
129154,Goodwin University,41.742977,-72.64032
129181,Lincoln Technical Institute-East Windsor,41.924248,-72.596915
129215,Eastern Connecticut State University,41.721673,-72.218753
129242,Fairfield University,41.157673,-73.255903
129349,Paul Mitchell the School-North Haven,41.394495,-72.85745
129367,Capital Community College,41.768397,-72.672734
129428,Rensselaer at Hartford,41.773462,-72.673916
129482,American Institute-West Hartford,41.727016,-72.725762
129491,Hartford Seminary,41.769861,-72.707766
129525,University of Hartford,41.798591,-72.715213
129534,Holy Apostles College and Seminary,41.60682,-72.647853
129543,Housatonic Community College,41.175228,-73.191003
129695,Manchester Community College,41.761625,-72.561939
129729,Naugatuck Valley Community College,41.549749,-73.072963
129756,Middlesex Community College,41.539516,-72.611838
129774,Mitchell College,41.328013,-72.09523
129808,Three Rivers Community College,41.509945,-72.103039
129923,Lincoln Technical Institute-New Britain,41.659236,-72.754498
129932,New England Tractor Trailer Training School of Connecticut,41.979699,-72.450218
129941,University of New Haven,41.291314,-72.961472
130004,Norwalk Community College,41.102574,-73.450965
130040,Northwestern Connecticut Community College,41.920668,-73.058734
130110,Paier College,41.163451,-73.194727
130174,Porter and Chester Institute,41.200813,-73.187731
130183,Post University,41.535549,-73.081497
130217,Quinebaug Valley Community College,41.82623,-71.889673
130226,Quinnipiac University,41.418915,-72.894117
130253,Sacred Heart University,41.220893,-73.243332
130314,University of Saint Joseph,41.781041,-72.72965
130396,Gateway Community College,41.303785,-72.927682
130493,Southern Connecticut State University,41.333225,-72.947897
130509,Stone Academy-West Haven,41.267503,-72.976966
130590,Trinity College,41.747451,-72.690882
130606,Tunxis Community College,41.705498,-72.87754
130624,United States Coast Guard Academy,41.375823,-72.101583
130697,Wesleyan University,41.554665,-72.657146
130776,Western Connecticut State University,41.400365,-73.444264
130794,Yale University,41.311158,-72.926688
130837,Margaret H Rollins School of Nursing at Beebe Medical Center,38.771565,-75.142864
130873,Dawn Career Institute LLC,39.668605,-75.677768
130882,Delaware Technical Community College-Central Office,39.20109,-75.5582
130907,Delaware Technical Community College-Terry,39.198371,-75.56012
130934,Delaware State University,39.187173,-75.54053
130943,University of Delaware,39.679577,-75.752822
130989,Goldey-Beacom College,39.741501,-75.689624
131061,Schilling-Douglas School of Hair Design LLC,39.711442,-75.74178
131098,Wesley College,39.163182,-75.527716
131113,Wilmington University,39.682299,-75.586998
131159,American University,38.936005,-77.088875
131283,The Catholic University of America,38.933651,-76.997909
131399,University of the District of Columbia,38.943819,-77.066247
131405,Pontifical Faculty of the Immaculate Conception at the Dominican House of Studies,38.931652,-76.998724
131450,Gallaudet University,38.907371,-76.993675
131469,George Washington University,38.89923,-77.048363
131496,Georgetown University,38.908809,-77.073463
131520,Howard University,38.922392,-77.018966
131803,Strayer University-District of Columbia,38.904881,-77.034133
131830,National Conservatory of Dramatic Arts,38.910024,-77.065095
131876,Trinity Washington University,38.927398,-77.004261
131973,Wesley Theological Seminary,38.939606,-77.08996
132374,Atlantic Technical College,26.24278,-80.192271
132408,The Baptist College of Florida,30.962708,-85.503931
132471,Barry University,25.878908,-80.198925
132602,Bethune-Cookman University,29.207195,-81.032946
132657,Lynn University,26.385985,-80.122806
132675,North Florida Technical College,29.952308,-82.117224
132693,Eastern Florida State College,28.38361,-80.756474
132709,Broward College,26.119422,-80.14183
132842,Albizu University-Miami,25.794178,-80.356315
132851,College of Central Florida,29.166079,-82.175692
132879,Johnson University Florida,28.302547,-81.363053
132903,University of Central Florida,28.602159,-81.200889
132976,Charlotte Technical College,27.005558,-82.147238
133021,Chipola College,30.789228,-85.23139
133155,Lorenzo Walker Technical College,26.141141,-81.763568
133386,Daytona State College,29.203275,-81.049685
133465,South University-West Palm Beach,26.69215,-80.200219
133492,Eckerd College,27.715798,-82.687043
133508,Florida SouthWestern State College,26.552403,-81.887102
133526,Edward Waters University,30.34479,-81.684879
133553,Embry-Riddle Aeronautical University-Daytona Beach,29.189903,-81.048367
133650,Florida Agricultural and Mechanical University,30.428504,-84.290226
133669,Florida Atlantic University,26.372421,-80.102978
133702,Florida State College at Jacksonville,30.334918,-81.659901
133711,Flagler College,29.892733,-81.314887
133809,Florida College,28.034936,-82.383289
133845,Concorde Career Institute-Jacksonville,30.23886,-81.581748
133854,Concorde Career Institute-Miramar,25.977088,-80.291516
133863,Concorde Career Institute-Tampa,27.959148,-82.514341
133872,AdventHealth University,28.576142,-81.367687
133881,Florida Institute of Technology,28.065815,-80.622893
133942,Florida Institute of Ultrasound Inc,30.524582,-87.220895
133951,Florida International University,25.75732,-80.373928
133960,The College of the Florida Keys,24.582748,-81.74446
133979,Florida Memorial University,25.918278,-80.270753
133997,Florida Career College-Miami,25.756567,-80.36778
134024,Florida School of Massage,29.593428,-82.338273
134079,Florida Southern College,28.032443,-81.948203
134097,Florida State University,30.440756,-84.291921
134130,University of Florida,29.64629,-82.347911
134228,Fort Pierce Beauty Academy,27.411962,-80.325377
134237,Full Sail University,28.596546,-81.301286
134291,George Stone Technical College,30.487547,-87.290659
134307,George T Baker Aviation Technical College,25.804092,-80.263591
134343,Gulf Coast State College,30.185542,-85.727918
134422,Key College,26.13887,-80.114462
134495,Hillsborough Community College,27.934888,-82.456253
134510,Hobe Sound Bible College,27.066304,-80.13184
134529,Hollywood Institute of Beauty Careers,26.007139,-80.209125
134574,Cortiva Institute,27.793547,-82.680031
134608,Indian River State College,27.42416,-80.358682
134714,International Academy,29.162159,-80.997811
134811,AI Miami International University of Art and Design,25.790008,-80.18839
134945,Jacksonville University,30.353227,-81.60458
135081,Keiser University-Ft Lauderdale,26.185869,-80.163959
135142,La Belle Beauty School,25.86695,-80.312711
135160,Florida Gateway College,30.175298,-82.5679
135179,Lake Technical College,28.833446,-81.690874
135188,Lake-Sumter State College,28.828649,-81.797193
135267,Fort Myers Technical College,26.647517,-81.836596
135276,Lively Technical College,30.448534,-84.339057
135294,Lindsey Hopkins Technical College,25.794676,-80.208154
135337,Loraines Academy & Spa,27.783077,-82.713964
135364,Luther Rice College & Seminary,33.698126,-84.123179
135391,State College of Florida-Manatee-Sarasota,27.43804,-82.590887
135407,Manatee Technical College,27.447894,-82.481088
135522,Traviss Technical College,27.995822,-81.892381
135559,Merryfield School of Pet Grooming,26.19044,-80.129991
135610,Trinity International University-Florida,25.68307,-80.417646
135647,Miami Lakes Educational Center and Technical College,25.916128,-80.29513
135717,Miami Dade College,25.777717,-80.190856
135726,University of Miami,25.72126,-80.278662
135735,Orange Technical College-Mid Florida Campus,28.471695,-81.415996
136109,Paul Mitchell the School-Jacksonville,30.259433,-81.527515
136145,North Florida College,30.473841,-83.420732
136172,University of North Florida,30.27194,-81.509144
136215,Nova Southeastern University,26.079337,-80.24248
136233,Northwest Florida State College,30.540017,-86.47456
136303,Orange Technical College-Orlando Campus,28.550422,-81.383783
136330,Palm Beach Atlantic University,26.7044,-80.05247
136358,Palm Beach State College,26.61256,-80.08653
136400,Pasco-Hernando State College,28.2751,-82.646727
136473,Pensacola State College,30.479267,-87.200265
136491,Pinellas Technical College-Clearwater,27.911922,-82.719064
136516,Polk State College,28.032411,-81.711873
136659,Radford M Locklin Technical College,30.648077,-87.09971
136701,Saint Vincent de Paul Regional Seminary,26.516538,-80.125185
136765,Ridge Technical College,28.076632,-81.654463
136774,Ringling College of Art and Design,27.360931,-82.547803
136826,Robert Morgan Educational Center and Technical College,25.599247,-80.390054
136950,Rollins College,28.592787,-81.349239
137023,First Coast Technical College,29.924377,-81.345829
137032,Saint Leo University,28.336776,-82.257801
137078,St Petersburg College,27.773264,-82.636587
137087,Pinellas Technical College-St. Petersburg,27.761183,-82.681534
137096,Santa Fe College,29.681037,-82.433143
137120,Suncoast Technical College,27.285486,-82.500827
137209,Seminole State College of Florida,28.745482,-81.308003
137245,Sheridan Technical College,26.031736,-80.198024
137272,St. John Vianney College Seminary,25.742579,-80.337411
137281,Saint Johns River State College,29.647516,-81.681387
137315,South Florida State College,27.56974,-81.508667
137351,University of South Florida,28.061458,-82.413232
137476,St. Thomas University,25.922071,-80.253273
137546,Stetson University,29.035475,-81.300746
137564,Southeastern University,28.029733,-81.918382
137591,Bene's Career Academy,28.259612,-82.728584
137713,Riveroak Technical College,30.281999,-82.992512
137759,Tallahassee Community College,30.443866,-84.339
137777,Talmudic College of Florida,25.811996,-80.136293
137801,Altierus Career College-Tampa,27.996582,-82.497616
137847,The University of Tampa,27.948455,-82.46483
137856,Big Bend Technical College,30.077954,-83.565783
137865,Tom P. Haney Technical College,30.203363,-85.646585
137953,Trinity Baptist College,30.311171,-81.79626
137962,Trinity College of Florida,28.194732,-82.678318
138187,Valencia College,28.520898,-81.471466
138275,Warner University,27.825751,-81.599972
138284,Florida Panhandle Technical College,30.77449,-85.553345
138293,Webber International University,27.838778,-81.532315
138309,Rasmussen University-Florida,29.140099,-82.197343
138354,The University of West Florida,30.549076,-87.218511
138372,Orange Technical College-Westside Campus,28.559574,-81.571532
138479,William T McFatter Technical College,26.085022,-80.232201
138488,Orange Technical College-Winter Park Campus,28.604386,-81.36174
138497,Withlacoochee Technical College,28.834861,-82.345563
138558,Abraham Baldwin Agricultural College,31.481889,-83.528281
138600,Agnes Scott College,33.769268,-84.295459
138655,Interactive College of Technology-Chamblee,33.886966,-84.304381
138664,Interactive College of Technology-Morrow,33.57233,-84.336098
138682,Albany Technical College,31.55434,-84.174284
138716,Albany State University,31.56928,-84.141825
138761,Andrew College,31.772321,-84.795021
138813,The Art Institute of Atlanta,33.936024,-84.355252
138822,Georgia Career Institute,33.64336,-84.018321
138840,Atlanta Technical College,33.712009,-84.404995
138868,Point University,32.87912,-85.184931
138901,Atlanta Metropolitan State College,33.70893,-84.404659
138929,Atlanta's John Marshall Law School,33.76128,-84.385603
138938,Atlanta School of Massage,33.922131,-84.311332
138947,Clark Atlanta University,33.747628,-84.412584
138956,Augusta Technical College,33.418992,-82.048439
139144,Berry College,34.290414,-85.189202
139153,Beulah Heights University,33.736993,-84.35768
139199,Brenau University,34.303117,-83.821513
139205,Brewton-Parker College,32.185718,-82.586136
139250,College of Coastal Georgia,31.182745,-81.485973
139278,West Georgia Technical College,33.691657,-85.183666
139311,Clayton  State University,33.594079,-84.328174
139348,Columbia Theological Seminary,33.764292,-84.281695
139357,Columbus Technical College,32.508076,-84.978551
139366,Columbus State University,32.50096,-84.94106
139384,Georgia Northwestern Technical College,34.224673,-85.171361
139393,Covenant College,34.965161,-85.375066
139463,Dalton State College,34.774221,-85.002775
139506,Pro Way Hair School,33.801802,-84.205183
139579,South University-Savannah,31.999571,-81.105435
139621,East Georgia State College,32.594944,-82.309021
139630,Emmanuel College,34.283641,-83.14822
139658,Emory University,33.790183,-84.325512
139700,Georgia Highlands College,34.169791,-85.207356
139719,Fort Valley State University,32.537595,-83.89537
139746,Grady Health System Professional Schools,33.751852,-84.381561
139755,Georgia Institute of Technology-Main Campus,33.77242,-84.394832
139764,Georgia Southwestern State University,32.054662,-84.217738
139861,Georgia College & State University,33.082787,-83.231962
139931,Georgia Southern University,32.426153,-81.784045
139940,Georgia State University,33.7527,-84.38667
139959,University of Georgia,33.956262,-83.374039
139968,Gordon State College,33.04571,-84.154508
139986,Southern Crescent Technical College,33.255438,-84.291662
139995,Gupton Jones College of Funeral Service,33.710709,-84.179775
140003,Gwinnett College-Lilburn,33.901271,-84.121874
140012,Gwinnett Technical College,33.962763,-84.066224
140146,Interdenominational Theological Center,33.752338,-84.409207
140234,LaGrange College,33.038564,-85.043113
140243,Lanier Technical College,34.330323,-83.778107
140252,Life University,33.932781,-84.514729
140331,Chattahoochee Technical College,33.929092,-84.553722
140340,Herzing University-Atlanta,33.754218,-84.387251
140447,Mercer University,32.831787,-83.648295
140553,Morehouse College,33.745982,-84.414917
140562,Morehouse School of Medicine,33.742888,-84.41186
140678,North Georgia Technical College,34.639721,-83.530118
140696,Oglethorpe University,33.875441,-84.333687
140720,Paine College,33.469545,-81.993225
140818,Piedmont University,34.566042,-83.542126
140827,Miami Ad School-Atlanta,33.812116,-84.396182
140872,Reinhardt University,34.319756,-84.554264
140942,Savannah Technical College,32.023211,-81.114753
140951,Savannah College of Art and Design,32.072964,-81.09395
140960,Savannah State University,32.024781,-81.063377
140988,Shorter University,34.257543,-85.196529
141006,South Georgia Technical College,32.116663,-84.188321
141015,The Creative Circus,33.813156,-84.361989
141060,Spelman College,33.745279,-84.411527
141167,Thomas University,30.815576,-83.963587
141185,Toccoa Falls College,34.593414,-83.357617
141237,Truett McConnell University,34.596306,-83.748911
141255,Wiregrass Georgia Technical College,30.889221,-83.35381
141264,Valdosta State University,30.847402,-83.289282
141325,Wesleyan College,32.876037,-83.715417
141334,University of West Georgia,33.573621,-85.097762
141361,Young Harris College,34.933523,-83.84587
141486,Chaminade University of Honolulu,21.28995,-157.807851
141565,University of Hawaii at Hilo,19.701189,-155.080847
141574,University of Hawaii at Manoa,21.298598,-157.818979
141608,Hawaii Institute of Hair Design,21.31146,-157.861609
141644,Hawaii Pacific University,21.310306,-157.859645
141680,Honolulu Community College,21.321785,-157.87
141796,Kapiolani Community College,21.27148,-157.800213
141802,Kauai Community College,21.968887,-159.395883
141811,Leeward Community College,21.39267,-157.983771
141839,University of Hawaii Maui College,20.88956,-156.477252
141963,University of Hawaii System Office,21.297263,-157.819849
141981,University of Hawaii-West Oahu,21.35531,-158.056403
141990,Windward Community College,21.407051,-157.813307
142054,Carrington College-Boise,43.615295,-116.260675
142090,Boise Bible College,43.658651,-116.291321
142115,Boise State University,43.604284,-116.203301
142179,College of Eastern Idaho,43.486041,-111.985519
142276,Idaho State University,42.863832,-112.432312
142285,University of Idaho,46.727406,-117.014167
142294,The College of Idaho,43.652284,-116.677992
142328,Lewis-Clark State College,46.412199,-117.024875
142407,Aveda Institute-Twin Falls,42.593567,-114.461545
142416,Mr Leon's School of Hair Design-Moscow,46.729532,-117.001162
142443,North Idaho College,47.67569,-116.798905
142461,Northwest Nazarene University,43.562411,-116.565783
142489,Nathan Layne Institute of Cosmetology,42.919964,-112.464554
142522,Brigham Young University-Idaho,43.818408,-111.782431
142559,College of Southern Idaho,42.579837,-114.473901
142832,Adler University,41.882414,-87.629156
142887,American Academy of Art College,41.87742,-87.624788
142957,American Islamic College,41.954969,-87.646898
143048,School of the Art Institute of Chicago,41.88105,-87.625758
143084,Augustana College,41.502365,-90.55057
143118,Aurora University,41.753631,-88.349023
143215,Southwestern Illinois College,38.516406,-89.924466
143233,Bethany Theological Seminary,39.826244,-84.910689
143279,Black Hawk College,41.477283,-90.447799
143288,Blackburn College,39.287896,-89.870241
143297,Blessing Rieman College of Nursing and Health Sciences,39.949641,-91.357497
143303,Blessing Hospital School of Radiologic Technology,39.937191,-91.399287
143358,Bradley University,40.696896,-89.616786
143376,Paul Mitchell the School-Bradley,41.172891,-87.847099
143464,Cameo Beauty Academy,41.716051,-87.740894
143473,Cannella School of Hair Design-Villa Park,41.90417,-87.994628
143482,Cannella School of Hair Design-Chicago,41.731381,-87.551622
143491,Cannella School of Hair Design-Chicago,41.815763,-87.701198
143552,Capri Beauty College,41.603863,-87.771567
143613,Carl Sandburg College,40.98128,-90.408203
143659,Catholic Theological Union at Chicago,41.797895,-87.585989
143853,Midwestern University-Downers Grove,41.828115,-87.998342
143978,The Chicago School of Professional Psychology at Chicago,41.888293,-87.63379
144005,Chicago State University,41.718446,-87.609384
144014,Chicago Theological Seminary,41.785701,-87.591178
144050,University of Chicago,41.787994,-87.599539
144157,City Colleges of Chicago-Kennedy-King College,41.780253,-87.643425
144166,City Colleges of Chicago-Malcolm X College,41.878092,-87.675321
144175,City Colleges of Chicago-Olive-Harvey College,41.709997,-87.589249
144184,City Colleges of Chicago-Harry S Truman College,41.964502,-87.659107
144193,City Colleges of Chicago-Richard J Daley College,41.755955,-87.723981
144209,City Colleges of Chicago-Harold Washington College,41.886067,-87.626596
144218,City Colleges of Chicago-Wilbur Wright College,41.958774,-87.787868
144281,Columbia College Chicago,41.874261,-87.624667
144351,Concordia University-Chicago,41.898696,-87.809482
144485,Coyne College,41.882558,-87.627413
144500,City Colleges of Chicago-District Office,41.885452,-87.62671
144564,Danville Area Community College,40.127539,-87.587884
144573,Tricoci University of Beauty Culture,40.117724,-88.205972
144740,DePaul University,41.877618,-87.62724
144777,DeVry University-Administrative Office,41.799874,-88.126334
144795,Cosmetology & Spa Academy,42.24918,-88.294087
144865,College of DuPage,41.841577,-88.071635
144883,East-West University,41.871309,-87.624793
144892,Eastern Illinois University,39.479843,-88.175658
144944,Elgin Community College,42.018066,-88.32194
144962,Elmhurst University,41.897164,-87.945369
144971,Eureka College,40.71482,-89.269624
145099,"First Institute of Travel, Inc.",42.21926,-88.339468
145239,Fox College,41.563842,-87.785169
145275,Garrett-Evangelical Theological Seminary,42.056221,-87.675497
145309,Gem City College,39.926394,-91.404218
145336,Governors State University,41.449103,-87.716441
145354,Graham Hospital School of Nursing,40.552962,-90.038776
145372,Greenville University,38.894162,-89.40824
145406,G Skin & Beauty Institute,42.061983,-88.083218
145424,Hair Professionals Career College,41.962221,-88.718145
145433,Hair Professionals School of Cosmetology,41.682591,-88.364727
145497,Hebrew Theological College,42.010103,-87.760874
145521,Highland Community College,42.283344,-89.67342
145558,Rosalind Franklin University of Medicine and Science,42.300069,-87.859632
145600,University of Illinois Chicago,41.871837,-87.650503
145619,Benedictine University,41.777569,-88.097307
145628,Illinois College of Optometry,41.835447,-87.623016
145637,University of Illinois Urbana-Champaign,40.104718,-88.229114
145646,Illinois Wesleyan University,40.489901,-88.992014
145682,Illinois Central College,40.707235,-89.52485
145691,Illinois College,39.7313,-90.246171
145707,Olney Central College,38.735913,-88.099589
145725,Illinois Institute of Technology,41.8313,-87.627321
145813,Illinois State University,40.509403,-88.990058
145831,Illinois Valley Community College,41.30744,-89.100887
145886,Institute for Clinical Social Work,41.972414,-87.662806
146205,John A Logan College,37.747453,-89.09021
146278,John Wood Community College,39.913741,-91.335828
146296,Joliet Junior College,41.500535,-88.180985
146339,Judson University,42.061754,-88.291336
146348,Kankakee Community College,41.098178,-87.851047
146366,Kaskaskia College,38.562112,-89.191974
146418,Kishwaukee College,41.938234,-88.880524
146427,Knox College,40.943064,-90.373165
146454,Educators of Beauty College of Cosmetology-Peru,41.354338,-89.118454
146472,College of Lake County,42.354164,-88.012291
146481,Lake Forest College,42.249574,-87.827454
146490,Lake Forest Graduate School of Management,42.243432,-87.893204
146506,Lake Land College,39.416969,-88.380835
146533,Lakeview College of Nursing,40.13855,-87.644379
146603,Lewis and Clark Community College,38.951624,-90.194405
146612,Lewis University,41.605432,-88.079032
146667,Lincoln Christian University,40.148924,-89.346721
146676,Lincoln College,40.155442,-89.36153
146685,Lincoln Land Community College,39.721211,-89.611249
146700,Lincoln College of Technology-Melrose Park,41.905577,-87.832162
146719,Loyola University Chicago,42.000765,-87.656872
146728,Lutheran School of Theology at Chicago,41.79563,-87.598978
146755,Trinity College of Nursing & Health Sciences,41.484924,-90.568862
146807,Steven Papageorge Hair Academy,41.968291,-87.713577
146816,MacCormac College,41.881773,-87.626675
146977,McCormick Theological Seminary,41.79597,-87.598511
147004,McHenry County College,42.259111,-88.368956
147013,McKendree University,38.608154,-89.816822
147031,Meadville Theological School of Lombard College,41.885452,-87.62671
147129,Methodist College,40.7804,-89.682864
147244,Millikin University,39.842612,-88.976298
147341,Monmouth College,40.914824,-90.63731
147369,Moody Bible Institute,41.897822,-87.633459
147378,Moraine Valley Community College,41.694613,-87.836915
147396,Morrison Institute of Technology,41.7971,-89.965963
147411,Morton College,41.824303,-87.762306
147536,National Louis University,41.880093,-87.624699
147590,National University of Health Sciences,41.861697,-88.013171
147642,Cosmetology Concepts Niles,42.027601,-87.815113
147660,North Central College,41.77576,-88.14279
147679,North Park University,41.975268,-87.709948
147697,Northern Baptist Theological Seminary,41.809104,-88.056162
147703,Northern Illinois University,41.933869,-88.766428
147767,Northwestern University,42.050356,-87.679858
147776,Northeastern Illinois University,41.980399,-87.718983
147800,Oakton Community College,42.061893,-87.880644
147819,Oehrlein School of Cosmetology,40.665832,-89.55712
147828,Olivet Nazarene University,41.155237,-87.875165
147916,Parkland College,40.131963,-88.290359
148007,Prairie State College,41.525316,-87.638943
148016,Principia College,38.948835,-90.350285
148098,Professional's Choice Hair Design Academy,41.523122,-88.148846
148131,Quincy University,39.938898,-91.385975
148256,Rend Lake College,38.131481,-88.918283
148292,Richland Community College,39.883887,-88.894125
148380,Rock Valley College,42.306174,-88.993544
148405,Rockford University,42.270639,-89.019536
148487,Roosevelt University,41.876055,-87.624952
148496,Dominican University,41.902678,-87.823003
148511,Rush University,41.874742,-87.668581
148575,Saint Francis Medical Center College of Nursing,40.701241,-89.590322
148584,University of St Francis,41.532225,-88.096057
148593,St. John's College-Department of Nursing,39.807602,-89.64532
148627,Saint Xavier University,41.707199,-87.714749
148654,University of Illinois Springfield,39.729524,-89.616796
148672,Sauk Valley Community College,41.817659,-89.596483
148821,Shawnee Community College,37.270198,-89.03352
148876,St. Augustine College,41.972414,-87.662806
148885,University of Saint Mary of the Lake,42.280702,-88.000262
148937,Southeastern Illinois College,37.75174,-88.436631
148955,National Latino Education Institute,41.822756,-87.675917
148982,Spertus College,41.873881,-87.624785
148991,Spoon River College,40.527991,-90.07233
149028,Saint Anthony College of Nursing,42.310147,-88.991968
149204,Educators of Beauty College of Cosmetology-Sterling,41.788581,-89.692522
149222,Southern Illinois University-Carbondale,37.714193,-89.217273
149231,Southern Illinois University-Edwardsville,38.793949,-89.997779
149240,Southern Illinois University-System Office,37.706473,-89.232216
149310,Taylor Business Institute,41.885452,-87.62671
149329,Telshe Yeshiva-Chicago,41.975536,-87.71755
149365,South Suburban College,41.606427,-87.619123
149499,Tri-County Beauty Academy,39.176137,-89.655742
149505,Trinity Christian College,41.667687,-87.783973
149514,Trinity International University-Illinois,42.197945,-87.880851
149532,Triton College,41.916082,-87.841056
149550,University of Spa & Cosmetology Arts,39.76672,-89.710839000000007
149587,University of Illinois System Offices,40.108253,-88.228234
149639,VanderCook College of Music,41.836833,-87.629138
149727,Waubonsee Community College,41.795955,-88.459925
149763,Oak Point University,41.848066,-87.930551
149772,Western Illinois University,40.468086,-90.686899
149781,Wheaton College,41.870176,-88.099643
149842,William Rainey Harper College,42.081829,-88.072811
150048,Ancilla College,41.337958,-86.445263
150066,Anderson University,40.112768,-85.664315
150136,Ball State University,40.203431,-85.409043
150145,Bethel University,41.678399,-86.194686
150163,Butler University,39.8374,-86.172167
150172,Calumet College of Saint Joseph,41.671008,-87.494123
150215,Christian Theological Seminary,39.832673,-86.178551
150251,College of Court Reporting Inc,41.467574,-87.066331
150288,Concordia Theological Seminary,41.139321,-85.10994
150303,Tricoci University of Beauty Culture-Highland,41.555885,-87.467018
150400,DePauw University,39.640904,-86.860363
150428,Don Roberts School of Hair Design,41.485532,-87.447089
150455,Earlham College,39.823431,-84.915037
150534,University of Evansville,37.971549,-87.531644
150604,Franklin College,39.478298,-86.047182
150668,Goshen College,41.563582,-85.827795
150677,Grace College and Theological Seminary,41.22595,-85.814228
150756,Hanover College,38.715642,-85.460051000000007
150765,J Michael Harrold Beauty Academy,39.470359,-87.383391
150774,Holy Cross College,41.698996,-86.253822
150853,PJ's College of Cosmetology-Clarksville,38.3121,-85.768914
150941,Huntington University,40.898152,-85.497317
150987,Ivy Tech Community College,39.803753,-86.158213
151102,Purdue University Fort Wayne,41.117278,-85.108962
151111,Indiana University-Purdue University-Indianapolis,39.772948,-86.172217
151263,University of Indianapolis,39.709571,-86.133969
151290,Indiana Institute of Technology,41.078365,-85.116479
151306,University of Southern Indiana,37.962374,-87.677214
151324,Indiana State University,39.469073,-87.407846
151333,Indiana University-Kokomo,40.460062,-86.132048
151342,Indiana University-South Bend,41.665324,-86.221991
151351,Indiana University-Bloomington,39.16609,-86.526559
151360,Indiana University-Northwest,41.557324,-87.337249
151379,Indiana University-Southeast,38.345191,-85.819985
151388,Indiana University-East,39.868707,-84.881923
151467,International Business College-Indianapolis,39.885628,-86.041648
151564,Taylor Institute of Cosmetology II,41.287712,-86.618158
151607,Tricoci University of Beauty Culture-Lafayette,40.419818,-86.887007
151652,Empire Beauty School-Indianapolis,39.666467,-86.100614
151661,Lincoln College of Technology-Indianapolis,39.884503,-86.246276
151777,Manchester University,41.010549,-85.762643
151786,Marian University,39.813233,-86.202643
151801,Indiana Wesleyan University-Marion,40.517937,-85.667503
151810,Martin University,39.798144,-86.103953
151865,Anabaptist Mennonite Biblical Seminary,41.656013,-85.972165
151962,Mid-America College of Funeral Service,38.31209,-85.744696
152044,West Michigan College of Barbering and Beauty,42.259329,-85.590244
152080,University of Notre Dame,41.703058,-86.238959
152099,Oakland City University,38.340891,-87.35144
152150,PJ's College of Cosmetology-Richmond,39.83227,-84.842601
152275,Ravenscroft Beauty College,41.121802,-85.046078
152309,Rogers Academy of Hair Design,37.970675,-87.572366
152318,Rose-Hulman Institute of Technology,39.483602,-87.326749
152336,University of Saint Francis-Fort Wayne,41.087205,-85.177246
152381,Saint Mary-of-the-Woods College,39.508546,-87.463791
152390,Saint Mary's College,41.707274,-86.256947
152451,Saint Meinrad School of Theology,38.165546,-86.810388
152497,Saint Elizabeth School of Nursing,40.427401,-86.88083
152530,Taylor University,40.456246,-85.497034
152567,Trine University,41.632502,-85.008009
152600,Valparaiso University,41.462239,-87.040172
152628,Vincennes Beauty College,38.679739,-87.53241
152637,Vincennes University,38.686318,-87.523407
152673,Wabash College,40.037588,-86.906
152798,Allen College,42.530084,-92.340148
152992,Briar Cliff University,42.526443,-96.428444
153001,Buena Vista University,42.642255,-95.208529
153074,Capri College-Dubuque,42.497357,-90.665565
153083,Capri College-Cedar Rapids,41.960734,-91.710201
153108,Central College,41.401539,-92.922199
153126,Clarke University,42.509475,-90.690487
153144,Coe College,41.988263,-91.658192
153162,Cornell College,41.924554,-91.423741
153214,Des Moines Area Community College,41.707348,-93.611597
153241,Divine Word College,42.441721,-90.934578
153250,Dordt University,43.082527,-96.166562
153269,Drake University,41.60129,-93.652163
153278,University of Dubuque,42.49726,-90.693428
153296,Ellsworth Community College,42.527524,-93.265853
153302,Emmaus Bible College,42.508307,-90.706011
153311,Eastern Iowa Community College District,41.522179,-90.574459
153320,Faith Baptist Bible College and Theological Seminary,41.737082,-93.624422
153366,Graceland University-Lamoni,40.615966,-93.924893
153375,Grand View University,41.620813,-93.604352
153384,Grinnell College,41.747952,-92.722094
153427,Orion Technical College,41.56056,-90.528333
153445,Hawkeye Community College,42.430003,-92.330633
153463,American Hair Academy,40.962643,-91.524949
153472,Indian Hills Community College,41.045105,-92.394736
153524,Iowa Central Community College,42.490067,-94.20299
153533,Iowa Lakes Community College,43.401376,-94.835661
153542,UnityPoint Health-Des Moines School of Radiologic Technology,41.590094,-93.635129
153597,Iowa School of Beauty-Des Moines,41.624684,-93.711628
153603,Iowa State University,42.026212,-93.648504
153621,Iowa Wesleyan University,40.973791,-91.552459
153630,Iowa Western Community College,41.272168,-95.797975
153658,University of Iowa,41.661935,-91.536425
153737,Kirkwood Community College,41.911268,-91.651172
153746,La James International College-Cedar Falls,42.515026,-92.434496
153764,La James International College-Johnston,41.661015,-93.738577
153773,La James College of Hairstyling and Cosmetology,43.153786,-93.199881
153782,La James International College-Ft Dodge,42.5005,-94.163856
153825,Loras College,42.503908,-90.679023
153834,Luther College,43.312304,-91.802809
153861,Maharishi International University,41.017781,-91.967306
153922,Marshalltown Community College,42.00065,-92.909411
153977,Mercy College of Health Sciences,41.594559,-93.626238
154004,Morningside University,42.473891,-96.359464
154013,Mount Mercy University,42.001931,-91.650991
154022,Ashford University,32.8273,-117.141961
154059,North Iowa Area Community College,43.157169,-93.13126
154095,University of Northern Iowa,42.514923,-92.459703
154101,Northwestern College,42.999007,-96.058772
154110,Northeast Iowa Community College,43.17523,-91.867105
154129,Northwest Iowa Community College,43.184701,-95.880639
154156,Des Moines University-Osteopathic Medical Center,41.583325,-93.661686
154165,Iowa School of Beauty-Ottumwa,41.02334,-92.417948
154174,Palmer College of Chiropractic,41.529021,-90.574607
154208,PCI Academy-Ames,41.99767,-93.613611
154235,Saint Ambrose University,41.54065,-90.579854
154262,St Luke's College,42.520081,-96.404724
154332,La James International College-Davenport,41.572861,-90.5682
154341,La James International College-Iowa City,41.663433,-91.532038
154350,Simpson College,41.365503,-93.563471
154378,Southeastern Community College,40.814496,-91.171881
154396,Southwestern Community College,41.073437,-94.380906
154448,Capri College-Davenport,41.575211,-90.538828
154457,Iowa School of Beauty-Sioux City,42.441812,-96.365842
154466,E Q School of Hair Design,41.235617,-95.858073
154493,Upper Iowa University,42.838283,-91.799543
154518,Waldorf University,43.262923,-93.641714
154527,Wartburg College,42.7277,-92.483387
154536,Wartburg Theological Seminary,42.485761,-90.691225
154545,The Salon Professional Academy-Cedar Falls,42.511022,-92.433262
154572,Western Iowa Tech Community College,42.482953,-96.348874
154590,William Penn University,41.310111,-92.647095
154642,Allen County Community College,37.938038,-95.396377
154688,Baker University,38.778712,-95.187346
154697,Barton County Community College,38.403529,-98.731648
154712,Benedictine College,39.572646,-95.111473
154721,Bethany College,38.580598,-97.67367
154749,Bethel College-North Newton,38.075169,-97.343256
154800,Butler Community College,37.806699,-96.882987
154855,Central Christian College of Kansas,38.357978,-97.668597
154907,Cloud County Community College,39.554199,-97.664147
154925,Coffeyville Community College,37.033814,-95.621374
154934,Colby Community College,39.377601,-101.052744
154952,Cowley County Community College,37.061668,-97.043075
154998,Dodge City Community College,37.776891,-100.037481
155007,Donnelly College,39.112256,-94.650677
155025,Emporia State University,38.414784,-96.179021
155052,Flint Hills Technical College,38.41888,-96.224141
155061,Fort Hays State University,38.872156,-99.342503
155070,Barclay College,37.62012,-99.105351
155089,Friends University,37.678459,-97.367048
155098,Fort Scott Community College,37.816206,-94.715334
155104,Garden City Community College,37.970151,-100.848082
155140,Haskell Indian Nations University,38.938834,-95.232879
155159,Hays Academy of Hair Design,38.884873,-99.310623
155177,Hesston College,38.134558,-97.433883
155186,Highland Community College,39.859987,-95.271539
155195,Hutchinson Community College,38.068035,-97.92135
155201,Independence Community College,37.195614,-95.720518
155210,Johnson County Community College,38.924125,-94.727798
155283,Concorde Career College-Kansas City,39.06799,-94.589819
155292,Kansas City Kansas Community College,39.121911,-94.748061
155308,Kansas Christian College,38.994848,-94.666878
155317,University of Kansas,38.958549,-95.247567
155335,Newman University,37.672643,-97.37768
155353,Old Town Barber College-Wichita,37.68586,-97.323179
155399,Kansas State University,39.188648,-96.581077
155414,Kansas Wesleyan University,38.813795,-97.607973
155423,Washburn Institute of Technology,39.04497,-95.751158
155450,Labette Community College,37.339062,-95.255368
155487,Manhattan Area Technical College,39.197774,-96.615672
155496,Manhattan Christian College,39.184806,-96.579383000000007
155511,McPherson College,38.371422,-97.642996
155520,MidAmerica Nazarene University,38.875615,-94.781635
155566,Neosho County Community College,37.670672,-95.464976
155593,North Central Kansas Technical College,39.482419,-98.110826
155618,Northwest Kansas Technical College,39.346424,-101.70022
155627,Ottawa University-Ottawa,38.603173,-95.264187
155636,Ottawa University-Kansas City,38.932055,-94.635461
155681,Pittsburg State University,37.392071,-94.702473
155715,Pratt Community College,37.654451,-98.714538
155812,University of Saint Mary,39.279396,-94.906743
155830,Salina Area Technical College,38.793582,-97.636892
155858,Seward County Community College,37.059807,-100.917695
155900,Southwestern College,37.248608,-96.975405
155937,Sterling College,38.219937,-98.208644
155973,Tabor College,38.348606,-97.200949
156082,Washburn University,39.033778,-95.702222
156107,Wichita State University-Campus of Applied Sciences and Technology,37.75764,-97.224151
156125,Wichita State University,37.718882,-97.292361
156134,Wichita Technical Institute,37.656976,-97.371819
156189,Alice Lloyd College,37.335087,-82.875068
156213,Asbury University,37.862029,-84.662606
156222,Asbury Theological Seminary,37.861561,-84.660127
156231,Ashland Community and Technical College,38.469201,-82.650664
156277,Barrett and Company School of Hair Design,37.866361,-84.580326
156286,Bellarmine University,38.219279,-85.704997
156295,Berea College,37.57202,-84.292893
156310,PJ's College of Cosmetology-Bowling Green,36.979195,-86.469756
156338,Southcentral Kentucky Community and Technical College,36.984827,-86.476717
156356,Brescia University,37.769041,-87.111639
156365,Campbellsville University,37.343342,-85.348943
156392,Bluegrass Community and Technical College,38.024808,-84.503665
156408,Centre College,37.645709,-84.779392
156417,Clear Creek Baptist Bible College,36.725236,-83.727702
156426,Paul Mitchell the School-Lexington,37.980361,-84.548281
156471,Galen College of Nursing-Louisville,38.281333,-85.499039
156541,University of the Cumberlands,36.737048,-84.161646
156620,Eastern Kentucky University,37.740845,-84.300796
156648,Elizabethtown Community and Technical College,37.692858,-85.879927
156727,Frontier Nursing University,38.051018,-84.692791
156745,Georgetown College,38.207615,-84.553767
156754,PJ's College of Cosmetology-Glasgow,37.012713,-85.922275
156790,Hazard Community and Technical College,37.234897,-83.175644
156842,Paul Mitchell the School-Louisville,38.24897,-85.578849
156851,Henderson Community College,37.797687,-87.650091
156860,Hopkinsville Community College,36.882654,-87.488297
156921,Jefferson Community and Technical College,38.246027,-85.753615
156967,Summit Salon Academy-Lexington,38.028451,-84.453521
157021,American National University-Pikeville,37.539398,-82.607154
157030,Kentucky Mountain Bible College,37.603443,-83.438765
157058,Kentucky State University,38.201427,-84.855402
157076,Kentucky Wesleyan College,37.744489,-87.119658
157085,University of Kentucky,38.038911,-84.504747
157100,Kentucky Christian University,38.338805,-82.945561
157207,Lexington Theological Seminary,37.996332,-84.526079
157216,Lindsey Wilson College,37.101502,-85.299997
157289,University of Louisville,38.216862,-85.760412
157298,Louisville Presbyterian Theological Seminary,38.237056,-85.686411
157304,Madisonville Community College,37.362661,-87.512137
157331,Maysville Community and Technical College,38.626607,-83.806786
157377,Midway University,38.146126,-84.678142
157386,Morehead State University,38.186768,-83.434021
157401,Murray State University,36.612419,-88.323629
157438,Gateway Community and Technical College,38.960638,-84.633478
157447,Northern Kentucky University,39.029714,-84.463483
157483,West Kentucky Community and Technical College,37.054081,-88.658762
157535,University of Pikeville,37.479232,-82.521063
157553,Big Sandy Community and Technical College,37.688248,-82.778847
157614,Empire Beauty School-Chenoweth,38.255764,-85.65752
157650,Empire Beauty School-Elizabethtown,37.697453,-85.878557
157669,Empire Beauty School-Dixie,38.167059,-85.830866
157678,Empire Beauty School-Florence,39.009553,-84.628998
157711,Somerset Community College,37.059599,-84.617546
157739,Southeast Kentucky Community & Technical College,36.966051,-82.997661
157748,The Southern Baptist Theological Seminary,38.248216,-85.687649
157757,Spalding University,38.242407,-85.757725
157793,Sullivan University,38.212824,-85.670489
157809,Thomas More University,39.022963,-84.568923
157818,Transylvania University,38.052983,-84.493202
157854,Kentucky Community and Technical College System,38.058771,-84.72788
157863,Union College,36.870875,-83.888477
157951,Western Kentucky University,36.985035,-86.456828
158088,Central Louisiana Technical Community College,31.310461,-92.446693
158246,Ayers Career College,32.418291,-93.798229
158325,Baton Rouge General Medical Center School of Nursing & School of Radiologic Technology,30.447919,-91.152502
158343,Baton Rouge School of Computers,30.422155,-91.080837
158431,Bossier Parish Community College,32.539551,-93.646881
158477,Centenary College of Louisiana,32.483335,-93.730834
158538,Cloyd's Beauty School 1 Inc,32.499976,-92.126506
158617,Crescent City Bartending School,29.966842,-90.086679
158662,Delgado Community College,29.985149,-90.103962
158778,Avery James School of Cosmetology,30.202601,-93.219712
158787,Denham Springs Beauty School,30.484636,-90.944774
158802,Dillard University,29.996587,-90.06464
158884,Nunez Community College,29.95419,-89.95888
159009,Grambling State University,32.523797,-92.713245
159027,Guy's Shreveport Academy of Cosmetology Inc,32.485759,-93.706628
159197,ITI Technical College,30.369764,-91.030485
159328,John Jay Beauty College,30.007684,-90.230259
159373,Louisiana State University Health Sciences Center-New Orleans,29.957272,-90.083145
159382,Louisiana State University-Alexandria,31.178616,-92.414409
159391,Louisiana State University and Agricultural & Mechanical College,30.414986,-91.178921
159407,Louisiana State University-Eunice,30.473292,-92.434523
159416,Louisiana State University-Shreveport,32.428465,-93.70561
159513,Aveda Arts & Sciences Institute-Baton Rouge,30.426526,-91.054308
159522,Aveda Arts & Sciences Institute-Lafayette,30.206168,-92.042092
159531,Louisiana Academy of Beauty,30.495111,-92.408948
159568,Louisiana College,31.324528,-92.425973
159601,Opelousas School of Cosmetology,30.53165,-92.077854
159647,Louisiana Tech University,32.528297,-92.649963
159656,Loyola University New Orleans,29.936141,-90.120417
159717,McNeese State University,30.178187,-93.217222
159939,University of New Orleans,30.027704,-90.067142
159948,New Orleans Baptist Theological Seminary,30.004336,-90.043439
159966,Nicholls State University,29.794486,-90.801571
159993,University of Louisiana at Monroe,32.527748,-92.07374
160010,Northwest Louisiana Technical Community College,32.586037,-93.26302
160038,Northwestern State University of Louisiana,31.750666,-93.097797
160065,University of Holy Cross,29.912003,-89.99445
160074,Franciscan Missionaries of Our Lady University,30.401379,-91.110587
160117,Pat Goins Benton Road Beauty School,32.516422,-93.719361
160126,Celebrity Stylist Beauty School,32.52121,-92.085347
160199,Pineville Beauty School,31.325717,-92.430903
160320,Aveda Arts & Sciences Institute-Covington,30.494049,-90.104008
160409,Saint Joseph Seminary College,30.526778,-90.113621
160472,LaSalle Tech,29.592656,-90.696772
160481,Fletcher Technical Community College,29.690884,-90.811707
160524,Remington College-Lafayette Campus,30.166882,-92.059734
160533,Southern University-Board and System,30.521517,-91.196629
160579,SOWELA Technical Community College,30.217331,-93.16252
160597,Stevensons Academy of Hair Design,29.948438,-90.052219
160612,Southeastern Louisiana University,30.514652,-90.468676
160621,Southern University and A & M College,30.524558,-91.190105
160630,Southern University at New Orleans,30.026162,-90.044912
160649,Southern University at Shreveport,32.545632,-93.834559
160658,University of Louisiana at Lafayette,30.212191,-92.020165
160667,Northshore Technical Community College,30.379147,-89.899196
160755,Tulane University of Louisiana,29.940069,-90.122144
160904,Xavier University of Louisiana,29.964162,-90.107307
160959,College of the Atlantic,44.395258,-68.221517
160977,Bates College,44.105299,-70.203333
160995,Beal University,44.786465,-68.785428
161004,Bowdoin College,43.907134,-69.963942
161022,Maine College of Health Professions,44.100458,-70.21732
161077,Central Maine Community College,44.134346,-70.235498
161086,Colby College,44.564211,-69.66337
161138,Eastern Maine Community College,44.826048,-68.74445
161192,Kennebec Valley Community College,44.594149,-69.61157
161208,The Landing School,43.380492,-70.503619
161217,University of Maine at Augusta,44.337746,-69.796396
161226,University of Maine at Farmington,44.666911,-70.147121
161235,University of Maine at Fort Kent,47.250389,-68.589319
161244,University of Maine at Machias,44.708803,-67.458025
161253,University of Maine,44.899257,-68.669332
161280,University of Maine-System Central Office,44.896388,-68.66988
161299,Maine Maritime Academy,44.389654,-68.804347
161341,University of Maine at Presque Isle,46.672285,-68.016343
161457,University of New England,43.458591,-70.38535
161484,Northern Maine Community College,46.694668,-68.034796
161493,Empire Beauty School-Maine,43.667885,-70.258154
161509,Maine College of Art & Design,43.655743,-70.261015
161518,Saint Joseph's College of Maine,43.826314000000004,-70.483373
161527,Spa Tech Institute-Westbrook,43.67659,-70.335331
161545,Southern Maine Community College,43.646649,-70.229182
161554,University of Southern Maine,43.662863,-70.274247
161563,Thomas College,44.524909,-69.664734
161572,Unity College,44.603165,-69.332276
161581,Washington County Community College,45.165537,-67.243306
161688,Allegany College of Maryland,39.652152,-78.730398
161767,Anne Arundel Community College,39.049813,-76.512223
161800,Award Beauty School,39.640443,-77.720283
161855,Baltimore Studio of Hair Design,39.293371,-76.620008
161864,Baltimore City Community College,39.319978,-76.662878
161873,University of Baltimore,39.305834,-76.616591
162007,Bowie State University,39.018185,-76.759721
162061,Capitol Technology University,39.046673,-76.850231
162104,Cecil College,39.642225,-75.955949
162122,College of Southern Maryland,38.55895,-77.009245
162168,Chesapeake College,38.952193,-76.083668
162210,Washington Adventist University,38.986349,-77.000608
162283,Coppin State University,39.311258,-76.658687
162335,Delmarva Beauty Academy,38.339006,-75.601701
162371,North American Trade Schools,39.309556,-76.749455
162557,Frederick Community College,39.452241,-77.417849
162584,Frostburg State University,39.650918,-78.934293
162609,Garrett College,39.560493,-79.342923
162654,Goucher College,39.410175,-76.594843
162690,Hagerstown Community College,39.631009,-77.667379
162706,Harford Community College,39.56131,-76.282845
162760,Hood College,39.420631,-77.419049
162779,Howard Community College,39.213636,-76.877964
162830,Aveda Institute-Maryland,39.531933,-76.349927
162928,Johns Hopkins University,39.328977,-76.621595
163028,Lincoln College of Technology-Columbia,39.174673,-76.836463
163046,Loyola University Maryland,39.346358,-76.621872
163204,University of Maryland Global Campus,38.912706,-76.847584
163259,"University of Maryland, Baltimore",39.286864,-76.623983
163268,University of Maryland-Baltimore County,39.256686,-76.711607
163286,University of Maryland-College Park,38.988178,-76.944721
163295,Maryland Institute College of Art,39.308792,-76.621033
163338,University of Maryland Eastern Shore,38.207386,-75.686852
163347,Fortis Institute-Towson,39.403271,-76.604593
163408,Montgomery Beauty School,38.999622,-77.001966
163426,Montgomery College,39.098656,-77.15929
163453,Morgan State University,39.344161,-76.585565
163462,Mount St. Mary's University,39.681705,-77.351887
163532,Ner Israel Rabbinical College,39.388021,-76.753526
163541,Hair Academy,38.956205,-76.869467
163578,Notre Dame of Maryland University,39.350612,-76.619739
163657,Prince George's Community College,38.888689,-76.824623
163754,Robert Paul Academy of Cosmetology Arts & Sciences,39.4448,-76.624983
163815,Maryland Beauty Academy of Essex,39.29844,-76.509213
163851,Salisbury University,38.34648,-75.604815
163912,St. Mary's College of Maryland,38.190904,-76.429097
163976,St. John's College,38.981598,-76.491359
164076,Towson University,39.393622,-76.611164
164085,Maryland University of Integrative Health,39.165872,-76.888025
164146,University System of Maryland,39.286077,-76.605479
164155,United States Naval Academy,38.980507,-76.481692
164173,Stevenson University,39.421988,-76.702092
164216,Washington College,39.217329,-76.06878
164270,McDaniel College,39.584231,-77.001992
164313,Wor-Wic Community College,38.373723,-75.499659
164368,Hult International Business School,42.369968,-71.070645
164447,American International College,42.112346,-72.558338
164465,Amherst College,42.372459,-72.518493
164492,Anna Maria College,42.330542,-71.91896
164535,Assabet Valley Regional Technical School,42.36775,-71.567281
164562,Assumption University,42.294226,-71.828991
164580,Babson College,42.297017,-71.264057
164599,Bancroft School of Massage Therapy,42.268973,-71.778113
164614,Boston Baptist College,42.254037,-71.1103
164632,Bay Path University,42.055088,-72.583382
164641,Bay State College,42.350966,-71.071615
164720,Becker College,42.269171,-71.811894
164739,Bentley University,42.385995,-71.222839
164748,Berklee College of Music,42.346646,-71.089405
164775,Berkshire Community College,42.45975,-73.314704
164845,Empire Beauty School-Boston,42.354683,-71.062722
164872,Boston Architectural College,42.348467,-71.085786
164915,Boston Graduate School of Psychoanalysis Inc,42.33912,-71.133151
164924,Boston College,42.336213,-71.169242
164988,Boston University,42.351118,-71.107942
165015,Brandeis University,42.365727,-71.260155
165024,Bridgewater State University,41.98749,-70.974553
165033,Bristol Community College,41.721994,-71.119133
165060,Signature Healthcare Brockton Hospital School of Nursing,42.088032,-70.992764
165112,Bunker Hill Community College,42.374806,-71.069263
165167,Cambridge College,42.381091,-71.072646
165194,Cape Cod Community College,41.691911,-70.337334
165255,Catherine Hinds Institute of Esthetics,42.493212,-71.13715
165264,Laboure College,42.260866,-71.058279
165334,Clark University,42.249987,-71.823356
165495,Conway School of Landscape Design,42.313857,-72.64875
165529,Curry College,42.238061,-71.116539
165556,Lincoln Technical Institute-Somerville,42.390826,-71.082082
165574,Dean College,42.085634,-71.397813
165608,Diman Regional Technical Institute,41.718422,-71.155011
165635,National Aviation Academy of New England,42.462164,-71.387244
165644,Eastern Nazarene College,42.271228,-71.011079
165662,Emerson College,42.352202,-71.065384
165671,Emmanuel College,42.340602,-71.103634
165699,Endicott College,42.553296,-70.840847
165750,Rob Roy Academy-Fall River,41.698905,-71.157664
165802,Fisher College,42.355253,-71.074125
165820,Fitchburg State University,42.588298,-71.789666
165866,Framingham State University,42.297116,-71.437565
165884,Benjamin Franklin Institute of Technology,42.346023,-71.070231
165936,Gordon College,42.590567,-70.82151
165945,Gordon-Conwell Theological Seminary,42.613475,-70.846386999999993
165981,Greenfield Community College,42.599512,-72.630977
166018,Hampshire College,42.325852,-72.531469
166027,Harvard University,42.374471,-71.118313
166045,Hebrew College,42.325677,-71.189226
166054,Hellenic College-Holy Cross Greek Orthodox School of Theology,42.317018,-71.129418
166124,College of the Holy Cross,42.23752,-71.808214
166133,Holyoke Community College,42.194781,-72.651252
166391,Lasell University,42.342148,-71.24347
166407,Lawrence Memorial Hospital School of Nursing,42.42581,-71.110958
166452,Lesley University,42.38012,-71.117303
166489,Longy School of Music of Bard College,42.378657,-71.123479
166498,Lowell Academy Hairstyling Institute,42.643609,-71.308309
166513,University of Massachusetts-Lowell,42.652864,-71.326809
166629,University of Massachusetts-Amherst,42.385999,-72.526728
166638,University of Massachusetts-Boston,42.312881,-71.036865
166647,Massachusetts Bay Community College,42.312292,-71.263821
166656,MCPHS University,42.336825,-71.101244
166665,University of Massachusetts-Central Office,42.35849,-71.060761
166674,Massachusetts College of Art and Design,42.336862000000004,-71.099275
166683,Massachusetts Institute of Technology,42.359243,-71.093226
166692,Massachusetts Maritime Academy,41.739072,-70.624084
166708,University of Massachusetts Medical School Worcester,42.278002,-71.762144
166717,William James College,42.294995,-71.203256
166805,Massachusetts School of Barbering,42.247457,-71.001891
166823,Massasoit Community College,42.07507,-70.989799
166850,Merrimack College,42.668344,-71.124216
166869,MGH Institute of Health Professions,42.375018,-71.054002
166887,Middlesex Community College,42.524328,-71.274931
166911,Montserrat College of Art,42.550212,-70.876131
166939,Mount Holyoke College,42.256838,-72.575511
166957,Mount Wachusett Community College,42.593142,-71.984148
167039,Rob Roy Academy-New Bedford,41.671921,-70.925187
167057,The New England Conservatory of Music,42.340946,-71.08629
167093,New England College of Optometry,42.351853,-71.086829
167215,New England Law-Boston,42.350833,-71.0665
167260,Nichols College,42.044033,-71.930283
167288,Massachusetts College of Liberal Arts,42.691361,-73.102817
167297,North Bennet Street School,42.36279,-71.05452
167312,North Shore Community College,42.590103,-70.968044
167358,Northeastern University,42.339992,-71.088782
167376,Northern Essex Community College,42.796634,-71.04904
167394,College of Our Lady of the Elms,42.141781,-72.60154
167455,Pine Manor College,42.320827,-71.156464
167464,Pope St John XXIII National Seminary,42.339408,-71.311059
167525,Quincy College,42.252416,-71.003476
167534,Quinsigamond Community College,42.31379,-71.79503
167598,Regis College,42.351291,-71.310561
167631,Roxbury Community College,42.329249,-71.09549
167677,Saint John's Seminary,42.344146,-71.161998
167729,Salem State University,42.503575,-70.890234
167783,Simmons University,42.3393,-71.099967
167792,Bard College at Simon's Rock,42.208803,-73.379201
167835,Smith College,42.318111,-72.638097
167871,Southeastern Technical Institute,42.010312,-71.081227
167899,Springfield College,42.1022,-72.556647
167905,Springfield Technical Community College,42.108827,-72.578514
167987,University of Massachusetts-Dartmouth,41.62869,-71.004552
167996,Stonehill College,42.05905,-71.080632
168005,Suffolk University,42.357945,-71.060917
168032,Rob Roy Academy-Taunton,41.901945,-71.091966
168148,Tufts University,42.40855,-71.118293
168218,Wellesley College,42.291554,-71.306605
168227,Wentworth Institute of Technology,42.336632,-71.094983
168254,Western New England University,42.115017,-72.520466
168263,Westfield State University,42.132698,-72.796503
168281,Wheaton College (Massachusetts),41.966637,-71.183979
168342,Williams College,42.712725,-73.203132
168421,Worcester Polytechnic Institute,42.274853,-71.808339
168430,Worcester State University,42.267526,-71.844018
168528,Adrian College,41.898591,-84.061481
168546,Albion College,42.245049,-84.745639
168555,Hillsdale Beauty College,41.918718,-84.631429
168573,Northwestern Technological Institute,42.4721,-83.238868
168591,Alma College,43.38004,-84.672053
168607,Alpena Community College,45.081647,-83.445069
168740,Andrews University,41.963859,-86.355815
168786,Aquinas College,42.96019,-85.628785
168847,Baker College,42.984804,-84.172404
168883,Bay de Noc Community College,45.772586,-87.085228
168892,Bayshire Academy of Beauty Craft Inc,43.599758,-83.88895
169080,Calvin University,42.929916,-85.587548
169099,Calvin Theological Seminary,42.927951,-85.586439
169187,Carnegie Institute,42.53889,-83.118801
169220,Michigan School of Psychology,42.491427,-83.359575
169248,Central Michigan University,43.591203,-84.77525
169275,Mott Community College,43.019941,-83.67243
169284,Empire Beauty School-Michigan,43.028642,-85.691067
169327,Cleary University,42.586638,-83.879987
169363,Concordia University Ann Arbor,42.273157,-83.68268
169424,Cranbrook Academy of Art,42.568904,-83.250681
169442,College for Creative Studies,42.361839,-83.062352
169479,Davenport University,42.850013,-85.533519
169503,David Pressley School of Cosmetology,42.479729,-83.146008
169521,Delta College,43.559491,-83.985943
169576,Detroit Business Institute-Downriver,42.168682,-83.191212
169655,MIAT College of Technology,42.286324,-83.445507
169716,University of Detroit Mercy,42.414222,-83.139158
169734,Dorsey School of Business-Madison Heights,42.525318,-83.107631
169761,Dorsey College,42.525318,-83.107631
169798,Eastern Michigan University,42.251675,-83.627443
169813,Creative Hair School of Cosmetology,42.980416,-83.757927
169910,Ferris State University,43.687724,-85.481925
169947,Flint Institute of Barbering Inc,43.027339,-83.73911
169974,Glen Oaks Community College,41.892504,-85.496929
169983,Kettering University,43.012468,-83.71282
169992,Gogebic Community College,46.471893,-90.165592
170000,Grace Christian University,42.919541,-85.692077
170037,Cornerstone University,42.979966,-85.595328
170055,Grand Rapids Community College,42.967076,-85.665625
170082,Grand Valley State University,42.963001,-85.889826
170091,Great Lakes Christian College,42.754249,-84.638714
170240,Henry Ford College,42.324639,-83.236056
170286,Hillsdale College,41.933682,-84.633195
170301,Hope College,42.787247,-86.100971
170444,Jackson College,42.16483,-84.403942
170532,Kalamazoo College,42.290789,-85.601857
170541,Kalamazoo Valley Community College,42.225948,-85.682144
170550,Kellogg Community College,42.335638,-85.177329
170587,Kirtland Community College,44.601785,-84.706254
170611,Michigan College of Beauty-Monroe,41.907014,-83.407005
170620,Lake Michigan College,42.097276,-86.393445
170639,Lake Superior State University,46.492849,-84.365573
170657,Lansing Community College,42.738435,-84.55157
170675,Lawrence Technological University,42.474072,-83.25003
170736,M J Murphy Beauty College of Mount Pleasant,43.60429,-84.777927
170790,Macomb Community College,42.50599,-82.972377
170806,Madonna University,42.384323,-83.404722
170967,Rochester University,42.667521,-83.144959
170976,University of Michigan-Ann Arbor,42.275921,-83.742769
171012,The Michigan Barber School,42.365023,-83.128883
171100,Michigan State University,42.73212,-84.476111
171128,Michigan Technological University,47.11866,-88.548092
171137,University of Michigan-Dearborn,42.317287,-83.231417
171146,University of Michigan-Flint,43.01875,-83.690276
171155,Mid Michigan College,43.969586,-84.763715
171225,Monroe County Community College,41.91617,-83.470274
171234,Montcalm Community College,43.253191,-85.100181
171304,Muskegon Community College,43.250329,-86.196384
171395,North Central Michigan College,45.361727,-84.954183
171456,Northern Michigan University,46.559751,-87.406568
171483,Northwestern Michigan College,44.765436,-85.585517
171492,Northwood University,43.628717,-84.27682
171535,Oakland Community College,42.595441,-83.244787
171571,Oakland University,42.674573,-83.216418
171599,Olivet College,42.442891,-84.923891
171775,Port Huron Cosmetology College,42.700677,-83.398624
171881,Kuyper College,43.02195,-85.592657
171988,Ross Medical Education Center-Lansing,42.741855,-84.605807
171997,Ross Medical Education Center-Warren,42.506481,-83.065785
172015,Ross Medical Education Center-Flint,42.986442,-83.751751
172033,Sacred Heart Major Seminary,42.375248,-83.111682
172051,Saginaw Valley State University,43.51176,-83.964273
172200,Schoolcraft College,42.419279,-83.430958
172264,Siena Heights University,41.905624,-84.018841
172291,St Clair County Community College,42.979494,-82.428717
172307,Southwestern Michigan College,41.965095,-86.082715
172325,Specs Howard School of Media Arts,42.483856,-83.259829
172334,Spring Arbor University,42.206568,-84.556074
172422,Michigan Career and Technical Institute,42.504599,-85.517049
172440,Finlandia University,47.127868,-88.588756
172477,Western Michigan University-Thomas M. Cooley Law School,42.731,-84.554429
172495,Twin City Beauty College,42.071099,-86.47655
172608,Walsh College,42.573888,-83.147197
172617,Washtenaw Community College,42.26361,-83.66559
172635,Wayne County Community College District,42.327299,-83.054497
172644,Wayne State University,42.358994,-83.068998
172671,West Shore Community College,44.008512,-86.336122
172680,Paul Mitchell the School-Grand Rapids,42.910707,-85.596605
172699,Western Michigan University,42.282194,-85.613759
172705,Western Theological Seminary,42.786246,-86.10324
172866,Academy College,44.855722,-93.299809
172918,Alexandria Technical & Community College,45.873107,-95.372369
172927,American Indian OIC Inc,44.961993,-93.246155
172954,Anoka Technical College,45.216709,-93.416087
172963,Anoka-Ramsey Community College,45.172978,-93.351697
173045,Augsburg University,44.966307,-93.240436
173063,Riverland Community College,43.676271,-92.995626
173115,Northwest Technical College,47.452652,-94.853974
173124,Bemidji State University,47.482341,-94.874119
173142,Bethany Lutheran College,44.166649,-93.990805
173160,Bethel University,45.057655,-93.161663
173203,Central Lakes College-Brainerd,46.345863,-94.214266
173258,Carleton College,44.462318,-93.154666
173300,Concordia College at Moorhead,46.862482,-96.76749
173328,Concordia University-Saint Paul,44.949759,-93.154861
173416,Dakota County Technical College,44.737255,-93.07805
173452,Martin Luther College,44.30526,-94.472326
173461,Lake Superior College,46.78455,-92.145151
173470,Cosmetology Careers Unlimited College of Hair Skin and Nails,46.785596,-92.100581
173559,Minnesota State Community and Technical College,46.289194,-96.097321
173638,Minnesota West Community and Technical College,44.80755,-95.56172
173647,Gustavus Adolphus College,44.323626,-93.972196
173665,Hamline University,44.966246,-93.164479
173683,Hazelden Betty Ford Graduate School of Addiction Studies,45.375319,-92.805285
173708,Hennepin Technical College,45.096534,-93.397759
173735,Hibbing Community College,47.422361,-92.921698
173744,Aveda Arts & Sciences Institute Minneapolis,44.987863,-93.253713
173799,Inver Hills Community College,44.828599,-93.055255
173805,Itasca Community College,47.241919,-93.49555
173896,Luther Seminary,44.984629,-93.196422
173902,Macalester College,44.938565,-93.168053
173911,South Central College,44.174319,-94.047428
173920,Minnesota State University-Mankato,44.146712,-93.99945
173957,Mayo Clinic College of Medicine and Science,44.02215,-92.466428
173993,Mesabi Range College,47.524561,-92.549092
174020,Metropolitan State University,44.957256,-93.074361
174066,University of Minnesota-Twin Cities,44.972851,-93.235464
174075,University of Minnesota-Crookston,47.802536,-96.606188
174127,Minneapolis College of Art and Design,44.956988,-93.274705
174136,Minneapolis Community and Technical College,44.972679,-93.284507
174154,Herzing University-Minneapolis,44.975225,-93.404863
174190,Minnesota School of Cosmetology-Woodbury Campus,44.924692,-92.973998
174233,University of Minnesota-Duluth,46.817126,-92.084385
174251,University of Minnesota-Morris,45.589775,-95.899729
174321,Model College of Hair Design,45.55773,-94.159447
174358,Minnesota State University Moorhead,46.867153,-96.759532
174376,North Hennepin Community College,45.106937,-93.374536
174428,Normandale Community College,44.829706,-93.331673
174437,North Central University,44.968625,-93.261511
174473,Northland Community and Technical College,48.124969,-96.162366
174491,University of Northwestern-St Paul,45.033703,-93.167822
174507,Northwestern Health Sciences University,44.850963,-93.311222
174525,Oak Hills Christian College,47.425836,-94.901503
174570,Pine Technical & Community College,45.818667,-92.968283
174604,Rainy River Community College,48.590001,-93.431603
174738,Rochester Community and Technical College,44.014488,-92.42321
174747,College of Saint Benedict,45.561792,-94.319888
174756,St Cloud Technical and Community College,45.579065,-94.175841
174783,Saint Cloud State University,45.553227,-94.152657
174792,Saint Johns University,45.580075,-94.393621
174817,Saint Mary's University of Minnesota,44.044736,-91.695449
174844,St Olaf College,44.461529,-93.182039
174862,Crown College,44.885393,-93.743019
174899,The College of Saint Scholastica,46.816082,-92.106134
174914,University of St Thomas,44.943439,-93.188986
174978,Empire Beauty School-Bloomington,44.82746,-93.287367
175005,St Catherine University,44.924926,-93.183761
175014,Rasmussen University-Minnesota,45.548117,-94.206254
175041,Saint Paul College,44.949186,-93.109646
175078,Southwest Minnesota State University,44.45373,-95.759548
175120,Summit Academy Opportunities Industrialization Center,44.983569,-93.292776
175139,United Theological Seminary of the Twin Cities,44.962913,-93.203624
175157,Vermilion Community College,47.905184,-91.837777
175227,Dunwoody College of Technology,44.97281,-93.290608
175236,Ridgewater College,45.138313,-95.07305
175263,Minnesota State College Southeast,44.024554,-91.618318
175272,Winona State University,44.046159,-91.643723
175281,Mitchell Hamline School of Law,44.94202,-93.138224
175315,Century College,45.041823,-92.982105
175342,Alcorn State University,31.877216,-91.142854
175421,Belhaven University,32.318415,-90.169228
175430,Blue Mountain College,34.67209,-89.02924
175494,Chris Beauty College,30.382294,-89.077391
175519,Coahoma Community College,34.254417,-90.568469
175573,Copiah-Lincoln Community College,31.69272,-90.400234
175607,Delta Beauty College,33.398819,-91.036701
175616,Delta State University,33.744745,-90.735365
175643,East Central Community College,32.441164,-89.113706
175652,East Mississippi Community College,32.830246,-88.483516
175698,Fosters Cosmetology College,34.755677,-88.942133
175722,Academy of Hair Design-Grenada,33.775198,-89.825313
175786,Hinds Community College,32.256109,-90.416118
175810,Holmes Community College,32.969985,-89.915803
175829,Itawamba Community College,34.276519,-88.412073
175856,Jackson State University,32.296105,-90.207405
175883,Jones County Junior College,31.596936,-89.200895
175935,Meridian Community College,32.367355,-88.732823
175980,Millsaps College,32.322746,-90.179957
175999,Board of Trustees-Mississippi State Institutions of Higher Learning,32.338859,-90.144689
176008,Mississippi Delta Community College,33.444906,-90.502053
176017,University of Mississippi,34.365529,-89.537434
176035,Mississippi University for Women,33.493305,-88.418601
176044,Mississippi Valley State University,33.514142,-90.341274
176053,Mississippi College,32.335515,-90.329821
176062,Hatfield's Mississippi College of Beauty Culture,31.693316,-89.135405
176071,Mississippi Gulf Coast Community College,30.780784,-89.142952
176080,Mississippi State University,33.454852,-88.790139
176169,Northeast Mississippi Community College,34.668339,-88.562609
176178,Northwest Mississippi Community College,34.625532,-89.969525
176239,Pearl River Community College,30.844322,-89.543052
176318,Rust College,34.776862,-89.446999
176336,Southeastern Baptist College,31.748512,-89.149373
176354,Southwest Mississippi Community College,31.295121,-90.443295
176372,University of Southern Mississippi,31.32661,-89.331236
176390,Magnolia College of Cosmetology,32.359614,-90.151826
176406,Tougaloo College,32.403014,-90.16076
176433,Vaughn Beauty College,33.82442,-88.541839
176451,Wesley Biblical Seminary,32.400142,-90.111379
176479,William Carey University,31.305264,-89.291815
176600,Aquinas Institute of Theology,38.634329,-90.237795
176628,Avila University,38.91339,-94.591758
176664,Baptist Bible College,37.239696,-93.284286
176716,House of Heavilin Beauty College-Blue Springs,38.997932,-94.272412
176770,Cox College,37.225116,-93.290233
176789,Calvary University,38.839578,-94.547927
176798,Cape Girardeau Career and Technology Center,37.274001,-89.565366
176910,Central Christian College of the Bible,39.395963,-92.427259
176947,Central Methodist University-College of Liberal Arts and Sciences,39.150497,-92.685253
176965,University of Central Missouri,38.759111,-93.737428
176983,Grand River Technical School,39.798864,-93.559669
177038,Cleveland University-Kansas City,38.932019,-94.679076
177065,Columbia College,38.957388,-92.326354
177083,Conception Seminary College,40.24044,-94.682831
177092,Concordia Seminary,38.637181,-90.311324
177117,Cottey College,37.836127,-94.371311
177126,Covenant Theological Seminary,38.643066,-90.451323
177135,Crowder College,36.814906,-94.368315
177144,Culver-Stockton College,40.128993,-91.529374
177214,Drury University,37.219681,-93.286192
177250,East Central College,38.431845,-90.97809
177278,Eden Theological Seminary,38.592307,-90.345605
177302,Pinnacle Career Institute,39.301096,-94.684653
177339,Evangel University,37.220956,-93.262614
177418,Fontbonne University,38.642697,-90.315712
177436,Four Rivers Career Center,38.547707,-91.020914
177472,Ozarks Technical Community College,37.216479,-93.279985
177542,Hannibal-LaGrange University,39.729015,-91.39094
177551,Harris-Stowe State University,38.631744,-90.224288
177588,House of Heavilin Beauty College-Kansas City,39.022905,-94.574262
177603,Summit Salon Academy Kansas City,39.079093,-94.426462
177676,Jefferson College,38.259889,-90.558954
177685,Paul Mitchell the School-Missouri Columbia,38.967204,-92.375761
177719,Barnes-Jewish College Goldfarb School of Nursing,38.637165,-90.258772
177746,Kansas City Art Institute,39.046353,-94.583594
177816,Kenrick Glennon Seminary,38.584608,-90.324024
177834,A T Still University of Health Sciences,40.193648,-92.589183
177870,Lake Career and Technical Center,38.005502,-92.732943
177931,Lex La-Ray Technical Center,39.173683,-93.865563
177940,Lincoln University,38.564431,-92.166724
177968,Lindenwood University,38.785425,-90.501286
177977,State Technical College of Missouri,38.467699,-91.814259
177986,Logan University,38.63133,-90.542333
177995,Metropolitan Community College-Kansas City,39.068668,-94.58966
178004,Lutheran School of Nursing,38.590249,-90.226539
178059,Maryville University of Saint Louis,38.644774,-90.505998
178077,Missouri College of Cosmetology and Esthetics,38.571057,-92.198801
178183,Midwest Institute,38.544447,-90.436174
178208,Midwestern Baptist Theological Seminary,39.185691,-94.573185
178217,Mineral Area College,37.845199,-90.481847
178244,Missouri Baptist University,38.641526,-90.462586
178341,Missouri Southern State University,37.095155,-94.461689
178369,Missouri Valley College,39.108522,-93.190654
178387,Missouri Western State University,39.7575,-94.785643
178396,University of Missouri-Columbia,38.94531,-92.328843
178402,University of Missouri-Kansas City,39.034179,-94.582141
178411,Missouri University of Science and Technology,37.953426,-91.775583
178420,University of Missouri-St Louis,38.710312,-90.311091
178439,University of Missouri-System Office,38.94531,-92.328843
178448,Moberly Area Community College,39.418607,-92.455064
178518,Nazarene Theological Seminary,39.009265,-94.565781
178527,Neosho Beauty College,36.870562,-94.368636
178615,Truman State University,40.188267,-92.581658
178624,Northwest Missouri State University,40.351692,-94.883339
178679,Ozark Christian College,37.103172,-94.510622
178697,College of the Ozarks,36.616019,-93.238174
178721,Park University,39.189256,-94.679041
178767,Stevens-The Institute of Business & Arts,38.632917,-90.201157
178828,Poplar Bluff Technical Career Center,36.793776,-90.450477
178891,Ranken Technical College,38.653303,-90.248465
178989,Research College of Nursing,39.006611,-94.556762
179043,Rockhurst University,39.032318,-94.573003
179052,Rolla Technical Institute/Center,37.947448,-91.748741
179159,Saint Louis University,38.636801,-90.2351
179195,Salem College of Hairstyling,37.944067,-91.785219
179229,American College of Hair Design Inc,38.711715,-93.269026
179256,Saint Louis Christian College,38.775771,-90.294569
179265,University of Health Sciences and Pharmacy in St. Louis,38.636904,-90.260617
179308,Saint Louis Community College,38.745678,-90.437078
179317,Saint Paul School of Theology,38.880458,-94.641277
179326,Southwest Baptist University,37.602425,-93.407056
179344,Missouri State University-West Plains,36.729574,-91.857838
179511,St Louis College of Health Careers-St Louis,38.63155,-90.26194
179539,State Fair Community College,38.696423,-93.268028
179548,Stephens College,38.95204,-92.319204
179557,Southeast Missouri State University,37.311107,-89.531187
179566,Missouri State University-Springfield,37.199258,-93.281281
179645,Three Rivers College,36.776571,-90.429769
179715,North Central Missouri College,40.078096,-93.617353
179812,Kansas City University,39.107553,-94.561374
179867,Washington University in St Louis,38.647929,-90.310604
179894,Webster University,38.588875,-90.345151
179946,Westminster College,38.849354,-91.955273
179955,William Jewell College,39.247844,-94.413126
179964,William Woods University,38.860287,-91.950416
179991,Academy of Cosmetology Inc,45.680544,-111.039848
180054,Blackfeet Community College,48.551927,-113.009387
180063,Butte Academy of Beauty Culture,46.01274,-112.540982
180081,Highlands College of Montana Tech,45.938145,-112.509365
180090,Crevier's Academy of Cosmetology Arts,48.201201,-114.319109
180106,Carroll College,46.600771,-112.040285
180151,Dawson Community College,47.085396,-104.725485
180160,Chief Dull Knife College,45.625568,-106.664593
180179,Montana State University Billings,45.796896,-108.523009
180197,Flathead Valley Community College,48.227389,-114.327258
180203,Aaniiih Nakoda College,48.484196,-108.757816
180212,Fort Peck Community College,48.113569,-105.193021
180249,Great Falls College Montana State University,47.485581,-111.269558
180258,University of Providence,47.490713,-111.270604
180276,Helena College University of Montana,46.595384,-112.016035
180328,Little Big Horn College,45.603781,-107.455421
180373,Miles Community College,46.40526,-105.826524
180416,Montana Technological University,46.012868,-112.559511
180461,Montana State University,45.666726,-111.048812
180489,The University of Montana,46.859312,-113.982912
180522,Montana State University-Northern,48.54149,-109.687806
180595,Rocky Mountain College,45.796522,-108.554075
180647,Salish Kootenai College,47.598592,-114.111635
180692,The University of Montana-Western,45.208306,-112.639264
180717,Yellowstone Christian College,45.742342,-108.616865
180814,Bellevue University,41.150225,-95.91764
180832,Clarkson College,41.259165,-95.974847
180878,Bryan College of Health Sciences,40.796768,-96.651532
180902,Central Community College,40.889582,-98.372549
180948,Chadron State College,42.8199,-103.001615
180957,College of Hair Design-Downtown,40.811084,-96.705169
180984,Concordia University-Nebraska,40.914853,-97.089054
181002,Creighton University,41.265361,-95.947811
181020,Doane University,40.622952,-96.950932
181127,Hastings College,40.59025,-98.374403
181145,CHI Health School of Radiologic Technology,41.32206,-96.020431
181190,Joseph's College Cosmetology,40.815284,-96.626464
181215,University of Nebraska at Kearney,40.701452,-99.098699
181297,Nebraska Methodist College of Nursing & Allied Health,41.265973,-96.048511
181303,Metropolitan Community College Area,41.310451,-95.957829
181312,Mid-Plains Community College,41.110429,-100.748417
181330,Midland University,41.43674,-96.488008
181394,University of Nebraska at Omaha,41.258769,-96.008516
181419,Nebraska Indian Community College,42.11677,-96.35176
181428,University of Nebraska Medical Center,41.256312,-95.973966
181446,Nebraska Wesleyan University,40.839098,-96.64831
181464,University of Nebraska-Lincoln,40.817598,-96.700508
181491,Northeast Community College,42.048647,-97.396578
181534,Peru State College,40.474689,-95.732731
181543,Summit Christian College,41.829274,-103.675715
181604,College of Saint Mary,41.240028,-96.021425
181640,Southeast Community College Area,40.81079,-96.62818
181738,Union College,40.774778,-96.651095
181747,University of Nebraska-Central Administration System Office,40.827494,-96.665203
181765,Nebraska College of Technical Agriculture,40.635454,-100.510409
181783,Wayne State College,42.241556,-97.015122
181817,Western Nebraska Community College,41.875705,-103.64249
181853,York College,40.869526,-97.579352
181880,Academy of Hair Design-Las Vegas,36.15846,-115.210473
181941,Career College of Northern Nevada,39.540865,-119.719415
182005,College of Southern Nevada,36.158114,-115.233099
182148,Las Vegas College,36.067688,-115.275386
182281,University of Nevada-Las Vegas,36.106047,-115.138462
182290,University of Nevada-Reno,39.543642,-119.815377
182306,Great Basin College,40.84343,-115.767274
182458,Sierra Nevada University,39.244278,-119.939125
182500,Truckee Meadows Community College,39.571402,-119.796975
182519,Nevada System of Higher Education-System Office,39.551272,-119.812301
182564,Western Nevada College,39.186158,-119.79036
182634,Colby-Sawyer College,43.411663,-71.975805
182652,Continental Academie of Hair Design-Hudson,42.7768,-71.44515
182670,Dartmouth College,43.704115,-72.289949
182704,Empire Beauty School-Laconia,43.527157,-71.469612
182722,Empire Beauty School-Somersworth,43.23004,-70.881563
182795,Franklin Pierce University,42.78014,-72.058011
182829,University of New Hampshire-Franklin Pierce School of Law,43.207371,-71.545152
182892,Keene Beauty Academy,42.948977,-72.321097
182917,Magdalen College,43.314908,-71.834444
182953,Michael's School of Hair Design & Esthetics,42.957837,-71.476135
182980,New England College,43.176403,-71.822282
182999,New England School of Hair Design,43.627356,-72.321429
183026,Southern New Hampshire University,43.038922,-71.451842
183035,New Hampshire Institute for Therapeutic Arts,42.764338,-71.448163
183044,University of New Hampshire-Main Campus,43.135934,-70.932465
183062,Keene State College,42.926452,-72.279276
183071,University of New Hampshire at Manchester,42.987209,-71.468755
183080,Plymouth State University,43.759573,-71.690164
183099,NHTI-Concord's Community College,43.223621,-71.531979
183105,White Mountains Community College,44.503494,-71.158535
183114,River Valley Community College,43.399046,-72.333114
183123,Lakes Region Community College,43.507568,-71.462602
183132,Manchester Community College,43.019823,-71.483534
183141,Nashua Community College,42.794576,-71.523462
183150,Great Bay Community College,43.072093,-70.798969
183202,Paul Mitchell the School-Portsmouth,43.075732,-70.760159
183211,Rivier University,42.738676,-71.45626
183239,Saint Anselm College,42.986889,-71.503622
183248,St Joseph School of Nursing,42.750142,-71.478401
183257,Granite State College,43.19291,-71.527241
183275,Thomas More College of Liberal Arts,42.80683,-71.48437
183327,University System of New Hampshire System Office,43.212833,-71.494937
183488,Eastwick College-Hackensack,40.885847,-74.040491
183600,Assumption College for Sisters,40.905857,-74.490693
183655,Atlantic Cape Community College,39.462081,-74.680019
183725,Fortis Institute-Wayne,40.885499,-74.255794
183743,Bergen Community College,40.951782,-74.088804
183789,Berkeley College-Woodland Park,40.898587,-74.189483
183804,Beth Medrash Govoha,40.095672,-74.221328
183822,Bloomfield College,40.795105,-74.194309
183859,Brookdale Community College,40.324906,-74.132746
183877,Rowan College at Burlington County,39.972205,-74.894464
183910,Caldwell University,40.832753,-74.272571
183938,Camden County College,39.784874,-75.038381
183974,Centenary University,40.84764,-74.833644
183983,Adult and Continuing Education-BCTS,40.900877,-74.035045
184056,Lincoln Technical Institute-Iselin,40.55934,-74.309058
184092,American Institute-Clifton,40.873516,-74.130158
184180,County College of Morris,40.859141,-74.579873
184205,Rowan College South Jersey Cumberland Campus,39.440537,-75.057829
184278,Divers Academy International,39.747926,-75.000877
184348,Drew University,40.761829,-74.424584
184427,Lincoln Technical Institute-South Plainfield,40.551078,-74.420989
184481,Essex County College,40.738444,-74.178234
184506,Empire Beauty School-Union,40.684576,-74.238364
184603,Fairleigh Dickinson University-Metropolitan Campus,40.897209,-74.028986
184612,Felician University,40.867272,-74.096452
184694,Fairleigh Dickinson University-Florham Campus,40.774498,-74.432121
184746,Hohokus School of Trade and Technical Sciences,40.909377,-74.152581
184773,Georgian Court University,40.099617,-74.228186
184782,Rowan University,39.709108,-75.119119
184791,Rowan College of South Jersey Gloucester Campus,39.781339,-75.121269
184816,Empire Beauty School-Cherry Hill,39.941469,-75.017823
184959,Eastwick College-Ramsey,41.057866,-74.131486
184968,Holy Name Medical Center-Sister Claire Tynan School of Nursing,40.874956,-73.948887
184995,Hudson County Community College,40.7303,-74.062903
185129,New Jersey City University,40.709937,-74.08727
185174,Joe Kubert School of Cartoon and Graphic Art,40.887315,-74.552663
185262,Kean University,40.677981,-74.233503
185396,Lincoln Technical Institute-Union,40.706359,-74.274929
185466,Rizzieri Aveda School for Beauty and Wellness,39.851767,-74.999788
185509,Mercer County Community College,40.254398,-74.650719
185536,Middlesex College,40.504728,-74.366544
185572,Monmouth University,40.280066,-74.006447
185590,Montclair State University,40.860414,-74.198141
185679,JFK Muhlenberg Harold B. and Dorothy A. Snyder Schools,40.605982,-74.404293
185721,Eastwick College-Nutley,40.810742,-74.144192
185758,New Brunswick Theological Seminary,40.501314,-74.449368
185767,Robert Fiance Beauty Schools-West New York,40.786079,-74.018286
185828,New Jersey Institute of Technology,40.741997,-74.177113
185873,Ocean County College,40.007809,-74.16549
185970,P B Cosmetology Education Center,39.898805,-75.126308
186016,Parisian Beauty School,40.889745,-74.041163
186034,Passaic County Community College,40.918449,-74.168778
186052,Pennco Tech-Blackwood,39.807941,-75.061659
186122,Princeton Theological Seminary,40.345849,-74.66645
186131,Princeton University,40.348732,-74.659365
186186,Rabbinical College of America,40.805705,-74.49878
186201,Ramapo College of New Jersey,41.080942,-74.174086
186274,Robert Fiance Beauty Schools,26.513629,-80.060233
186283,Rider University,40.278796,-74.737833
186371,Rutgers University-Camden,39.948064,-75.12224
186380,Rutgers University-New Brunswick,40.498769,-74.446251
186399,Rutgers University-Newark,40.739122,-74.175809
186405,St Francis Medical Center-School of Radiologic Technology,40.216592,-74.741869
186423,Saint Francis Medical Center School of Nursing,40.216523,-74.74186
186432,Saint Peter's University,40.727105,-74.071541
186469,Salem Community College,39.698756,-75.47013
186584,Seton Hall University,40.742336,-74.246027
186593,Shore Beauty School,39.433238,-74.613498
186618,Saint Elizabeth University,40.78182,-74.438221
186645,Raritan Valley Community College,40.609681,-74.688127
186867,Stevens Institute of Technology,40.744776,-74.025334
186876,Stockton University,39.492036,-74.531087
186900,Talmudical Academy-New Jersey,40.217456,-74.250167
187000,Aviation Institute of Maintenance-Teterboro,40.841265,-74.071874
187046,Thomas Edison State University,40.220487,-74.768562
187134,The College of New Jersey,40.268651,-74.778791
187198,Union County College,40.668595,-74.319138
187444,William Paterson University of New Jersey,40.945255,-74.200248
187505,Olympian Academy of Cosmetology,32.900199,-105.949398
187532,Central New Mexico Community College,35.071878,-106.628861
187596,Navajo Technical University,35.687431,-108.149392
187620,New Mexico State University-Dona Ana,32.354486,-106.737172
187639,Clovis Community College,34.402483,-103.165886
187648,Eastern New Mexico University-Main Campus,34.175592,-103.34819
187666,Eastern New Mexico University-Roswell Campus,33.313167,-104.525718
187745,Institute of American Indian and Alaska Native Culture and Arts Development,35.586563,-106.010015
187897,New Mexico Highlands University,35.596233,-105.219197
187903,New Mexico Junior College,32.757808,-103.182896
187912,New Mexico Military Institute,33.409617,-104.524448
187958,University of New Mexico-Gallup Campus,35.502662,-108.72725199999999
187967,New Mexico Institute of Mining and Technology,34.067041,-106.905211
187976,University of New Mexico-Los Alamos Campus,35.886153,-106.319557
187985,University of New Mexico-Main Campus,35.083868,-106.620155
187994,New Mexico State University-Alamogordo,32.92033,-105.926241
188003,Southeast New Mexico College,32.442028,-104.265536
188021,New Mexico State University-Grants,35.165965,-107.843638
188030,New Mexico State University-Main Campus,32.281568,-106.752069
188049,University of New Mexico-Valencia County Campus,34.728683,-106.705371
188058,Northern New Mexico College,36.004073,-106.084395
188100,San Juan College,36.770446,-108.169468
188137,Santa Fe Community College,35.605871,-105.998054
188182,University of the Southwest,32.775496,-103.186948
188207,Southwestern College,35.636241,-106.052585
188216,Southwestern Indian Polytechnic Institute,35.176084,-106.664475
188225,University of New Mexico-Taos Campus,36.348861,-105.651709
188261,Mesalands Community College,35.170332,-103.736303
188289,Vogue College of Cosmetology-Santa Fe,35.659082,-105.981816
188304,Western New Mexico University,32.7767,-108.283284
188340,Vaughn College of Aeronautics and Technology,40.768348,-73.881721
188429,Adelphi University,40.721439,-73.653321
188438,SUNY Adirondack,43.351839,-73.654813
188517,Bryant & Stratton College-Albany,42.698125,-73.809977
188526,Albany College of Pharmacy and Health Sciences,42.650371,-73.779063
188535,Albany Law School,42.651818,-73.777495
188580,Albany Medical College,42.65382,-73.777289
188641,Alfred University,42.254476,-77.788106
188650,Allen School-Brooklyn,40.693797000000004,-73.991546
188669,The Ailey School,40.766921,-73.986891
188678,American Academy of Dramatic Arts-New York,40.745545,-73.984843
188687,American Academy McAllister Institute of Funeral Service,40.757105,-73.986466
188696,Joffrey Ballet School,40.734545,-73.998566
188854,American Musical and Dramatic Academy,40.772275,-73.987549
188890,Apex Technical School,40.75043,-73.941511
188915,Arnot Ogden Medical Center,42.101171,-76.828062
188942,Associated Beth Rivkah Schools,40.665544,-73.950704
189015,Bank Street College of Education,40.805604,-73.966643
189088,Bard College,42.020386,-73.909927
189097,Barnard College,40.810098000000004,-73.963346
189219,Berk Trade and Business School,40.745021,-73.930982
189228,Berkeley College-New York,40.753986,-73.979458
189255,Berkowits School of Electrolysis,40.709736,-73.845213
189273,Beth Hamedrash Shaarei Yosher Institute,40.635444,-73.981202
189282,Phillips School of Nursing at Mount Sinai Beth Israel,40.804778,-73.936639
189404,Brittany Beauty Academy,40.62318,-74.028581
189413,Boricua College,40.833434,-73.9458
189468,Brittany Beauty Academy,40.72479,-73.516164
189477,American Beauty School,40.835331,-73.860639
189501,Brooklyn Law School,40.691836,-73.989623
189547,SUNY Broome Community College,42.135872,-75.908065
189565,Bryant & Stratton College-Syracuse North,43.149337,-76.230807
189583,Bryant & Stratton College-Buffalo,42.887197,-78.869108
189592,Bryant & Stratton College-Greece,43.240547,-77.69559
189705,Canisius College,42.925206,-78.852577
189714,Capri Cosmetology Learning Centers,41.09909,-74.022421
189811,St Paul's School of Nursing-Queens,40.72921,-73.858441
189839,Cayuga County Community College,42.943726,-76.542867
189848,Cazenovia College,42.932489,-75.854882
189857,Central Yeshiva Tomchei Tmimim Lubavitz,40.669694,-73.938778
189981,Christ the King Seminary,42.77089,-78.660311
189990,"Christine Valmy International School for Esthetics, Skin Care & Makeup",40.757105,-73.986466
190008,Circle in the Square Theatre School,40.762059,-73.984607
190035,CUNY System Office,40.750845,-73.973639
190044,Clarkson University,44.662716,-74.999359
190053,Clinton Community College,44.64841,-73.439739
190071,Cochran School of Nursing,40.969116,-73.885705
190080,Colgate Rochester Crozer Divinity School,43.159775,-77.584292
190099,Colgate University,42.819475,-75.536346
190114,Metropolitan College of New York,40.708706,-74.014702
190150,Columbia University in the City of New York,40.808286,-73.961885
190169,Columbia-Greene Community College,42.217613,-73.818113
190239,Empire Beauty School-Queens,40.759259,-73.919033
190248,Concordia College,40.943382,-73.82202
190318,Continental School of Beauty Culture-Rochester,43.086397,-77.626383
190372,Cooper Union for the Advancement of Science and Art,40.728148,-73.991609
190415,Cornell University,42.4472,-76.483084
190424,Weill Medical College of Cornell University,40.764738,-73.954839
190442,SUNY Corning Community College,42.116736,-77.072138
190451,Pomeroy College of Nursing at Crouse Hospital,43.040018,-76.137558
190503,Culinary Institute of America,41.745806,-73.933231
190512,CUNY Bernard M Baruch College,40.740238,-73.983417
190521,CUNY Borough of Manhattan Community College,40.71879,-74.011826
190530,CUNY Bronx Community College,40.858112,-73.912043
190549,CUNY Brooklyn College,40.631517,-73.949898
190558,College of Staten Island CUNY,40.601831,-74.14849
190567,CUNY City College,40.819846,-73.948542
190576,CUNY Graduate School and University Center,40.748612,-73.983822
190585,CUNY Hostos Community College,40.81812,-73.926759
190594,CUNY Hunter College,40.768669,-73.964795
190600,CUNY John Jay College of Criminal Justice,40.770351,-73.98841
190619,CUNY Kingsborough Community College,40.577222,-73.935812
190628,CUNY LaGuardia Community College,40.7445,-73.935057
190637,CUNY Lehman College,40.872962,-73.895379
190646,CUNY Medgar Evers College,40.666256,-73.957076
190655,CUNY New York City College of Technology,40.695483,-73.987856
190664,CUNY Queens College,40.735182,-73.816098
190673,CUNY Queensborough Community College,40.755481,-73.756656
190682,CUNY School of Law,40.747797,-73.943621
190691,CUNY York College,40.701576,-73.796313
190707,CVPH Medical Center School of Radiologic Technology,44.699929,-73.469597
190716,D'Youville College,42.902636,-78.890868
190725,Daemen University,42.965605,-78.788111
190752,Yeshiva of Far Rockaway Derech Ayson Rabbinical Seminary,40.60049,-73.743901
190761,Dominican College of Blauvelt,41.047419,-73.950555
190840,Dutchess Community College,41.724245,-73.904652
190956,Belanger School of Nursing,42.802979,-73.915884
190974,Elmira Business Institute,42.096965,-75.97495
190983,Elmira College,42.0961,-76.813459
191083,Erie Community College,42.881771,-78.872679
191126,Fashion Institute of Technology,40.74731,-73.994781
191199,Finger Lakes Community College,42.867556,-77.241801
191205,Five Towns College,40.794506,-73.369348
191241,Fordham University,40.859354,-73.882705
191287,The International Culinary Center,40.720817,-74.00009
191302,Fulton-Montgomery Community College,42.983805,-74.297492
191311,Gemological Institute of America-New York,40.757267,-73.980813
191320,The General Theological Seminary,40.745563,-74.00378
191339,Genesee Community College,43.016584,-78.137586
191515,Hamilton College,43.050245,-75.408195
191533,Hartwick College,42.457599,-75.071994
191597,Helene Fuld College of Nursing,40.802495,-73.943356
191612,Herkimer County Community College,43.032738,-75.007206
191621,Hilbert College,42.75464,-78.820257
191630,Hobart William Smith Colleges,42.858131,-76.985516
191649,Hofstra University,40.715959,-73.60078
191676,Houghton College,42.426137,-78.155426
191719,Hudson Valley Community College,42.696509,-73.683734
191728,Hunter Business School,40.728029,-73.501125
191931,Iona College,40.925725,-73.788046
191940,Isabella Graham Hart School of Practical Nursing,43.196863,-77.583321
191959,Island Drafting and Technical Institute,40.6756,-73.416761
191968,Ithaca College,42.422154,-76.494136
191986,Jamestown Community College,42.1146,-79.218967
192004,Jamestown Business College,42.095452,-79.249601
192022,Jefferson Community College,43.992827,-75.935051
192040,Jewish Theological Seminary of America,40.811892,-73.960582
192110,The Juilliard School,40.773725,-73.982913
192165,Kehilath Yakov Rabbinical Seminary,41.220521,-73.814887
192192,Keuka College,42.615253,-77.090562
192271,LIM College,40.759865,-73.975054
192323,Le Moyne College,43.049192,-76.090435
192448,Long Island University,40.820714,-73.593678
192484,Long Island Beauty School-Hempstead,40.707701,-73.629666
192509,Long Island Business Institute,40.760109,-73.829457
192624,Machzikei Hadath Rabbinical College,40.627937,-73.988378
192688,Mandl School-The College of Allied Health,40.764404,-73.983786
192703,Manhattan College,40.889756,-73.901893
192712,Manhattan School of Music,40.812312,-73.961334
192749,Manhattanville College,41.032187,-73.715645
192785,Maria College of Albany,42.657789,-73.806287
192800,Marion S Whelan School of Nursing of Geneva General Hospital,42.87766,-76.988902
192819,Marist College,41.720937,-73.935484
192864,Marymount Manhattan College,40.768787,-73.959767
192925,Medaille College,42.92856,-78.855941
192961,St. Peter's Hospital College of Nursing,42.658346,-73.807616
192970,Memorial Hospital School of Radiation Therapy Technology,40.764128,-73.956143
193016,Mercy College,41.021626,-73.874447
193052,Mesivta Torah Vodaath Rabbinical Seminary,40.6382,-73.969395
193061,Mesivta of Eastern Parkway-Yeshiva Zichron Meilech,40.635236,-73.979327
193070,Mesivtha Tifereth Jerusalem of America,40.713812,-73.991271
193122,Southern Westchester BOCES-Practical Nursing Program,40.973637,-73.74167
193186,Midway Paris Beauty School,40.699588,-73.909144
193201,Mildred Elley School-Albany Campus,42.680833,-73.788615
193247,Mirrer Yeshiva Cent Institute,40.605043,-73.966049
193265,Modern Welding School,42.779193,-73.903157
193283,Mohawk Valley Community College,43.076765,-75.219367
193292,Molloy College,40.685941,-73.626183
193308,Monroe College,40.864459,-73.900215
193326,Monroe Community College,43.101036,-77.610136
193353,Mount Saint Mary College,41.513872,-74.012655
193380,Montefiore School of Nursing,40.912133,-73.840582
193399,College of Mount Saint Vincent,40.913657,-73.908886999999993
193405,Icahn School of Medicine at Mount Sinai,40.790359,-73.952414
193478,Nassau Community College,40.728872,-73.595286
193584,Nazareth College,43.101576,-77.518579
193609,Neighborhood Playhouse School of the Theater,40.756613,-73.965332
193654,The New School,40.735508,-73.997114
193672,The New School Center for Media,42.720596,-73.809816
193751,Northeast College of Health Sciences,42.91173,-76.756232
193821,New York Law School,40.717998,-74.006969
193830,New York Medical College,41.085031,-73.810042
193858,New York School for Medical and Dental Assistants,40.744291,-73.931391
193894,New York Theological Seminary,40.810869,-73.963793
193900,New York University,40.729452,-73.997264
193946,Niagara County Community College,43.147701,-78.87579
193973,Niagara University,43.137279,-79.036689
193991,Empire Beauty School-Peekskill,41.291484,-73.918806
194028,North Country Community College,44.318645,-74.119981
194073,New York College of Podiatric Medicine,40.805037,-73.940496
194091,New York Institute of Technology,40.812447,-73.6078
194116,New York School of Interior Design,40.768615,-73.962404
194161,Nyack College,40.705798,-74.015605
194189,Ohr Hameir Theological Seminary,41.268725,-73.889793
194222,Onondaga Community College,43.006329,-76.197878
194240,Orange County Community College,41.438629,-74.426028
194259,Otsego Area BOCES-Practical Nursing Program,42.58915,-74.922225
194310,Pace University,40.711014,-74.004719
194392,Paul Smiths College of Arts and Science,44.433965,-74.252675
194435,Continental School of Beauty Culture-West Seneca,42.828416,-78.754584
194499,Plaza College,40.714894,-73.831155999999993
194569,Davis College,42.10601,-75.967044
194578,Pratt Institute-Main,40.691297,-73.96431
194657,Rabbinical Academy Mesivta Rabbi Chaim Berlin,40.618467,-73.963702
194666,Rabbinical College Bobover Yeshiva Bnei Zion,40.631954,-73.985026
194693,Rabbinical College Beth Shraga,41.114116,-74.07258
194718,Rabbinical Seminary Mkor Chaim,40.04695,-74.214566
194736,Rabbinical College of Long Island,40.586427,-73.670238
194763,Rabbinical Seminary of America,40.72308,-73.817161
194824,Rensselaer Polytechnic Institute,42.729978,-73.676646
194958,Roberts Wesleyan College,43.125755,-77.798498
195003,Rochester Institute of Technology,43.084188,-77.67386
195030,University of Rochester,43.126397,-77.631202
195049,Rockefeller University,40.762489,-73.955198
195058,Rockland Community College,41.133929,-74.085969
195067,Empire Beauty School-Manhattan,40.748938,-73.986453
195128,Russell Sage College,42.72822,-73.693711
195155,St Bernard's School of Theology and Ministry,43.102185,-77.526326
195164,St Bonaventure University,42.080191,-78.481107
195173,St. Francis College,40.693228,-73.992164
195191,St. Joseph's College of Nursing,43.055355,-76.148355
195216,St Lawrence University,44.589879,-75.161343
195234,The College of Saint Rose,42.664297,-73.786661
195243,St. Thomas Aquinas College,41.041576,-73.936799
195289,Samaritan Hospital School of Nursing,42.742861,-73.676151
195304,Sarah Lawrence College,40.9355,-73.843727
195322,Schenectady County Community College,42.814412,-73.950008
195438,Sh'or Yoshuv Rabbinical College,40.605227,-73.740085
195474,Siena College,42.717602,-73.7526
195526,Skidmore College,43.097035,-73.785335
195544,St. Joseph's University-New York,40.690418,-73.967664
195580,Saint Vladimirs Orthodox Theological Seminary,40.969393,-73.824358
195702,Saint Elizabeth College of Nursing,43.082768,-75.267857
195720,Saint John Fisher College,43.116259,-77.513056
195784,St Paul's School of Nursing-Staten Island,40.605584,-74.179757
195809,St. John's University-New York,40.722523,-73.796104
195827,SUNY-System Office,42.648047,-73.749494
195988,Sullivan County Community College,41.7641,-74.667769
196006,SUNY College of Technology at Alfred,42.255262,-77.794631999999993
196015,SUNY College of Technology at Canton,44.604096,-75.182906
196024,SUNY College of Technology at Delhi,42.269859,-74.924612
196033,SUNY College of Agriculture and Technology at Cobleskill,42.672534,-74.498258
196042,Farmingdale State College,40.754224,-73.42832
196051,SUNY Morrisville,42.893962,-75.640583
196060,SUNY at Albany,42.685489,-73.824662
196079,Binghamton University,42.087868,-75.966889
196088,University at Buffalo,43.000942,-78.789458
196097,Stony Brook University,40.91476,-73.12046
196103,SUNY College of Environmental Science and Forestry,43.034765,-76.138724
196112,SUNY Polytechnic Institute,43.137701,-75.229841
196121,SUNY Brockport,43.211926,-77.947188
196130,SUNY Buffalo State,42.933832,-78.882125
196149,SUNY Cortland,42.598022,-76.188655
196158,SUNY at Fredonia,42.452236,-79.337375
196167,SUNY College at Geneseo,42.796645,-77.821894
196176,State University of New York at New Paltz,41.740936,-74.082188
196185,SUNY Oneonta,42.468861,-75.063632
196194,SUNY College at Oswego,43.454287,-76.540798
196200,SUNY College at Potsdam,44.662148,-74.973815
196219,SUNY at Purchase College,41.047223,-73.701955
196228,SUNY College of Optometry,40.754465,-73.982236
196237,SUNY College at Old Westbury,40.799021,-73.571907
196246,SUNY College at Plattsburgh,44.69293,-73.466536
196255,SUNY Downstate Health Sciences University,40.653855,-73.945535
196264,SUNY Empire State College,43.077283,-73.782484
196291,SUNY Maritime College,40.807217,-73.795309
196307,Upstate Medical University,43.041819,-76.140009
196389,Swedish Institute a College of Health Sciences,40.746384,-73.99567
196413,Syracuse University,43.040176,-76.136975
196431,Talmudical Seminary Oholei Torah,40.670089,-73.945759
196440,Talmudical Institute of Upstate New York,43.147062,-77.574943
196468,Teachers College at Columbia University,40.810216,-73.960194
196565,Tompkins Cortland Community College,42.502006,-76.287586
196583,Torah Temimah Talmudical Seminary,40.557785,-74.168769
196592,Touro College,40.757267,-73.980813
196653,Trocaire College,42.846693,-78.812398
196680,Excelsior College,42.705487,-73.862981
196699,Ulster County Community College,41.851218,-74.128698
196866,Union College,42.818097,-73.928788
196884,Union Theological Seminary in the City of New York,40.811823,-73.961549
197018,United Talmudical Seminary,40.705687,-73.959113
197027,United States Merchant Marine Academy,40.81357,-73.763004
197036,United States Military Academy,41.390479,-73.956603
197045,Utica University,43.096213,-75.272916
197133,Vassar College,41.686895,-73.895088
197142,Villa Maria College,42.91223,-78.796823
197151,School of Visual Arts,40.738809,-73.982359
197197,Wagner College,40.615588,-74.092913
197221,Webb Institute,40.884444,-73.644909
197230,Wells College,42.742943,-76.696028
197285,The College of Westchester,41.033687,-73.784404
197294,SUNY Westchester Community College,41.068458,-73.789669
197337,Westchester School of Beauty Culture,40.912476,-73.837751
197531,Word of Life Bible Institute,43.730713,-73.812057
197601,Yeshiva Karlin Stolin,40.624918,-73.983373
197647,Yeshiva Derech Chaim,40.636889,-73.979757
197674,Yeshiva of Nitra Rabbinical College,41.353674,-74.255911
197692,Yeshiva Shaar Hatorah,40.703795,-73.834252
197708,Yeshiva University,40.850605,-73.929873
197735,Yeshivath Viznitz,41.114682,-74.070243
197744,Yeshivath Zichron Moshe,41.73048,-74.621823
197814,College of the Albemarle,36.324885,-76.219765
197850,South Piedmont Community College,35.000312,-80.211087
197869,Appalachian State University,36.215536,-81.680583
197887,Asheville-Buncombe Technical Community College,35.570439,-82.554826
197911,Barton College,35.734376,-77.913867
197966,Beaufort County Community College,35.533587,-76.96535
197984,Belmont Abbey College,35.260651,-81.041315
197993,Bennett College,36.067531,-79.77998
198011,Bladen Community College,34.644691,-78.731119
198039,Blue Ridge Community College,35.30804,-82.425544
198066,Brevard College,35.236763,-82.729494
198084,Brunswick Community College,34.038973,-78.22979
198109,Cabarrus College of Health Sciences,35.440038,-80.600824
198118,Caldwell Community College and Technical Institute,35.854604,-81.484148
198136,Campbell University,35.409149,-78.738238
198154,Cape Fear Community College,34.240624,-77.948306
198190,Carolina School of Broadcasting,35.255857,-80.983976
198206,Carteret Community College,34.723681,-76.755538
198215,Catawba College,35.691443,-80.482751
198233,Catawba Valley Community College,35.699732,-81.28792
198251,Central Carolina Community College,35.471864,-79.143553
198260,Central Piedmont Community College,35.217774,-80.829796
198303,Chowan University,36.436258,-77.099141
198321,Cleveland Community College,35.279833000000004,-81.492856
198330,Coastal Carolina Community College,34.771687,-77.384785
198367,Craven Community College,35.111516,-77.102232
198376,Davidson-Davie Community College,35.865471,-80.181868
198385,Davidson College,35.499767,-80.843979
198419,Duke University,36.001135,-78.937624
198455,Durham Technical Community College,35.974768,-78.8817
198464,East Carolina University,35.607186,-77.368291
198491,Edgecombe Community College,35.879867,-77.571786
198507,Elizabeth City State University,36.277978,-76.214041
198516,Elon University,36.104148,-79.50344
198534,Fayetteville Technical Community College,35.068851,-78.92658
198543,Fayetteville State University,35.073641,-78.891696
198552,Forsyth Technical Community College,36.06854,-80.272215
198561,Gardner-Webb University,35.24732,-81.668141
198570,Gaston College,35.312048,-81.18852
198598,Greensboro College,36.071082,-79.800232
198613,Guilford College,36.094233,-79.887737
198622,Guilford Technical Community College,35.99846,-79.92062
198640,Halifax Community College,36.427712,-77.617681
198668,Haywood Community College,35.525905,-82.927918
198677,Heritage Bible College,35.307368,-78.664393
198695,High Point University,35.972035,-79.994675
198710,Isothermal Community College,35.336728,-81.911857
198729,James Sprunt Community College,34.946802,-77.977639
198756,Johnson C Smith University,35.243033,-80.857251
198774,Johnston Community College,35.501418,-78.332293
198808,Lees-McRae College,36.162477,-81.873371
198817,Lenoir Community College,35.234405,-77.571532
198835,Lenoir-Rhyne University,35.739968,-81.327598
198844,Leons Beauty School Inc,36.057646,-79.8228
198862,Livingstone College,35.670877,-80.483956
198871,Louisburg College,36.105035,-78.29898
198899,Mars Hill University,35.82752,-82.551827
198905,Martin Community College,35.836304,-77.094913
198914,Mayland Community College,35.934475,-82.016988
198923,McDowell Technical Community College,35.656254,-81.96208
198950,Meredith College,35.799351,-78.689995
198969,Methodist University,35.135058,-78.874426
198978,Miller-Motte College-Wilmington,34.242761,-77.882359
198987,Mitchell Community College,35.782814,-80.894083
199005,Mitchells Academy,35.718299,-77.9535
199023,Montgomery Community College,35.367107,-79.870005
199032,Montreat College,35.646577,-82.2976
199069,University of Mount Olive,35.208166,-78.069388
199078,College of Wilmington,34.21396,-77.906111
199087,Nash Community College,35.976823,-77.898348
199102,North Carolina A & T State University,36.07282,-79.773375
199111,University of North Carolina at Asheville,35.617068,-82.565392
199120,University of North Carolina at Chapel Hill,35.911769,-79.050969
199139,University of North Carolina at Charlotte,35.306022,-80.730919
199148,University of North Carolina at Greensboro,36.068236,-79.809414
199157,North Carolina Central University,35.974237,-78.898602
199175,University of North Carolina System,35.908783,-79.029687
199184,University of North Carolina School of the Arts,36.076183,-80.235672
199193,North Carolina State University at Raleigh,35.785111,-78.674517
199209,North Carolina Wesleyan College,36.019665,-77.773982
199218,University of North Carolina Wilmington,34.225223,-77.875527
199263,Pamlico Community College,35.068398,-76.83372
199272,William Peace University,35.789139,-78.637697
199281,University of North Carolina at Pembroke,34.688313,-79.200347
199306,Pfeiffer University,35.484696,-80.283168
199324,Piedmont Community College,36.431674,-78.980607
199333,Pitt Community College,35.550591,-77.407203
199412,Queens University of Charlotte,35.189051,-80.833509
199421,Randolph Community College,35.672814,-79.828538
199449,Richmond Community College,34.905252,-79.70964
199458,Mid-Atlantic Christian University,36.304673,-76.217139
199467,Roanoke-Chowan Community College,36.324827,-77.023662
199476,Robeson Community College,34.675194,-79.00664
199485,Rockingham Community College,36.388682,-79.758353
199494,Rowan-Cabarrus Community College,35.639388,-80.48181
199582,Saint Augustine's University,35.785468,-78.621301
199607,Salem College,36.086271000000004,-80.241297
199625,Sampson Community College,34.99046,-78.36006
199634,Sandhills Community College,35.220086,-79.40635
199643,Shaw University,35.771181,-78.637693
199689,Paul Mitchell the School-Fayetteville,35.070011,-78.957673
199698,St. Andrews University,34.74563,-79.478567
199722,Southeastern Community College,34.331749,-78.783365
199731,Southwestern Community College,35.348575,-83.207129
199740,Stanly Community College,35.339895,-80.236303
199759,Southeastern Baptist Theological Seminary,35.981858,-78.513755
199768,Surry Community College,36.384334,-80.716834
199786,Alamance Community College,36.066683,-79.357657
199795,Tri-County Community College,35.067021,-83.966476
199838,Vance-Granville Community College,36.323887,-78.487651
199847,Wake Forest University,36.133609,-80.277446
199856,Wake Technical Community College,35.650151,-78.706126
199865,Warren Wilson College,35.610328,-82.442619
199883,Watts School of Nursing,36.027649,-78.9413
199892,Wayne Community College,35.403079,-77.945873
199908,Western Piedmont Community College,35.722876,-81.687345
199926,Wilkes Community College,36.136617,-81.182994
199953,Wilson Community College,35.730114,-77.895663
199962,Wingate University,34.986064,-80.44305
199971,Carolina Christian College,36.146168,-80.256252
199980,Winston Salem Barber School,36.067155,-80.260541
199999,Winston-Salem State University,36.089554,-80.225033
200004,Western Carolina University,35.308979,-83.186258
200013,Rasmussen University-North Dakota,46.848362,-96.848937
200022,Bismarck State College,46.821459,-100.816534
200059,Dickinson State University,46.882917,-102.799679
200086,Nueta Hidatsa Sahnish College,47.983311,-102.472814
200110,"Josef's School of Hair, Skin & Body-Grand Forks",47.900289,-97.044408
200156,University of Jamestown,46.914302,-98.698416
200192,Lake Region State College,48.127948,-98.869034
200208,Cankdeska Cikana Community College,47.978122,-98.990801
200217,University of Mary,46.723767,-100.75274
200226,Mayville State University,47.505415,-97.322554
200253,Minot State University,48.246961,-101.29861
200280,University of North Dakota,47.921654,-97.071738
200305,North Dakota State College of Science,46.272158,-96.607379
200314,Dakota College at Bottineau,48.832505,-100.441103
200332,North Dakota State University-Main Campus,46.893127,-96.800838
200341,Williston State College,48.158603,-103.613066
200466,Sitting Bull College,46.085288,-100.674735
200484,Trinity Bible College and Graduate School,46.001037,-98.517906
200527,Turtle Mountain Community College,48.883758,-99.750836
200554,United Tribes Technical College,46.767157,-100.755131
200572,Valley City State University,46.918517,-98.00389
200590,ETI Technical College,41.18694,-80.723213
200697,Air Force Institute of Technology-Graduate School of Engineering & Management,39.782221,-84.082618
200785,Herzing University-Akron,41.02817,-81.493109
200800,University of Akron Main Campus,41.078551,-81.511679
200846,University of Akron Wayne College,40.861519,-81.789979
200873,Allegheny Wesleyan College,40.86722,-80.861232
201034,Apollo Career Center,40.692999,-84.149151
201061,Art Academy of Cincinnati,39.108805,-84.513913
201098,Ashland County-West Holmes Career Center,40.801018,-82.266808
201104,Ashland University,40.861755,-82.321061
201131,Ashtabula County Technical and Career Campus,41.746864,-80.733023
201140,Athenaeum of Ohio,39.082926,-84.371927
201159,Auburn Career Center,41.649238,-81.243798
201177,Aultman College of Nursing and Health Sciences,40.796186,-81.404053
201195,Baldwin Wallace University,41.373017,-81.851145
201283,Belmont College,40.07695,-80.964901
201371,Bluffton University,40.895606,-83.899439
201432,Bowling Green State University-Firelands,41.397521,-82.594156
201441,Bowling Green State University-Main Campus,41.375513,-83.640896
201469,Bryant & Stratton College-Parma,41.404607,-81.781757
201478,Buckeye Hills Career Center,38.892181,-82.388043
201496,Butler Technology and Career Development Schools,39.44114,-84.431434
201539,Canton City Schools Adult Career and Technical Education,40.787778,-81.407001
201548,Capital University,39.954875,-82.937867
201645,Case Western Reserve University,41.507419,-81.609596
201654,Cedarville University,39.749237,-83.814692
201672,Central Ohio Technical College,40.069314,-82.447441
201681,Central School of Practical Nursing,41.397093,-81.656988
201690,Central State University,39.715787,-83.880186
201751,Chatfield College,39.210369,-83.887153
201803,Choffin Career  and Technical Center,41.100847,-80.644393
201821,The Christ College of Nursing and Health Sciences,39.121821,-84.509564
201867,Cincinnati College of Mortuary Science,39.206578,-84.505604
201885,University of Cincinnati-Main Campus,39.131159,-84.51428
201928,Cincinnati State Technical and Community College,39.149915,-84.536936
201946,University of Cincinnati-Clermont College,39.080645,-84.19437
201955,University of Cincinnati-Blue Ash College,39.234333,-84.399956
201964,Ohio Christian University,39.613155,-82.904885
201973,Clark State College,39.896411,-83.799788
202046,Cleveland Institute of Art,41.510435,-81.602416
202073,Cleveland Institute of Music,41.512444,-81.608878
202134,Cleveland State University,41.502281,-81.674355
202152,Columbiana County Career and Technical Center,40.768063,-80.747828
202170,Columbus College of Art and Design,39.966074,-82.989479
202222,Columbus State Community College,39.96887,-82.98766
202356,Cuyahoga Community College District,41.494906,-81.683533
202435,Davis College,41.652922,-83.532589
202453,Dayton Barber College,39.628936,-84.222996
202480,University of Dayton,39.739547,-84.176113
202514,Defiance College,41.296842,-84.357075
202523,Denison University,40.071505,-82.523272
202648,Edison State Community College,40.157699,-84.212385
202657,EHOVE Career Center,41.332655,-82.630439
202763,The University of Findlay,41.053344,-83.652313
202806,Franklin University,39.95831,-82.990375
202888,Gerbers Akron Beauty School,41.113868,-81.57615
202903,Gods Bible School and College,39.1153,-84.505703
202912,Good Samaritan College of Nursing and Health Science,39.140348,-84.521196
202949,Great Oaks Career Campuses,39.289951,-84.413556
202985,Hannah E Mullins School of Practical Nursing,40.902408,-80.851045
203030,Adult and Community Education-Hudson,40.012851,-82.980603
203067,Hebrew Union College-Jewish Institute of Religion,40.728938,-73.994499
203085,Heidelberg University,41.114833,-83.168387
203128,Hiram College,41.3107,-81.143981
203146,Hobart Institute of Welding Technology,40.053024,-84.219809
203155,Hocking College,39.441954,-82.220791
203234,Ross Medical Education Center-Cincinnati,39.286023,-84.452851
203289,International College of Broadcasting,39.764986,-84.137499
203331,Eastern Gateway Community College,40.376056,-80.672337
203368,John Carroll University,41.491321,-81.531338
203386,Hondros College of Nursing,40.084407,-82.901039
203438,Casal Aveda Institute,41.213305,-80.751433
203447,Kent State University at Ashtabula,41.888296,-80.830377
203456,Kent State University at East Liverpool,40.616966,-80.576702
203465,Kent State University at Stark,40.868568,-81.43731
203474,Kent State University at Trumbull,41.278748,-80.836232999999993
203483,Kent State University at Tuscarawas,40.467736,-81.407707
203492,Kent State University at Salem,40.86408,-80.835458
203517,Kent State University at Kent,41.146653,-81.342533
203526,Kent State University at Geauga,41.483727,-81.143085
203535,Kenyon College,40.374408,-82.397977
203544,Kettering College,39.695052,-84.192006
203580,Lake Erie College,41.717841,-81.251817
203599,Lakeland Community College,41.637463,-81.364723
203614,O C Collins Career Center,38.491898,-82.473516
203678,James A. Rhodes State College,40.738347,-84.026319
203720,Ohio Business College-Sheffield,41.423809,-82.073403
203739,Ohio Business College-Sandusky,41.415212,-82.667389
203748,Lorain County Community College,41.413293,-82.073549
203757,Lourdes University,41.710009,-83.706108
203775,Malone University,40.825662,-81.376863
203845,Marietta College,39.41668,-81.450045
203881,Marion Technical College,40.577017,-83.089156
203942,Medina County Career Center,41.155104,-81.901592
203960,Mercy College of Ohio,41.658319,-83.552538
203997,Methodist Theological School in Ohio,40.253643,-83.060146
204006,Miami University-Hamilton,39.377448,-84.563385
204015,Miami University-Middletown,39.523776,-84.35724
204024,Miami University-Oxford,39.507757,-84.732954
204121,Moler Hollywood Beauty Academy,39.182803,-84.425549
204158,Miami Valley Career Technology Center,39.845377,-84.328951
204176,Mount Carmel College of Nursing,39.956625,-83.021501
204185,University of Mount Union,40.905256,-81.111029
204194,Mount Vernon Nazarene University,40.372901,-82.471074
204200,Mount Saint Joseph University,39.095893,-84.639453
204255,Zane State College,39.96241,-82.031198
204264,Muskingum University,39.996585,-81.737127
204334,National Beauty College,40.849493,-81.392278
204422,North Central State College,40.798777,-82.581582
204431,Northern Institute of Cosmetology,41.465263,-82.174342
204440,Northwest State Community College,41.450596,-84.297855
204459,Toledo Public Schools Adult and Continuing Education,41.682287,-83.590926
204468,Notre Dame College,41.506894,-81.516617
204477,Northeast Ohio Medical University,41.102919,-81.245302
204486,University of Northwestern Ohio,40.762917,-84.157004
204501,Oberlin College,41.291992,-82.216795
204608,Ohio Technical College,41.518038,-81.656868
204617,Ohio Dominican University,39.992764,-82.940689
204635,Ohio Northern University,40.7662,-83.827441
204662,Ohio State University Agricultural Technical Institute,40.775194,-81.922936000000007
204671,Ohio State University-Lima Campus,40.738521,-84.02384
204680,Ohio State University-Mansfield Campus,40.796536,-82.580194
204699,Ohio State University-Marion Campus,40.577779,-83.090597
204705,Ohio State University-Newark Campus,40.069314,-82.447441
204714,Ohio State Beauty Academy,40.761697,-84.164435
204723,Ohio State College of Barber Styling,39.977375,-82.877144
204769,The Spa School,40.065397,-83.018081
204778,Ohio State School of Cosmetology-Canal Winchester,39.856608,-82.831966
204796,Ohio State University-Main Campus,39.999324,-83.014853
204802,Ohio University-Eastern Campus,40.073392,-80.976073
204820,Ohio University-Chillicothe Campus,39.329404,-83.002175
204839,Ohio University-Southern Campus,38.524781,-82.666876
204848,Ohio University-Lancaster Campus,39.738752,-82.586069
204857,Ohio University-Main Campus,39.326798,-82.100985
204866,Ohio University-Zanesville Campus,39.96098,-82.031063
204884,East Ohio College,40.6796,-80.572063
204893,Trinity Health System School of Nursing,40.376294,-80.672323
204909,Ohio Wesleyan University,40.295963,-83.069757
204936,Otterbein University,40.125327,-82.936444
204945,Owens Community College,41.587998,-83.538634
204963,Paramount Beauty Academy,38.739039,-82.979351
204981,Cuyahoga Valley Career Center,41.344555,-81.625375
204990,Payne Theological Seminary,39.715286,-83.884871
205027,Pontifical College Josephinum,40.120735,-83.018829
205054,Professional Skills Institute,41.584008,-83.672408
205090,Firelands Regional Medical Center School of Nursing,41.43719,-82.71189
205124,Rabbinical College Telshe,41.593533,-81.485261
205142,Raphael's School of Beauty Culture Inc-Niles,41.197513,-80.72803
205179,Fortis College-Centerville,39.644364,-84.146046
205203,University of Rio Grande,38.881764,-82.378852
205391,The Modern College of Design,39.681305,-84.134269
205443,Shawnee State University,38.730867,-82.993769
205470,Sinclair Community College,39.757598,-84.200628
205559,Hussian College-Daymar College Columbus,39.91594,-82.916201
205841,Stark State College,40.870597,-81.439017
205887,Stautzenberger College-Maumee,41.582662,-83.683042
205957,Franciscan University of Steubenville,40.376919,-80.620524
205966,Southern State Community College,39.236924,-83.614085
206011,Terra State Community College,41.354111,-83.157799
206039,Tiffin Academy of Hair Design,41.114497,-83.175814
206048,Tiffin University,41.118316,-83.184197
206084,University of Toledo,41.660572,-83.614714
206154,Tri-State Bible College,38.426238,-82.579887
206172,Tri-County Adult Career Center,39.433202,-82.210554
206181,Tri-Rivers Career Center,40.583077,-83.069824
206279,Union Institute & University,39.119091,-84.497652
206288,United Theological Seminary,39.813423,-84.276913
206321,Upper Valley Career Center,40.161207,-84.213946000000007
206349,Ursuline College,41.497035,-81.465118
206394,The North Coast College,41.484253,-81.769767
206437,Walsh University,40.873908,-81.369931
206446,Washington State Community College,39.430824,-81.43392
206491,Wilberforce University,39.707291,-83.880595
206507,Wilmington College,39.444744,-83.818342
206516,Winebrenner Theological Seminary,41.052464,-83.650711
206525,Wittenberg University,39.934029,-83.815445
206589,The College of Wooster,40.81046,-81.934674
206604,Wright State University-Main Campus,39.780634,-84.064881
206613,Wright State University-Lake Campus,40.546074,-84.509194
206622,Xavier University,39.149547,-84.47465
206695,Youngstown State University,41.104928,-80.64659
206817,Bacone College,35.777082,-95.334046
206835,Oklahoma Wesleyan University,36.717453,-95.95671
206862,Southern Nazarene University,35.513295,-97.629504
206905,Pontotoc Technology Center,34.7484,-96.683815
206914,Cameron University,34.606487,-98.434163
206923,Carl Albert State College,35.039173,-94.633986
206932,Central Oklahoma College,35.621488,-97.560235
206941,University of Central Oklahoma,35.6552,-97.471508
206996,Connors State College,35.492873,-95.319541
207041,East Central University,34.771934,-96.663849
207050,Eastern Oklahoma State College,34.914079,-95.328995
207069,Redlands Community College,35.518475,-97.974592
207087,Enid Beauty College,36.393267,-97.927122
207102,Eves College of Hairstyling,34.604991,-98.402794
207157,Randall University,35.300757,-97.491107
207209,Langston University,35.943982,-97.260317
207236,Murray State College,34.222949,-96.677906
207254,Spartan College of Aeronautics and Technology,36.176642,-95.878902
207263,Northeastern State University,35.919939,-94.967229
207272,Beauty Technical College Inc,35.915551,-94.962015
207281,Northern Oklahoma College,36.678649,-97.295887
207290,Northeastern Oklahoma A&M College,36.877255,-94.867248
207306,Northwestern Oklahoma State University,36.796658,-98.667673
207315,Oklahoma State University Center for Health Sciences,36.137977,-96.005702
207324,Oklahoma Christian University,35.611412,-97.469526
207342,University of Oklahoma-Health Sciences Center,35.47928,-97.496289
207351,Oklahoma Panhandle State University,36.594518,-101.638488
207388,Oklahoma State University-Main Campus,36.123085,-97.069743
207397,Oklahoma State University-Oklahoma City,35.474969,-97.581959
207403,Oklahoma Baptist University,35.360492,-96.932459
207449,Oklahoma City Community College,35.387699,-97.570109
207458,Oklahoma City University,35.495271,-97.541242
207500,University of Oklahoma-Norman Campus,35.209407,-97.444211
207564,Oklahoma State University Institute of Technology,35.626934,-95.940373
207582,Oral Roberts University,36.049129,-95.952547
207661,Rogers State University,36.321437,-95.635718
207670,Rose State College,35.44372,-97.414113
207704,Jenks Beauty College,36.023435,-95.975154
207722,University of Science and Arts of Oklahoma,35.031392,-97.95641
207740,Seminole State College,35.249515,-96.704908
207786,Southern School of Beauty Inc,33.991184,-96.377181
207847,Southeastern Oklahoma State University,34.006808,-96.376864
207856,Southwestern Christian University,35.513314,-97.63934
207865,Southwestern Oklahoma State University,35.535281,-98.707768
207935,Tulsa Community College,36.106788,-95.90825
207962,Tulsa Welding School-Tulsa,36.148202,-95.954378
207971,University of Tulsa,36.152324,-95.945941
208035,Western Oklahoma State College,34.669018,-99.33699
208044,Formations Institute of Cosmetology & Barbering,36.43491,-99.386309
208053,High Plains Technology Center,36.40621,-99.427304
208275,Blue Mountain Community College,45.677313,-118.816944
208318,Central Oregon Community College,44.071401,-121.348585
208390,Chemeketa Community College,44.978655,-122.978076
208406,Clackamas Community College,45.323185,-122.574272
208415,Clatsop Community College,46.183107,-123.823339
208433,College of Hair Design Careers,44.949897,-122.981554
208479,Concorde Career College-Portland,45.528354,-122.650703
208512,Sumner College,45.574935,-122.576024
208637,East West College of the Healing Arts,45.513392,-122.681029
208646,Eastern Oregon University,45.319795,-118.092495
208725,New Hope Christian College-Eugene,44.032674,-123.15355
208822,George Fox University,45.303629,-122.967494
208859,Phagans Grants Pass College of Beauty,42.435266,-123.298826
209038,Lane Community College,44.009325,-123.032644
209056,Lewis & Clark College,45.450882,-122.669137
209065,Linfield University-McMinnville Campus,45.201173,-123.199642
209074,Linn-Benton Community College,44.587663,-123.11403
209083,Northwest College-Beaverton,45.489301,-122.805741
209153,Phagans Medford Beauty School,42.351071,-122.868181
209205,Northwest College-Clackamas,45.438533,-122.576902
209241,Mount Angel Seminary,45.057871,-122.775405
209250,Mt Hood Community College,45.514862,-122.396972
209287,Multnomah University,45.527139,-122.575557
209296,National University of Natural Medicine,45.501931,-122.6766
209409,Bushnell University,44.047483,-123.079754
209490,Oregon Health & Science University,45.498772,-122.686096
209506,Oregon Institute of Technology,42.257152,-121.785177
209542,Oregon State University,44.56395,-123.274723
209551,University of Oregon,44.045146,-123.075792
209603,Pacific Northwest College of Art,45.526766,-122.678182
209612,Pacific University,45.521394,-123.108777
209667,Phagans Beauty College,44.549973,-123.310594
209676,Phagans Central Oregon Beauty College,44.063609,-121.264194
209694,Phagans School of Beauty,44.937695,-122.981962
209700,Phagans School of Hair Design,45.435373,-122.574975
209719,Summit Salon Academy-Portland,45.433994,-122.766574
209746,Portland Community College,45.438154,-122.730876
209807,Portland State University,45.511601,-122.686289
209825,University of Portland,45.572724,-122.726691
209922,Reed College,45.480959,-122.630348
209940,Rogue Community College,42.412159,-123.39326
210146,Southern Oregon University,42.185077,-122.695081
210155,Southwestern Oregon Community College,43.395327,-124.25224
210234,Treasure Valley Community College,44.020811,-116.974487
210270,Umpqua Community College,43.289317,-123.332475
210304,Warner Pacific University,45.506265,-122.592498
210331,Corban University,44.882399,-122.961129
210340,College of Cosmetology,42.224857,-121.765377
210368,Western Seminary,45.512091,-122.606374
210401,Willamette University,44.935457,-123.030537
210429,Western Oregon University,44.852235,-123.238309
210438,University of Western States,45.536519,-122.580586
210474,Jolie Hair and Beauty Academy-Hazleton,40.974924,-75.977485
210492,Bryn Athyn College of the New Church,40.134393,-75.060808
210508,Academy of Vocal Arts,39.94796,-75.173735
210571,Albright College,40.361351,-75.909742
210599,All-State Career School,39.866057,-75.303038
210605,Community College of Allegheny County,40.450908,-80.018453
210669,Allegheny College,41.64869,-80.147168
210711,The  Beauty Institute,40.631236,-75.481024
210739,DeSales University,40.539091,-75.375608
210748,Altoona Beauty School Inc,40.501861,-78.387852
210775,Alvernia University,40.310028,-75.936754
210784,The Beauty Institute-Ambler,40.154233,-75.222204
210809,American College of Financial Services,40.101644,-75.394652
211006,Automotive Training Center-Exton,40.058206,-75.643079
211024,Clarks Summit University,41.495062,-75.685472
211079,Community College of Beaver County,40.655601,-80.305876
211088,Arcadia University,40.092606,-75.163876
211130,Missio Theological Seminary,39.959026,-75.150056
211158,Bloomsburg University of Pennsylvania,41.00782,-76.447844
211273,Bryn Mawr College,40.02736,-75.313223
211291,Bucknell University,40.954317,-76.882616
211307,Bucks County Community College,40.239102,-74.965841
211316,Bucks County School of Beauty Culture Inc,40.166449,-75.007054
211334,Butler Beauty Academy,40.859152,-79.895107
211343,Butler County Community College,40.829364,-79.911433
211352,Cabrini University,40.056355,-75.375263
211361,California University of Pennsylvania,40.064964,-79.88679
211431,Carlow University,40.439293,-79.963448
211440,Carnegie Mellon University,40.44357,-79.941993
211468,Cedar Crest College,40.586318,-75.519221
211477,Central Penn College,40.3049,-76.934461
211556,Chatham University,40.448432,-79.926083
211583,Chestnut Hill College,40.08678,-75.228742
211608,Cheyney University of Pennsylvania,39.932274,-75.529262
211635,Citizens School of Nursing,40.573248,-79.798934
211644,Clarion University of Pennsylvania,41.207805,-79.377501
211802,DLP Conemaugh Memorial Medical Center,40.305445,-78.918445
211893,Curtis Institute of Music,39.948857,-75.170727
211927,Delaware County Community College,39.966724,-75.39308
211981,Delaware Valley University,40.298659,-75.158452
212009,Dickinson College,40.202796,-77.197854
212045,Douglas Education Center,40.161519,-79.888461
212054,Drexel University,39.955217,-75.190051
212106,Duquesne University,40.43589,-79.993123
212115,East Stroudsburg University of Pennsylvania,40.99599,-75.173905
212133,Eastern University,40.050448,-75.370316
212160,Edinboro University of Pennsylvania,41.870717,-80.121318
212197,Elizabethtown College,40.149236,-76.593224
212230,Empire Beauty School-Lebanon,40.311029,-76.423302
212267,Empire Beauty School-York,39.972543,-76.674663
212276,Empire Beauty School-Lancaster,40.038813,-76.354033
212294,Empire Beauty School-Shamokin Dam,40.854559,-76.815891
212300,Empire Beauty School-Pottsville,40.706451,-76.186417
212328,Empire Beauty  School-Lehigh Valley,40.63006,-75.485471
212337,Empire Beauty School-Gwinnett,33.939252,-84.121878
212355,Empire Beauty School-Wyoming Valley,41.375743,-75.701735
212382,Empire Beauty School-Harrisburg,40.293647,-76.828798
212391,Empire Beauty School-Reading,40.370166,-75.927465
212434,Erie Institute of Technology Inc,42.071725,-80.100853
212443,Evangelical Theological Seminary,40.372981,-76.306252
212577,Franklin and Marshall College,40.048045,-76.319037
212601,Gannon University,42.128403,-80.087166
212656,Geneva College,40.772518,-80.321826
212674,Gettysburg College,39.836597,-77.236792
212753,Empire Beauty School-NE Philadelphia,40.084983,-74.971093
212771,Gratz College,40.067206,-75.133915
212805,Grove City College,41.1558,-80.081481
212832,Gwynedd Mercy University,40.202804,-75.236601
212869,Harcum College,40.022582,-75.314801
212878,Harrisburg Area Community College,40.296777,-76.886408
212911,Haverford College,40.007452,-75.305207
212975,Commonwealth Technical Institute,40.301691,-78.947004
212984,Holy Family University,40.060581,-74.986451
212993,Hussian College-Philadelphia,39.962505,-75.164185
213011,Immaculata University,40.027981,-75.570711
213020,Indiana University of Pennsylvania-Main Campus,40.617531,-79.159332
213163,UPMC Jameson School of Nursing,41.026499,-80.353
213181,Great Lakes Institute of Technology,42.079508,-80.091816
213215,Jolie Hair and Beauty Academy-Wilkes-Barre,41.243358,-75.87378
213233,Johnson College,41.450409,-75.642476
213251,Juniata College,40.500523,-78.017292
213303,Keystone College,41.558969,-75.777456
213321,King's College,41.250097,-75.879822
213330,Butler Beauty Academy-Kittanning Beauty Academy,40.813778,-79.52003
213349,Kutztown University of Pennsylvania,40.513561,-75.783933
213358,La Roche University,40.568615,-80.014851
213367,La Salle University,40.037979,-75.153061
213376,Lackawanna College,41.411556,-75.658963
213385,Lafayette College,40.69956,-75.209786
213400,Lancaster Bible College,40.075347,-76.287761
213446,Lancaster Theological Seminary,40.045235,-76.317631
213455,Lancaster School of Cosmetology & Therapeutic Bodywork,40.040746,-76.283649
213473,Lansdale School of Business,40.22379,-75.284662
213491,Lansdale School of Cosmetology Inc,40.243302,-75.286281
213507,Lebanon Valley College,40.330604,-76.514431
213525,Lehigh Carbon Community College,40.66474,-75.610715
213534,Miller-Motte College-Berks Technical Institute,40.344627,-75.978873
213543,Lehigh University,40.606822,-75.380236
213552,Levittown Beauty Academy,40.177232,-74.829013
213570,Lincoln Technical Institute-Allentown,40.591908,-75.568979
213589,Lincoln Technical Institute-Philadelphia,40.049548,-74.999686
213598,Lincoln University,39.807723,-75.926458
213613,Lock Haven University,41.141517,-77.460108
213622,UPMC St. Margaret School of Nursing,40.491687,-79.863106
213631,United Lutheran Seminary,39.831701,-77.244111
213659,Luzerne County Community College,41.194728,-75.991095
213668,Lycoming College,41.24666,-77
213774,Manor College,40.08714,-75.104786
213783,Mansfield University of Pennsylvania,41.806949,-77.07423
213826,Marywood University,41.434587,-75.634142
213914,Vet Tech Institute,40.443884,-80.000229
213932,Roxborough Memorial Hospital School of Nursing,40.028912,-75.209985
213987,Mercyhurst University,42.10578,-80.053412
213996,Messiah University,40.156579,-76.988269
214023,ASPIRA City College,40.017493,-75.135042
214041,Millersville University of Pennsylvania,40.000337,-76.357381
214069,Misericordia University,41.345277,-75.971541
214111,Montgomery County Community College,40.175609,-75.276093
214148,Moore College of Art and Design,39.957078,-75.172105
214157,Moravian University,40.630947,-75.383638
214166,Mount Aloysius College,40.459679,-78.600898
214175,Muhlenberg College,40.596416,-75.508501999999993
214272,Neumann University,39.874876,-75.440022
214290,New Castle School of Trades,41.035228,-80.401417
214379,Northampton County Area Community College,40.67253,-75.32351
214476,Heritage Valley Kennedy School of Nursing,40.472356,-80.091066
214528,Orleans Technical College,40.090338,-75.011324
214564,Salus University,40.085774,-75.129511
214582,Pennsylvania Institute of Technology,39.908335,-75.38893
214661,Pennsylvania State System of Higher Education-Central Office,40.294887,-76.904363
214883,Peirce College,39.945483,-75.166332
214892,Penn Commercial Business/Technical School,40.182387,-80.238844
214944,Pennco Tech-Bristol,40.097992,-74.870959
214971,Pennsylvania Academy of the Fine Arts,39.955692,-75.163456
215008,Pennsylvania Gunsmith School,40.496672,-80.068863
215044,Cortiva Institute,40.08063,-75.378356
215053,Pennsylvania College of Art and Design,40.041152,-76.308769
215062,University of Pennsylvania,39.950929,-75.19391
215105,The University of the Arts,39.946017,-75.165888
215114,Cairn University-Langhorne,40.165809,-74.909509
215123,Philadelphia College of Osteopathic Medicine,40.004885,-75.216092
215132,University of the Sciences,39.946412,-75.207001
215239,Community College of Philadelphia,39.962458,-75.165604
215266,University of Pittsburgh-Bradford,41.943415,-78.673701
215275,University of Pittsburgh-Greensburg,40.276447,-79.532676
215284,University of Pittsburgh-Johnstown,40.265957,-78.834163
215293,University of Pittsburgh-Pittsburgh Campus,40.444387999999996,-79.953254
215309,University of Pittsburgh-Titusville,41.628697,-79.664156
215336,Beaver Falls Beauty Academy,40.754161,-80.320347
215381,Pittsburgh Institute of Aeronautics,40.350804,-79.926575
215390,Pittsburgh Institute of Mortuary Science Inc,40.459175,-79.930487
215415,Pittsburgh Technical College,40.424679,-80.189404
215424,Pittsburgh Theological Seminary,40.467347,-79.921397
215442,Point Park University,40.438768,-80.002061
215479,Joseph F McCloskey School of Nursing,40.683923,-76.189164
215530,The Salon Professional Academy-Altoona,40.467868,-78.404069
215585,Reading Area Community College,40.334861,-75.935086
215594,Reading Hospital School of Health Sciences,40.32606,-75.950474
215619,Reconstructionist Rabbinical College,40.087689,-75.149506
215637,Walnut Hill College,39.955098,-75.20749
215655,Robert Morris University,40.520415,-80.210468
215682,Rosedale Technical College,40.45205,-80.103926
215691,Rosemont College,40.033417,-75.32925
215743,Saint Francis University,40.506734,-78.63904
215770,Saint Joseph's University,39.994442,-75.238343
215798,Saint Vincent College,40.29265,-79.403762
215813,Saint Vincent Seminary,40.29265,-79.403762
215886,Schuylkill Technology Center,40.775735,-76.22938
215929,University of Scranton,41.406556,-75.656915
215947,Seton Hill University,40.309407,-79.557433
215974,UPMC Shadyside School of Nursing,40.454751,-79.939494
215983,Sharon Regional School of Nursing,41.232638,-80.497236
215992,Laurel Technical Institute,41.189936,-80.463868
216010,Shippensburg University of Pennsylvania,40.057933,-77.522335
216038,Slippery Rock University of Pennsylvania,41.062719,-80.045965
216047,Saint Charles Borromeo Seminary-Overbrook,39.99133,-75.255675
216074,South Hills Beauty Academy,40.38933,-80.041544
216083,South Hills School of Business & Technology,40.775033,-77.855466
216162,St Lukes Hospital School of Nursing,40.607054,-75.394494
216223,The Beauty Institute,40.989612,-75.223872
216278,Susquehanna University,40.797502,-76.875329
216287,Swarthmore College,39.905159,-75.354278
216296,Thaddeus Stevens College of Technology,40.037951,-76.288718
216311,Talmudical Yeshiva of Philadelphia,39.989249,-75.247964
216339,Temple University,39.980546,-75.156859
216348,Theological Seminary of the Reformed Episcopal Church,40.168935,-75.290124
216357,Thiel College,41.41354,-80.384383
216366,Thomas Jefferson University,39.948274,-75.158266
216436,Triangle Tech Inc-Pittsburgh,40.462003,-80.012781
216445,Triangle Tech Inc-Greensburg,40.303168,-79.539468
216454,Triangle Tech Inc-Dubois,41.147974,-78.795923
216463,Trinity Episcopal School for Ministry,40.593403,-80.230178
216524,Ursinus College,40.193023,-75.456505
216542,University of Valley Forge,40.117835,-75.5469
216551,Valley Forge Military College,40.053697,-75.382097
216579,Venus Beauty Academy,39.908715,-75.273105
216597,Villanova University,40.036463,-75.340502
216630,Washington Health System School of Nursing,40.183984,-80.245709
216667,Washington & Jefferson College,40.170622,-80.24049
216694,Waynesburg University,39.899871,-80.186205
216746,Welder Training and Testing Institute,40.626469,-75.447263
216764,West Chester University of Pennsylvania,39.953398,-75.59812
216773,Western Pennsylvania Hospital School of Nursing,40.462132,-79.945111
216782,Pittsburgh Career Institute,40.442726,-79.99591
216807,Westminster College,41.119272,-80.331017
216816,Westminster Theological Seminary,40.09815,-75.176327
216825,Westmoreland County Community College,40.234321,-79.564897
216852,Widener University,39.861689,-75.355363
216931,Wilkes University,41.244199,-75.890262
216940,Williamson College of the Trades,39.90807,-75.422024
217013,Wilson College,39.949659,-77.650712
217040,Yeshivath Beth Moshe,41.394852,-75.656191
217059,York College of Pennsylvania,39.94614,-76.727984
217077,YTI Career Institute-York,39.992432,-76.660321
217156,Brown University,41.82617,-71.40385
217165,Bryant University,41.920092,-71.539547
217235,Johnson & Wales University-Providence,41.819956,-71.41277
217305,New England Institute of Technology,41.661783,-71.502892
217323,New England Tractor Trailer Training School of Rhode Island,41.880296,-71.405906
217402,Providence College,41.842742,-71.437446
217420,Rhode Island College,41.842415,-71.46556
217475,Community College of Rhode Island,41.712817,-71.481509
217484,University of Rhode Island,41.484691,-71.527356
217493,Rhode Island School of Design,41.825935,-71.407692
217518,Roger Williams University,41.650214,-71.260374
217536,Salve Regina University,41.471545,-71.30124
217581,Empire Beauty School-Warwick,41.821724,-71.422425
217606,Northpoint Bible College,42.765357,-71.079335
217615,Aiken Technical College,33.533833,-81.841666
217624,Allen University,34.010348,-81.020045
217633,Anderson University,34.5152,-82.640358
217688,Charleston Southern University,32.983047,-80.072587
217712,Technical College of the Lowcountry,32.420197,-80.689468
217721,Benedict College,34.012941,-81.020403
217749,Bob Jones University,34.874016,-82.365838
217776,Southern Wesleyan University,34.728068,-82.761586
217794,Charleston Cosmetology Institute,32.91777,-80.111988
217819,College of Charleston,32.784225,-79.939794
217828,Charzanne Beauty College,34.212583,-82.138883
217837,Northeastern Technical College,34.698248,-79.939245
217864,Citadel Military College of South Carolina,32.797183,-79.958775
217873,Claflin University,33.498444,-80.854319
217882,Clemson University,34.679381,-82.835114
217891,Clinton College,34.913721,-81.043469
217907,Coker University,34.37696,-80.070416
217925,Columbia International University,34.07551,-81.07443
217934,Columbia College,34.045581,-81.029967
217961,Converse University,34.955534,-81.917881
217989,Denmark Technical College,33.313355,-81.123629
217998,Erskine College,34.332087,-82.39095
218025,Florence-Darlington Technical College,34.243882,-79.81469
218061,Francis Marion University,34.189777,-79.652854
218070,Furman University,34.924676,-82.440458
218113,Greenville Technical College,34.826212,-82.371178
218140,Horry-Georgetown Technical College,33.79614,-79.003611
218159,Kenneth Shuler School of Cosmetology-North Augusta,33.497587,-81.957885
218195,Kenneth Shuler School of Cosmetology and Nails-Columbia,34.045282,-81.132969
218229,Lander University,34.199892,-82.164736
218238,Limestone University,35.057076,-81.649161
218335,Medical University of South Carolina,32.784363,-79.947158
218353,Midlands Technical College,33.949325,-81.115761
218399,Morris College,33.938574,-80.346155
218414,Newberry College,34.285868,-81.619777
218441,North Greenville University,35.069758,-82.37026
218487,Orangeburg Calhoun Technical College,33.54485,-80.82927
218520,Piedmont Technical College,34.207415,-82.120635
218539,Presbyterian College,34.465834,-81.87448
218645,University of South Carolina Aiken,33.572704,-81.767612
218654,University of South Carolina Beaufort,32.303308,-80.973595
218663,University of South Carolina-Columbia,33.996788,-81.026935
218672,University of South Carolina-Lancaster,34.736282,-80.787069
218681,University of South Carolina-Salkehatchie,33.014312,-81.301838
218690,University of South Carolina-Sumter,33.934698,-80.373459
218706,University of South Carolina-Union,34.717771,-81.621042
218724,Coastal Carolina University,33.794995,-79.011767
218733,South Carolina State University,33.497968,-80.848722
218742,University of South Carolina-Upstate,34.996403,-81.970583
218751,Sherman College of Chiropractic,35.014601999999996,-81.985878
218821,Spartanburg Methodist College,34.955117,-81.970863
218830,Spartanburg Community College,34.974587,-81.989811
218858,Central Carolina Technical College,33.933342,-80.37101
218867,Sumter Beauty College,33.945259,-80.350824
218885,Tri-County Technical College,34.641914,-82.792015
218894,Trident Technical College,32.928767,-80.031276
218919,Voorhees College,33.307199,-81.127863
218955,Williamsburg Technical College,33.657085,-79.817984
218964,Winthrop University,34.941515,-81.031404
218973,Wofford College,34.959411,-81.933568
218991,York Technical College,34.934416,-80.995273
219000,Augustana University,43.525148,-96.736975
219037,The Salon Professional Academy,44.086343,-103.194526
219046,Black Hills State University,44.494889,-103.870966
219082,Dakota State University,44.013014,-97.113358
219091,Dakota Wesleyan University,43.697432,-98.031188
219125,Paul Mitchell the School-Rapid City,44.08202,-103.222781
219143,Lake Area Technical College,44.901714,-97.095229
219170,Avera McKennan Hospital School of Radiologic Technology,43.533972,-96.715584
219189,Mitchell Technical College,43.688663,-98.002505
219198,Mount Marty University,42.874475,-97.409904
219204,National American University-Rapid City,44.03152,-103.250223
219240,Sioux Falls Seminary,43.525446,-96.735896
219259,Northern State University,45.450829,-98.484728
219277,Oglala Lakota College,43.366813,-102.240331
219295,Presentation College,45.483339,-98.49129
219338,Avera Sacred Heart Hospital,42.872359,-97.407865
219347,South Dakota School of Mines and Technology,44.075439,-103.205753
219356,South Dakota State University,44.317485,-96.782139
219374,Sinte Gleska University,43.298878,-100.622549
219383,University of Sioux Falls,43.531574,-96.738229
219392,Sanford Medical Center,43.535591,-96.74341
219408,Sisseton Wahpeton College,45.562731,-97.060835
219426,Southeast Technical College,43.570446,-96.780241
219453,Stewart School,43.554991,-96.746329
219471,University of South Dakota,42.786019,-96.925283
219480,Western Dakota Technical College,44.076648,-103.179501
219505,American Baptist College,36.202623,-86.789912
219587,Arnolds Beauty School,35.919195,-88.760125
219596,Tennessee College of Applied Technology-Athens,35.442944,-84.630484
219602,Austin Peay State University,36.533319,-87.354081
219639,Baptist Health Sciences University,35.138415,-90.027501
219709,Belmont University,36.135589,-86.794807
219718,Bethel University,36.137848,-88.516762
219790,Bryan College-Dayton,35.497209,-84.999552
219806,Carson-Newman University,36.122934,-83.491709
219824,Chattanooga State Community College,35.100202,-85.237389
219833,Christian Brothers University,35.127437,-89.983241
219842,Pentecostal Theological Seminary,35.162528,-84.868326
219851,Austin's Beauty College Inc,36.521386,-87.362846
219879,Cleveland State Community College,35.200103,-84.879284
219888,Columbia State Community College,35.616757,-87.101917
219903,Concorde Career College-Memphis,35.112892,-89.891723
219921,Tennessee College of Applied Technology-Covington,35.545225,-89.659976
219949,Cumberland University,36.204514,-86.298782
219976,Lipscomb University,36.106253,-86.799791
219994,Tennessee College of Applied Technology-Dickson,36.050549,-87.366455
220002,Hussian College-Daymar College Nashville,36.14608,-86.671921
220057,Dyersburg State Community College,36.047565,-89.390791
220075,East Tennessee State University,36.301643,-82.366954
220118,Chattanooga College Medical Dental and Technical Careers,35.13314,-85.238131
220127,Tennessee College of Applied Technology-Elizabethton,36.366033,-82.178198
220163,The Hair Academy LLC,35.153554,-86.577055
220181,Fisk University,36.167087,-86.804805
220206,Welch College,36.36719,-86.549153
220215,Freed-Hardeman University,35.440611,-88.637964
220251,Tennessee College of Applied Technology-Harriman,35.966107,-84.517871
220279,Tennessee College of Applied Technology-Hartsville,36.387191,-86.14366
220321,Tennessee College of Applied Technology-Hohenwald,35.551687,-87.573757
220394,Tennessee College of Applied Technology-Jacksboro,36.3175,-84.208918
220400,Jackson State Community College,35.645571,-88.780005
220464,John A Gupton College,36.156633,-86.7948
220473,Johnson University,35.937193,-83.750273000000007
220491,Paul Mitchell the School-Murfreesboro,35.849141,-86.42068
220516,King University,36.585309,-82.159421
220552,South College,35.958283,-83.97362
220598,Lane College,35.627378,-88.806535
220604,Le Moyne-Owen College,35.118641,-90.034101
220613,Lee University,35.166019,-84.871399
220631,Lincoln Memorial University,36.578508,-83.660198
220640,Tennessee College of Applied Technology-Livingston,36.39594,-85.317248
220701,The University of Tennessee Southern,35.201019,-87.035661
220710,Maryville College,35.751505,-83.964223
220756,Tennessee College of Applied Technology-McKenzie,36.137048,-88.492615
220765,Genesis Career College-Cookeville,36.176484,-85.485574
220792,Meharry Medical College,36.165458,-86.807371
220853,Tennessee College of Applied Technology-Memphis,35.150262,-90.039188
220862,University of Memphis,35.118878,-89.938068
220871,Memphis Theological Seminary,35.13311,-89.982653
220978,Middle Tennessee State University,35.848005,-86.360618
220996,Middle Tennessee School of Anesthesia Inc,36.253425,-86.683859
221050,Tennessee College of Applied Technology-Morristown,36.204643,-83.299503
221096,Motlow State Community College,35.365903,-86.299184
221102,Tennessee College of Applied Technology-Murfreesboro,35.845661,-86.41026
221148,Lincoln College of Technology-Nashville,36.194393,-86.744005
221184,Nashville State Community College,36.134857,-86.857342
221236,Tennessee College of Applied Technology-Newbern,36.120067,-89.257582
221281,Tennessee College of Applied Technology-Paris,36.296408,-88.296432
221333,Tennessee College of Applied Technology-Pulaski,35.191308,-87.007818
221351,Rhodes College,35.154405,-89.990803
221388,Tennessee College of Applied Technology-Ripley,35.779827,-89.519264
221397,Roane State Community College,35.880911,-84.620051
221430,Tennessee College of Applied Technology-Crump,35.221452,-88.319153
221485,Southwest Tennessee Community College,35.138532,-90.036723
221494,Tennessee College of Applied Technology-Shelbyville,35.485655,-86.421097
221519,The University of the South,35.204719,-85.920179
221582,Tennessee College of Applied Technology-Oneida-Huntsville,36.408177,-84.528273
221591,Tennessee College of Applied Technology-Crossville,35.946609,-85.039137
221607,Tennessee College of Applied Technology-McMinnville,35.70137,-85.74531
221616,Tennessee College of Applied Technology-Jackson,35.606795,-88.919805
221625,Tennessee College of Applied Technology-Knoxville,35.957,-83.964151
221634,Tennessee College of Applied Technology-Whiteville,35.319574,-89.159449
221643,Pellissippi State Community College,35.948303,-84.166504
221661,Southern Adventist University,35.048254,-85.052088
221670,Southern College of Optometry,35.138252,-90.019856
221731,Tennessee Wesleyan University,35.446331,-84.592728
221740,The University of Tennessee-Chattanooga,35.047519,-85.300247
221759,The University of Tennessee-Knoxville,35.952082,-83.925852
221768,The University of Tennessee-Martin,36.340338,-88.864211
221829,Tennessee School of Beauty of Knoxville Inc,35.974432,-83.995119
221838,Tennessee State University,36.166321,-86.828275
221847,Tennessee Technological University,36.174754,-85.504039
221892,Trevecca Nazarene University,36.141324,-86.754238
221908,Northeast State Community College,36.484961,-82.408885
221953,Tusculum University,36.172435,-82.760818
221971,Union University,35.676896,-88.858524
221999,Vanderbilt University,36.14659,-86.803369
222053,Volunteer State Community College,36.362518,-86.497127
222062,Walters State Community College,36.213179,-83.262503
222105,William R Moore College of Technology,35.144855,-90.020138
222178,Abilene Christian University,32.468943,-99.709797
222497,Alamo Community College District Central Office,29.445773,-98.474082
222567,Alvin Community College,29.396244,-95.240671
222576,Amarillo College,35.187839,-101.846988
222628,Amberton University,32.859931,-96.65302
222822,Angelina College,31.287444,-94.731625
222831,Angelo State University,31.440914,-100.465051
222877,Arlington Baptist University,32.739489,-97.156024
222886,Arlington Career Institute,32.77244,-97.052772
222938,The Art Institute of Houston,29.73025,-95.445766
222983,Austin College,33.646345,-96.596331
222992,Austin Community College District,30.322744,-97.712505
223001,Austin Presbyterian Theological Seminary,30.29201,-97.736958
223056,Baldwin Beauty School-South Austin,30.241662,-97.783062
223083,Baptist Health System School of Health Professions,29.517063,-98.567486
223117,Baptist Missionary Association Theological Seminary,31.978961,-95.255524
223223,Baylor College of Medicine,29.7106,-95.395743
223232,Baylor University,31.546872,-97.121041
223320,Coastal Bend College,28.435194,-97.755896
223427,Blinn College,30.160457,-96.40852
223463,Remington College-Dallas Campus,32.860595000000004,-96.654105
223472,Vet Tech Institute of Houston,29.728907,-95.455533
223506,Brazosport College,29.048604,-95.40934
223816,Central Texas College,31.120516,-97.810827
223852,Charles and Sues School of Hair Design,30.6528,-96.340102
223898,Cisco College,32.401132,-98.985206
223922,Clarendon College,34.944558,-100.902421
224004,Concordia University Texas,30.420232,-97.835703
224013,BK Cosmo College of Cosmetology,30.055075,-99.15037
224110,North Central Texas College,33.6188,-97.1658
224147,Texas A & M University-Corpus Christi,27.713723,-97.32395
224156,Paul Mitchell the School-Dallas,32.973328,-96.843526
224226,Dallas Baptist University,32.710017,-96.947006
224244,Dallas Christian College,32.913692,-96.887117
224271,Dallas Institute of Funeral Service,32.771368,-96.683404
224305,Dallas Theological Seminary,32.795361,-96.780497
224323,University of Dallas,32.846221,-96.919512
224350,Del Mar College,27.763619,-97.40762
224527,East Texas Baptist University,32.557847,-94.374488
224545,Texas A&M University-Texarkana,33.490482,-94.103617
224554,Texas A & M University-Commerce,33.242112,-95.904579
224615,Dallas College,32.766319,-96.794036
224642,El Paso Community College,31.773359,-106.373616
224660,Western Technical College,31.877794,-106.425881
224679,Western Technical College,31.675953,-106.319269
224712,Episcopal Theological Seminary of the Southwest,30.293092,-97.732652
224758,Exposito School of Hair Design,35.183578,-101.881271
224776,Miami International University of Art & Design-Art Institute Dallas,32.871008,-96.767823
224828,Fort Worth Beauty School,32.82338,-97.420695
224891,Frank Phillips College,35.657778,-101.406005
224961,Galveston College,29.284735,-94.807686
225070,Grayson College,33.70574,-96.633891
225201,Hallmark University,29.538442,-98.568618
225247,Hardin-Simmons University,32.476434,-99.73564
225308,Trinity Valley Community College,32.196596,-95.858513
225371,Hill College,32.010928,-97.088332
225399,Houston Baptist University,29.693819,-95.515954
225414,University of Houston-Clear Lake,29.582523,-95.098129
225423,Houston Community College,29.742114,-95.377319
225432,University of Houston-Downtown,29.7661,-95.359338
225502,University of Houston-Victoria,28.816248,-96.976334
225511,University of Houston,29.720393,-95.343537
225520,Howard College,32.252292,-101.450104
225548,Howard Payne University,31.716467,-98.985204
225575,Huston-Tillotson University,30.264667,-97.721691
225627,University of the Incarnate Word,29.46708,-98.46583
225876,Jacksonville College-Main Campus,31.965846,-95.281311
225885,Jarvis Christian University,32.587942,-95.181513
225991,KD Conservatory College of Film and Dramatic Arts,32.808265,-96.841975
226019,Kilgore College,32.377821,-94.871468
226091,Lamar University,30.042738,-94.072244
226107,Lamar State College-Orange,30.0922,-93.732235
226116,Lamar State College-Port Arthur,29.880385,-93.925886
226125,Laredo Beauty College Inc,27.523791,-99.480788
226134,Laredo College,27.506477,-99.520772
226152,Texas A & M International University,27.571172,-99.436043
226204,Lee College,29.732505,-94.978184
226231,LeTourneau University,32.46632,-94.726394
226277,Lincoln College of Technology-Grand Prairie,32.701684,-97.056391
226383,Lubbock Christian University,33.575973,-101.934426
226408,College of the Mainland,29.39581,-94.999602
226471,University of Mary Hardin-Baylor,31.066793,-97.463471
226578,McLennan Community College,31.58947,-97.171228
226587,McMurry University,32.429776,-99.748682
226675,Covenant School of Nursing and Allied Health,33.5757,-101.937872
226806,Midland College,32.029646,-102.106153
226833,Midwestern State University,33.874809,-98.519386
226860,William Edge Institute,29.698282,-98.100952
226879,Wade College,32.800854,-96.819516
226903,Southern Careers Institute-Austin,30.226743,-97.784318
227058,Tint School of Makeup & Cosmetology,32.829511,-96.983082
227146,Navarro College,32.076061,-96.498731
227182,Lone Star College System,30.18737,-95.488103
227216,University of North Texas,33.211178,-97.148422
227225,Northeast Texas Community College,33.104931,-94.881855
227289,Oblate School of Theology,29.505434,-98.503113
227298,Ocean Corporation,29.665467,-95.57034
227304,Odessa College,31.866812,-102.383477
227313,Ogle School Hair Skin Nails-Arlington,32.720698,-97.140906
227322,Ogle School Hair Skin Nails-Ft Worth,32.681742,-97.417657
227331,Our Lady of the Lake University,29.426194,-98.54365
227368,The University of Texas Rio Grande Valley,26.306759,-98.173567
227377,Texas Southmost College,25.899628,-97.492241
227386,Panola College,32.156214,-94.356355
227401,Paris Junior College,33.650929,-95.529177
227429,Paul Quinn College,32.678837,-96.755778
227526,Prairie View A & M University,30.092425,-95.989475
227687,Ranger College,32.456773,-98.685215
227748,Aviation Institute of Maintenance-Houston,29.65852,-95.28262
227757,Rice University,29.717897,-95.402035
227845,Saint Edward's University,30.229618,-97.754998
227854,St Philip's College,29.41508,-98.453285
227863,University of St Thomas,29.736438,-95.393102
227881,Sam Houston State University,30.714738,-95.546205
227924,San Antonio College,29.44634,-98.497647
227979,San Jacinto Community College,29.660032,-95.114677
228042,Schreiner University,30.031458,-99.130586
228088,Seguin Beauty School-Seguin,29.569142,-97.96436
228149,St. Mary's University,29.453244,-98.562778
228158,South Plains College,33.575904,-102.365075
228185,South Texas Barber College Inc,27.754868,-97.417156
228194,South Texas College of Law Houston,29.753171,-95.36455
228200,South Texas Vocational Technical Institute-Weslaco,26.176606,-98.006077
228219,Miller-Motte College-STVT-McAllen,26.188539,-98.238293
228246,Southern Methodist University,32.843612,-96.783365
228282,Southwest School of Business and Technical Careers-San Antonio,29.357965,-98.49583
228316,Southwest Texas Junior College,29.219671,-99.741237
228325,Southwestern Assemblies of God University,32.40443,-96.853492
228343,Southwestern University,30.634341,-97.665738
228431,Stephen F Austin State University,31.621056,-94.64908
228459,Texas State University,29.888885,-97.943029
228468,Southwestern Adventist University,32.397617,-97.32702
228486,Southwestern Christian College,32.735508,-96.285649
228501,Sul Ross State University,30.363139,-103.651469
228529,Tarleton State University,32.214988,-98.214866
228547,Tarrant County College District,32.757362,-97.337149
228608,Temple College,31.070715,-97.350471
228635,University of Texas Southwestern Medical Center,32.812307,-96.841156
228644,The University of Texas Health Science Center at San Antonio,29.508107,-98.575655
228653,The University of Texas Medical Branch at Galveston,29.310758,-94.775956
228699,Texarkana College,33.441868,-94.078
228705,Texas A & M University-Kingsville,27.525168,-97.882387
228723,Texas A & M University-College Station,30.618726,-96.336475
228732,Texas A & M University-System Office,30.636846,-96.327705
228769,The University of Texas at Arlington,32.729718,-97.11296
228778,The University of Texas at Austin,30.282825,-97.738273
228787,The University of Texas at Dallas,32.984673,-96.749702
228796,The University of Texas at El Paso,31.77015,-106.504098
228802,The University of Texas at Tyler,32.315772,-95.254337
228866,Texas Chiropractic College Foundation Inc,29.663702,-95.150135
228875,Texas Christian University,32.70961,-97.364758
228884,Texas College,32.37456,-95.312454
228909,University of North Texas Health Science Center,32.749907,-97.369138
228981,Texas Lutheran University,29.573261,-97.982669
229018,The University of Texas Permian Basin,31.889509,-102.329634
229027,The University of Texas at San Antonio,29.583709,-98.620657
229063,Texas Southern University,29.721046,-95.361113
229090,The University of Texas System Office,30.269742,-97.744284
229115,Texas Tech University,33.583448,-101.874783
229160,Texas Wesleyan University,32.732962,-97.279613
229179,Texas Woman's University,33.226211,-97.127842
229267,Trinity University,29.462682,-98.48186
229300,The University of Texas Health Science Center at Houston,29.702873,-95.403183
229337,Texas Tech University Health Sciences Center,33.589284,-101.891915
229355,Tyler Junior College,32.33601,-95.284122
229407,University of Houston-System Administration,29.720393,-95.343537
229416,Universal Technical Institute of Texas Inc.,29.990487,-95.412113
229425,UCAS University of Cosmetology Arts & Sciences-McAllen,26.279439,-98.21787
229504,Vernon College,34.159298,-99.319094
229522,Victoria Beauty College Inc,28.807928,-96.990854
229540,Victoria College,28.816446,-96.979226
229656,Vogue College of Cosmetology-McAllen,26.232656,-98.223022
229780,Wayland Baptist University,34.187677,-101.730042
229799,Weatherford College,32.74133,-97.792629
229814,West Texas A & M University,34.982789,-101.914736
229832,Western Texas College,32.678458,-100.914945
229841,Wharton County Junior College,29.3238,-96.085815
229887,Wiley College,32.537641,-94.376814
230010,Bridgerland Technical College,41.756188,-111.850619
230038,Brigham Young University,40.250851,-111.649281
230047,Brigham Young University-Hawaii,21.642074,-157.926586
230056,Broadview College,40.609883,-111.942296
230065,Cameo College of Essential Beauty,40.645694,-111.887832
230144,Collectiv Academy,40.56441,-111.85166099999999
230162,Davis Technical College,41.028956,-111.925227
230171,Dixie State University,37.102769,-113.565903
230199,Evans Hairstyling College-Cedar City,37.679851,-113.064394
230205,Evans Hairstyling College-St George,37.108487,-113.56287
230214,Paul Mitchell the School-Salt Lake City,40.666643,-111.835077
230366,Eagle Gate College-Murray,40.649984,-111.903609
230418,Ensign College,40.77113,-111.9002
230490,Ogden-Weber Technical College,41.264286,-111.964808
230597,Snow College,39.360177,-111.58296
230603,Southern Utah University,37.674617,-113.070146
230621,Stevens-Henager College,41.232847,-112.011617
230676,Uintah Basin Technical College,40.299059,-109.97534
230728,Utah State University,41.740748,-111.81391
230737,Utah Valley University,40.281078,-111.716456
230746,Salt Lake Community College,40.671575,-111.942809
230764,University of Utah,40.762484,-111.846044
230782,Weber State University,41.192591,-111.944845
230807,Westminster College,40.730779,-111.855757
230816,Bennington College,42.919547,-73.237799
230834,Castleton University,43.608397,-73.180842
230852,Champlain College,44.473287,-73.202746
230861,Community College of Vermont,44.280811,-72.573774
230889,Goddard College,44.279087,-72.438388
230913,Northern Vermont University,44.641736,-72.671154
230959,Middlebury College,44.009117,-73.176068
230977,New England Culinary Institute,44.261307,-72.575081
230995,Norwich University,44.140237,-72.659783
231004,O'Briens Aveda Institute,44.447199,-73.102721
231059,Saint Michael's College,44.494558,-73.167069
231068,SIT Graduate Institute,42.891035,-72.56738
231095,Sterling College,44.65225,-72.382372
231147,Vermont Law School,43.821406,-72.520919
231156,Vermont State Colleges-Office of the Chancellor,44.25425,-72.572581
231165,Vermont Technical College,43.939623,-72.604498
231174,University of Vermont,44.477325,-73.196646
231280,Paul Mitchell the School-Roanoke,37.255284,-79.95759
231411,Advanced Technology Institute,36.841381,-76.182268
231420,Averett University,36.577287,-79.413203
231536,Blue Ridge Community College,38.279075,-78.937471
231554,Bluefield University,37.244557,-81.246233
231581,Bridgewater College,38.378484,-78.969007
231624,William & Mary,37.269489,-76.708214
231651,Regent University,36.801173,-76.194627
231688,Central School of Practical Nursing,36.869309,-76.210274
231697,Central Virginia Community College,37.358809,-79.184238
231712,Christopher Newport University,37.062495,-76.494364
231721,Allegiance Beauty School,36.913171,-76.256366
231785,Bryant & Stratton College-Virginia Beach,36.827826,-76.13819
231873,Dabney S Lancaster Community College,37.812275,-79.852536
231882,Danville Community College,36.565286,-79.408803
231970,Eastern Virginia Medical School,36.861232,-76.300694
232016,Centura College-Virginia Beach,36.837648,-76.064499
232025,Emory & Henry College,36.772857,-81.829142
232043,Eastern Mennonite University,38.471134,-78.880326
232052,Eastern Shore Community College,37.639652,-75.751129
232089,Ferrum College,36.926912,-80.021639
232186,George Mason University,38.829976,-77.307428
232195,Germanna Community College,38.375532,-77.78012
232256,Hampden-Sydney College,37.240615,-78.464216
232265,Hampton University,37.019944,-76.339161
232308,Hollins University,37.354201,-79.943277
232414,J Sargeant Reynolds Community College,37.636837,-77.473918
232423,James Madison University,38.436311,-78.870484
232450,Brightpoint Community College,37.346254,-77.407919
232557,Liberty University,37.350232,-79.18222
232566,Longwood University,37.301137,-78.39575
232575,Laurel Ridge Community College,39.036001,-78.267336
232609,University of Lynchburg,37.399774,-79.181653
232618,Centra College,37.4051,-79.174101
232672,Mary Baldwin University,38.153884,-79.069273
232681,University of Mary Washington,38.302492,-77.476055
232706,Marymount University,38.905562,-77.128785
232724,Sovah School of Health Professions,36.577965,-79.405312
232788,Mountain Empire Community College,36.854421,-82.758277
232797,American National University,37.299743,-80.023602
232867,New River Community College,37.105239,-80.69605
232885,Sentara College of Health Sciences,36.777043,-76.243308
232919,Tidewater Tech-Trades,36.866307,-76.234223
232937,Norfolk State University,36.848429,-76.261375
232946,Northern Virginia Community College,38.833361,-77.236718
232982,Old Dominion University,36.886418,-76.30666
233019,Patrick Henry Community College,36.737893,-79.871133
233037,Paul D Camp Community College,36.674527,-76.93757
233082,Southside College of Health Sciences,37.267704,-77.400278
233116,Piedmont Virginia Community College,38.006895,-78.483707
233277,Radford University,37.136907,-80.549728
233286,Sylvain Melloul International Hair Academy,37.364298,-79.179789
233295,Randolph-Macon College,37.76043,-77.478416
233301,Randolph College,37.437315,-79.171887
233310,Rappahannock Community College,37.564425,-76.623913
233329,Fortis College-Norfolk,36.846983,-76.190241
233338,Richard Bland College,37.156972,-77.399932
233356,Bon Secours Memorial College of Nursing,37.646698,-77.433569
233374,University of Richmond,37.577393,-77.538806
233408,Riverside College of Health Careers,37.034972,-76.456164
233426,Roanoke College,37.294861,-80.055467
233480,Bon Secours St Mary's Hospital School of Medical Imaging,37.646698,-77.433569
233541,Shenandoah University,39.167355,-78.157433
233602,Southeastern Free Will Baptist Bible College,35.80023,-78.4164
233611,Southern Virginia University,37.740368,-79.35037
233639,Southside Virginia Community College,36.839066,-77.917962
233648,Southwest Virginia Community College,37.006196,-81.796682
233666,Staunton School of Cosmetology,38.149508,-79.070811
233684,Strayer University-Virginia,38.890995,-77.085294
233718,Sweet Briar College,37.556725,-79.081014
233754,Virginia Peninsula Community College,37.063821,-76.420046
233772,Tidewater Community College,36.8501,-76.289904
233842,Union Presbyterian Seminary,37.578928,-77.449314
233897,University of Virginia's College at Wise,36.970602,-82.559656
233903,Virginia Highlands Community College,36.698866,-82.001118
233921,Virginia Polytechnic Institute and State University,37.229012,-80.423675
233949,Virginia Western Community College,37.245029,-79.973011
234030,Virginia Commonwealth University,37.54962,-77.452697
234076,University of Virginia-Main Campus,38.035665,-78.503428
234085,Virginia Military Institute,37.7896,-79.437067
234119,Asher Institute of Hampton,37.026859,-76.425917
234137,Virginia University of Lynchburg,37.395187,-79.151615
234155,Virginia State University,37.234692,-77.419026
234164,Virginia Union University,37.562405,-77.450903
234173,Virginia Wesleyan University,36.868417,-76.18606
234207,Washington and Lee University,37.788939,-79.443018
234377,Wytheville Community College,36.95731,-81.071181
234669,Bellevue College,47.584014,-122.150118
234696,Bellingham Technical College,48.766189,-122.51216
234711,Big Bend Community College,47.183651,-119.325678
234827,Central Washington University,47.002687,-120.538368
234845,Centralia College,46.715017,-122.960591
234915,City University of Seattle,47.617381,-122.344594
234924,Paul Mitchell the School-Richland,46.22626,-119.246059
234933,Clark College,45.636133,-122.651257
234951,Clover Park Technical College,47.176084,-122.497873
234979,Columbia Basin College,46.25216,-119.12103
235024,Cornish College of the Arts,47.618174,-122.336238
235088,Divers Institute of Technology,47.647402,-122.340894
235097,Eastern Washington University,47.490667,-117.583808
235103,Edmonds College,47.816376,-122.327598
235149,Everett Community College,48.006626,-122.204736
235158,Paroba College of Cosmetology,47.907818,-122.243673
235167,The Evergreen State College,47.07382,-122.977492
235237,Pierce College District,47.172082,-122.570935
235307,Glen Dow Academy of Hair Design,47.657719,-117.416526
235316,Gonzaga University,47.666531,-117.400625
235334,Grays Harbor College,46.953881,-123.803068
235343,Green River College,47.313648,-122.175819
235352,Toni & Guy Hairdressing Academy-Shoreline,47.761696,-122.344548
235422,Heritage University,46.3748,-120.394972
235431,Highline College,47.388231,-122.303064
235501,International Air and Hospitality Academy,45.627871,-122.639759
235547,Bastyr University,47.729935,-122.251708
235583,Highlights Beauty Schools,47.779174,-122.312814
235671,Bates Technical College,47.251743,-122.44683
235699,Lake Washington Institute of Technology,47.705077,-122.167131
235750,Lower Columbia College,46.14214,-122.935928
236018,BJ's Beauty & Barber College,47.208428,-122.483385
236072,North Seattle College,47.698408,-122.333584
236133,Northwest University,47.657945,-122.192763
236188,Olympic College,47.574769,-122.635113
236212,Perry Technical Institute,46.571492,-120.537976
236230,Pacific Lutheran University,47.14516,-122.440421
236258,Peninsula College,48.101295,-123.412865
236328,University of Puget Sound,47.26308,-122.478982
236382,Renton Technical College,47.489206,-122.176303
236452,Saint Martin's University,47.041068,-122.816354
236504,South Seattle College,47.5475,-122.352672
236513,Seattle Central College,47.616748,-122.321231
236577,Seattle Pacific University,47.650214,-122.361667
236595,Seattle University,47.608859,-122.318851
236610,Shoreline Community College,47.747402,-122.358626
236638,Skagit Valley College,48.437194,-122.30894
236656,South Puget Sound Community College,47.023698,-122.929578
236692,Spokane Community College,47.674034,-117.360065
236708,Spokane Falls Community College,47.676741,-117.463538
236744,Stylemaster College of Hair Design,46.136018,-122.934592
236753,Tacoma Community College,47.244622,-122.524793
236887,Walla Walla Community College,46.078557000000004,-118.276505
236896,Walla Walla University,46.048088,-118.389555
236939,Washington State University,46.730448,-117.158168
236948,University of Washington-Seattle Campus,47.65538,-122.30514
236975,Wenatchee Valley College,47.431234,-120.337198
237011,Western Washington University,48.737812,-122.485734
237039,Whatcom Community College,48.7939,-122.493253
237057,Whitman College,46.069815,-118.331546
237066,Whitworth University,47.753358,-117.416714
237109,Yakima Valley College,46.586098,-120.528525
237118,Alderson Broaddus University,39.158067,-80.047728
237127,Appalachian Beauty School,37.624479,-82.266793
237136,Appalachian Bible College,37.853335,-81.198867
237145,B M Spurr School of Practical Nursing,39.946126,-80.752394
237172,Ben Franklin Career Center,38.367234,-81.75353
237181,Bethany College,40.205819,-80.560056
237215,Bluefield State College,37.265732,-81.239037
237242,Cabell County Career Technology Center,38.403244,-82.372418
237303,Charleston School of Beauty Culture,38.349945,-81.634583
237312,University of Charleston,38.333367,-81.616244
237321,Clarksburg Beauty Academy and School of Massage Therapy,39.279875,-80.339054
237330,Concord University,37.423723,-81.006696
237358,Davis & Elkins College,38.931232,-79.846022
237367,Fairmont State University,39.483079,-80.162433
237385,Glenville State University,38.93547,-80.834295
237437,Huntington Junior College,38.419732,-82.443234
237473,James Rumsey Technical Institute,39.5328,-77.978583
237491,Ralph R Willis Career and Technical Center,37.82694,-81.94289
237525,Marshall University,38.422482,-82.428964
237543,Mercer County Technical Education Center,37.360024,-81.104647
237552,Meredith Manor International Equestrian Center,39.298354,-81.398107
237561,Monongalia County Technical Education Center,39.611165,-79.957275
237570,Morgantown Beauty College Inc,39.628866,-79.954593
237598,Mountain State College,39.273787,-81.548845
237640,Ohio Valley University,39.312447,-81.537808
237686,West Virginia University at Parkersburg,39.216379,-81.506192
237701,Potomac State College of West Virginia University,39.438323,-78.981441
237729,Academy of Careers and Technology,37.795299,-81.165435
237783,Salem University,39.288632,-80.571767
237792,Shepherd University,39.433071,-77.804101
237817,Southern West Virginia Community and Technical College,37.851756,-82.023014
237844,Fred W Eberle Technical Center,39.001908,-80.225278
237880,West Virginia School of Osteopathic Medicine,37.804273,-80.43782
237899,West Virginia State University,38.380541,-81.765034
237905,West Virginia University Hospital Departments of Rad Tech and Nutrition,39.654269,-79.957959
237932,West Liberty University,40.164417,-80.602256
237950,West Virginia University Institute of Technology,37.775924,-81.184072
237969,West Virginia Wesleyan College,38.990661,-80.218969
237987,West Virginia Junior College-Charleston,38.422967,-81.789743
237996,West Virginia Junior College-Morgantown,39.63248,-79.955006
238005,International Beauty School 4,39.456357,-77.965463
238014,West Virginia Northern Community College,40.063318,-80.721263
238032,West Virginia University,39.634371,-79.954391
238078,Wheeling University,40.070873,-80.690804
238096,Wood County School of Practical Nursing,39.242596,-81.54796
238175,VICI Beauty School,42.969877,-88.049912
238193,Alverno College,42.982842,-87.965174
238263,Madison Area Technical College,43.12183,-89.327921
238324,Bellin College,44.468277,-87.921722
238333,Beloit College,42.504022,-89.029285
238397,Blackhawk Technical College,42.593159,-89.016254
238430,Cardinal Stritch University,43.139752,-87.909045
238458,Carroll University,43.004527,-88.228114
238476,Carthage College,42.622969,-87.820924
238573,Columbia College of Nursing,43.097318,-87.918283
238616,Concordia University-Wisconsin,43.253387,-87.91552
238661,Edgewood College,43.057059,-89.422884
238722,Fox Valley Technical College,44.283174,-88.45893
238759,Gateway Technical College,42.605677,-87.846695
238810,The Professional Hair Design Academy,44.783374,-91.461714
238980,Lakeland University,43.841573,-87.883414
239008,Lakeshore Technical College,43.924774,-87.75454
239017,Lawrence University,44.261323,-88.397822
239071,Maranatha Baptist University,43.195013,-88.737016
239080,Marian University,43.777411,-88.420638
239105,Marquette University,43.03903,-87.927961
239169,Medical College of Wisconsin,43.044527,-88.022674
239220,Mid-State Technical College,44.391091,-89.783785
239248,Milwaukee Area Technical College,43.04359,-87.920818
239309,Milwaukee Institute of Art & Design,43.030917,-87.907925
239318,Milwaukee School of Engineering,43.045364,-87.907691
239372,Moraine Park Technical College,43.785224,-88.417656
239390,Mount Mary University,43.072507,-88.030732
239424,Nashotah House,43.082193,-88.423743
239442,Nicolet Area Technical College,45.609542,-89.425055
239460,Northcentral Technical College,44.986458,-89.646369000000007
239488,Northeast Wisconsin Technical College,44.526467,-88.105675
239512,Northland College,46.579087,-90.87476
239628,Ripon College,43.844135,-88.842333
239637,Sacred Heart Seminary and School of Theology,42.910829,-88.04438
239716,Saint Norbert College,44.44483,-88.067812
239877,State College of Beauty Culture Inc,44.936911,-89.618062
239910,Southwest Wisconsin Technical College,42.976238,-90.637714
240107,Viterbo University,43.803133,-91.244297
240116,Chippewa Valley Technical College,44.794867000000004,-91.505675
240125,Waukesha County Technical College,43.071444,-88.256292
240170,Western Technical College,43.815309,-91.246191
240189,University of Wisconsin-Whitewater,42.835563,-88.742368
240198,Northwood Technical College,45.747831,-91.916484
240213,Wisconsin School of Professional Psychology,43.10534,-88.026735
240268,University of Wisconsin-Eau Claire,44.798284,-91.501906
240277,University of Wisconsin-Green Bay,44.532298,-87.919973
240329,University of Wisconsin-La Crosse,43.81568,-91.23186
240338,Wisconsin Lutheran College,43.036943,-88.022718
240365,University of Wisconsin-Oshkosh,44.026206,-88.549369
240374,University of Wisconsin-Parkside,42.647718,-87.855231
240392,Herzing University-Madison,43.14415,-89.291561
240417,University of Wisconsin-Stout,44.873187,-91.926653
240426,University of Wisconsin-Superior,46.717629,-92.091007
240435,University of Wisconsin-System Administration,43.075674,-89.406804
240444,University of Wisconsin-Madison,43.075409,-89.404098
240453,University of Wisconsin-Milwaukee,43.076848,-87.880488
240462,University of Wisconsin-Platteville,42.733451,-90.48622
240471,University of Wisconsin-River Falls,44.8534,-92.622641
240480,University of Wisconsin-Stevens Point,44.529582,-89.570934
240505,Casper College,42.832788,-106.326712
240514,Central Wyoming College,43.030556,-108.426738
240596,Eastern Wyoming College,42.079354,-104.190823
240620,Laramie County Community College,41.104288,-104.778789
240657,Northwest College,44.760656,-108.761853
240666,Northern Wyoming Community College District,44.763926,-106.941105
240693,Western Wyoming Community College,41.590964,-109.237126
240709,Cheeks Beauty Academy,41.134123,-104.816751
240718,WyoTech,41.30354,-105.621161
240727,University of Wyoming,41.311773,-105.57931
240736,American Samoa Community College,-14.322636,-170.742774
240745,Guam Community College,13.440649,144.808944
240754,University of Guam,13.433047,144.803978
240790,Northern Marianas College,15.152247,145.721733
240879,Institute of Beauty Careers,18.468413,-66.719492
240985,Educational Technical College-Recinto de Bayamon,18.398885,-66.151679
241100,American University of Puerto Rico,18.407058,-66.186631
241128,American University of Puerto Rico,18.434072,-66.478655
241146,American Educational College,18.397931,-66.15099
241182,Antilles School of Technical Careers,18.438416,-66.059206
241191,Universidad Adventista de las Antillas,18.205685,-67.111207
241216,Atlantic University College,18.357395,-66.111714
241225,Universidad Central de Bayamon,18.398864,-66.180773
241304,Columbia Central University-Caguas,18.22329,-66.022543
241331,Albizu University-San Juan,18.466573,-66.113908
241377,Caribbean University-Bayamon,18.383136,-66.168315
241386,Caribbean University-Carolina,18.380193,-65.960036
241395,Pontifical Catholic University of Puerto Rico-Arecibo,18.446006,-66.679114
241410,Pontifical Catholic University of Puerto Rico-Ponce,18.00165,-66.617138
241517,CEM College-San Juan,18.393955,-66.035797
241614,Universidad Teologica del Caribe,18.373928,-66.010617
241720,Colegio Universitario de San Juan,18.428528,-66.066529
241739,Universidad Ana G. Mendez-Cupey Campus,18.387183,-66.061647
241766,Conservatory of Music of Puerto Rico,18.454016,-66.078811
241793,Center for Advanced Studies On Puerto Rico and the Caribbean,18.466567,-66.11841
241836,EDP University of Puerto Rico Inc-San Sebastian,18.338036,-66.992287
241906,Emma's Beauty Academy-Mayaguez,18.201283,-67.140563
241951,Escuela de Artes Plasticas y Diseno de Puerto Rico,18.46778,-66.121348
242042,Instituto Tecnologico de Puerto Rico-Recinto de Manati,18.432962,-66.472476
242060,Sistema Universitario Ana G. Mendez,18.387204,-66.061653
242112,Huertas College,18.236147,-66.025572
242121,Humacao Community College,18.148274,-65.826857
242130,ICPR Junior College-Arecibo,18.478059,-66.759324
242149,ICPR Junior College-Mayaguez,18.202277,-67.144762
242413,Richport Technical College,30.390802,-91.083628
242556,Instituto Tecnologico de Puerto Rico-Recinto de Guayama,17.977897,-66.118728
242565,Instituto Tecnologico de Puerto Rico-Recinto de Ponce,17.999381,-66.629804
242583,Instituto Tecnologico de Puerto Rico-Recinto de San Juan,18.411097,-66.016003
242617,Inter American University of Puerto Rico-San German,18.08353,-67.05082
242626,Inter American University of Puerto Rico-Aguadilla,18.467886,-67.121671
242635,Inter American University of Puerto Rico-Arecibo,18.47509,-66.75901
242644,Inter American University of Puerto Rico-Barranquitas,18.182777,-66.303153
242653,Inter American University of Puerto Rico-Metro,18.368988,-66.077711
242662,Inter American University of Puerto Rico-Ponce,18.007388,-66.578498
242671,Inter American University of Puerto Rico-Central Office,18.403964,-66.069533
242680,Inter American University of Puerto Rico-Fajardo,18.329222,-65.648052
242699,Inter American University of Puerto Rico-Guayama,17.96635,-66.108164
242705,Inter American University of Puerto Rico-Bayamon,18.351631,-66.182473
242723,Inter American University of Puerto Rico-School of Law,18.428145,-66.072656
242750,International Technical College,18.416999,-66.057312
242820,Liceo de Arte y Tecnologia,18.421013,-66.056421
242945,Modern Hairstyling Institute-Bayamon,18.400061,-66.155872
242954,Modern Hairstyling Institute-Arecibo,18.47582,-66.754059
242972,NUC University,18.396872,-66.157027
243081,Ponce Health Sciences University,17.993201,-66.620307
243106,University of Puerto Rico-Aguadilla,18.498652,-67.13793
243115,University of Puerto Rico-Arecibo,18.469199,-66.74114
243133,University of Puerto Rico-Bayamon,18.371398,-66.143541
243142,University of Puerto Rico-Carolina,18.392069,-65.990165
243151,University of Puerto Rico-Cayey,18.11882,-66.162066
243160,University of Puerto Rico-Central Administration,18.38959,-66.056329
243179,University of Puerto Rico-Humacao,18.146589,-65.838602
243188,University of Puerto Rico-Utuado,18.254577,-66.721667
243197,University of Puerto Rico-Mayaguez,18.211142,-67.139172
243203,University of Puerto Rico-Medical Sciences,18.396548,-66.074894
243212,University of Puerto Rico at Ponce,17.993314,-66.606215
243221,University of Puerto Rico-Rio Piedras,18.402826,-66.050009
243346,Universidad Ana G. Mendez-Carolina Campus,18.414805,-65.983869
243443,Universidad del Sagrado Corazon,18.441166,-66.059617
243498,Seminario Evangelico de Puerto Rico,18.407003,-66.052816000000007
243568,Universidad Central Del Caribe,18.366171,-66.153758
243577,Universidad Politecnica de Puerto Rico,18.422195,-66.056084
243586,Pontifical Catholic University of Puerto Rico-Mayaguez,18.182375,-67.145695
243601,Universidad Ana G. Mendez-Gurabo Campus,18.239647,-66.006259
243638,College of Micronesia-FSM,6.909759,158.158189
243647,Palau Community College,7.343177,134.473744
243665,University of the Virgin Islands,18.344193,-64.972866
243744,Stanford University,37.429434,-122.167359
243780,Purdue University-Main Campus,40.428206,-86.914435
243799,Blue Hills Regional Technical School,42.18221,-71.104081
243823,Parker University,32.880335,-96.893564
243832,EDP University of Puerto Rico Inc-San Juan,18.415375,-66.055403
243841,ICPR Junior College,18.415291,-66.05712
244233,City College-Fort Lauderdale,26.187467,-80.1705
244279,Meridian College,27.380724,-82.425309
244437,Georgia State University-Perimeter College,33.753426,-84.385712
244446,Georgia Piedmont Technical College,33.789898,-84.234504
244613,ETI School of Skilled Trades,41.748334,-87.936249
245281,Traxlers School of Hair,32.268023,-90.261863
245625,Warren County Community College,40.744812,-75.018309
245652,St. John's College,35.666974,-105.912478
245777,Bais Medrash Elyon,41.114079,-74.069798
245838,Antioch University-Los Angeles,33.988533,-118.384458
245847,Antioch University-Santa Barbara,34.419203,-119.6958
245865,Antioch University-New England,42.932344,-72.293798
245883,Antioch University-Seattle,47.615916,-122.346318
245892,Antioch University,39.80321,-83.908684
245953,Mid-America Christian University,35.347785,-97.578297
245962,Miller-Motte College-Platt College-Tulsa,36.109468,-95.903824
245980,Ponca City Beauty College,36.73957,-97.06801
245999,Francis Tuttle Technology Center,35.60052,-97.640672
246017,Central Technology Center,35.994261,-96.585322
246035,Carrington College-Portland,45.532356,-122.653583
246071,Career Technology Center of Lackawanna County,41.452849,-75.652477
246345,Houston Graduate School of Theology,29.673594,-95.448846
246354,Palo Alto College,29.322955,-98.543468
246406,Sebring Career Schools-Huntsville,30.702549,-95.549878
246415,UCAS University of Cosmetology Arts & Sciences-San Antonio 410,29.493246,-98.551137
246460,Central Texas Beauty College-Round Rock,30.520723,-97.685077
246789,Unification Theological Seminary,40.754309,-73.981154
246813,Athens Technical College,33.990183,-83.339598
246895,GateWay Community College-Central City,33.435686,-112.054912
246974,Carrington College-San Leandro Campus,37.699627,-122.12567
247010,Headmasters School of Hair Design,46.421026,-117.025943
247047,The Salon Professional Academy-Nampa,43.567768,-116.563413
247065,Beckfield College-Florence,39.017166,-84.641475
247083,University of Louisiana-System Administration,30.459815,-91.188679
247153,Dorsey College-Wayne,42.28171,-83.382299
247162,Ecumenical Theological Seminary,42.344129,-83.055266
247409,Ross Medical Education Center-Saginaw,43.469473,-83.967884
247603,Sussex County Community College,41.067633,-74.758079
247649,Landmark College,42.977172,-72.512549
247737,Mississippi Community College Board,32.338859,-90.144689
247773,Yeshiva Gedolah of Greater Detroit,42.471924,-83.200754
247825,Austin Graduate School of Theology,30.343842,-97.711751
247834,Collin County Community College District,33.16241,-96.63894
247940,Owensboro Community and Technical College,37.717355,-87.082861
248192,Allure Beauty College,37.123363,-82.838909
248527,Cloyd's Beauty School 3 Inc,32.533231,-92.080603
248606,Moore Norman Technology Center,35.274434,-97.457319
248624,Fayette County Career & Technical Institute Practical Nursing Program,39.860976,-79.741718
248633,Franklin County Career and Technology Center,39.897693,-77.680541
248660,Paul Mitchell the School-Knoxville,35.92271,-84.057621
248703,Ogle School Hair Skin Nails-Hurst,32.822035,-97.201403
248925,Tennessee College of Applied Technology Nashville,36.132649,-86.856335
248934,ECPI University,36.842526,-76.178773
249061,Ms Roberts Academy of Beauty Culture,41.881179,-87.884693
249238,Paul Mitchell the School-Houston,29.785868,-95.559723
249566,TDDS Technical Institute,41.115282,-80.957782
249609,Fortis Institute-Forty Fort,41.281911,-75.882975
250027,Laurel Business Institute,39.90248,-79.724907
250285,Aviation Institute of Maintenance-Philadelphia,40.070184,-75.007237
250744,Dorsey College-Roseville,42.527764,-82.915541
250902,Moler-Pickens Beauty Academy,39.317488,-84.499701
250993,Red River Technology Center,34.491393,-97.99029
251260,Southern Union State Community College,33.128785,-85.572382
251312,South University-Columbia,34.098042,-80.961839
260336,Clinton Technical School,38.363669,-93.768458999999993
260363,Greene County Career and Technology Center,39.893537,-80.151066
260372,Lac Courte Oreilles Ojibwe College,45.942252,-91.365002
260664,Diesel Driving Academy-Shreveport,32.47617,-93.794921
260691,Pima Medical Institute-Mesa,33.396878,-111.87417
260789,Platt College-Los Angeles,34.081723,-118.150013
260813,Platt College-Aurora,39.661195,-104.854614
260929,Paul Mitchell the School-Boise,43.594479,-116.286058
260965,Educators of Beauty College of Cosmetology-Rockford,42.268515,-88.98081
260992,Northwestern College,41.751724,-87.797406
261436,Douglas J Aveda Institute,42.734606,-84.480467
261676,Ross Medical Education Center-Brighton,42.548468,-83.796918
261685,Ross Medical Education Center-Ann Arbor,42.25294,-83.666667
261719,Taylortown School of Beauty Inc,42.254745,-83.259322
261773,Pike-Lincoln Technical Center,39.245484,-91.019918
261861,West Virginia Junior College-United Career Institute,39.950525,-79.652374
262022,Bethel Seminary-San Diego,32.765387,-117.06605
262031,St Charles Community College,38.759703,-90.641105
262086,University of Massachusetts Global,33.656401,-117.769012
262129,New College of Florida,27.384925,-82.55858
262165,Montana Bible College,45.65472,-111.066301
262341,Conservatory of Recording Arts and Sciences,33.407853,-111.889544
262369,Adrian's Beauty College of Turlock,37.491448,-120.863784
262402,California Career School,33.819547,-117.906219
262457,San Joaquin Valley College-Fresno,36.829907,-119.784003
262466,Dr. Ida Rolf Institute,40.066263,-105.203076
362700,Sunstate Academy,26.596006,-81.870312
362782,Elizabeth Grady School of Esthetics and Massage Therapy,42.414728,-71.12623
363013,Ross Medical Education Center-Port Huron,43.024632,-82.452984
363077,Capri Institute of Hair Design-Clifton,40.887432,-74.152668
363147,Raphael's School of Beauty Culture Inc-Alliance,40.902642,-81.152086
363165,Metro Technology Centers,35.512549,-97.478182
363439,Hussian College-Daymar College Bowling Green,36.968327,-86.473717
363633,Luna Community College,35.616303,-105.250865
363679,Grabber School of Hair Design,38.557164,-90.390799
363712,Yeshivah Gedolah Rabbinical College,25.782445,-80.141334
363721,University of the District of Columbia-David A Clarke School of Law,38.94621,-77.065221
363882,Raphael's School of Beauty Culture Inc-Brunswick,41.240245,-81.806142
363907,Caribbean University-Ponce,18.006633,-66.59425
363916,Caribbean University-Vega Baja,18.444882,-66.40315
363934,University of Advancing Technology,33.377712,-111.976087
364016,Paradise Valley Community College,33.652135,-112.009865
364025,Chandler-Gilbert Community College,33.293897,-111.795922
364548,Great Plains Technology Center,34.592907,-98.450321
364575,Roane-Jackson Technical Center,38.82254,-81.561142
364627,Pioneer Technology Center,36.72772,-97.093516
364636,Portage Lakes Career Center,40.943122,-81.472008
364751,Eastern College of Health Vocations-New Orleans,29.944923,-90.180687
364760,Bell Mar Beauty College,41.850656,-87.767244
364946,Caddo Kiowa Technology Center,35.108561,-98.443443
364964,"Center for Instruction, Technology & Innovation",43.457841,-76.259308
365091,International School of Skin Nailcare & Massage Therapy,33.908031,-84.379687
365125,Palomar Institute of Cosmetology,33.13663,-117.188351
365198,Southern Oklahoma Technology Center,34.186239,-97.082971
365204,Vista College,31.786912,-106.411952
365213,Autry Technology Center,36.419122,-97.89719
365240,Greene County Career Center,39.662386,-83.915659
365374,Canadian Valley Technology Center,35.509208,-97.881967
365383,Wilkes-Barre Area Career and Technical Center Practical Nursing,41.262154,-75.810121
365480,Meridian Technology Center,36.106981,-97.108414
365505,Waynesville Career Center,37.811315,-92.21393
365693,Capitol School of Hairstyling and Esthetics,41.209501,-96.082248
365763,Morris County Vocational School District,40.877531,-74.479263
365824,Ross Medical Education Center-Roosevelt Park,43.191474,-86.267098
365833,Ross Medical Education Center-Kentwood,42.880955,-85.605379
366003,South Florida Bible College and Theological Seminary,26.30294,-80.134508
366155,Cloyd's Barber School 2 Inc,32.485377,-92.090159
366191,Universal Technical Institute of Illinois Inc,41.80697,-88.104
366252,Pennsylvania College of Technology,41.234145,-77.023665
366261,Commonwealth Institute of Funeral Service,29.989545,-95.430153
366270,Delta College of Arts & Technology,30.463619,-91.113841
366289,InterCoast Colleges-Santa Ana,33.70497,-117.85367
366340,Stone Child College,48.289808,-109.870182
366368,New York Academy of Art,40.718388,-74.006019
366395,Suffolk County Community College,40.848963,-73.056165
366401,Las Positas College,37.710873,-121.80058
366438,Blades School of Hair Design,38.286299,-76.48376
366465,Ogeechee Technical College,32.395767,-81.818517
366535,Remington College-Mobile Campus,30.67173,-88.143941
366553,Southern Technical College,26.596097,-81.877644
366571,Mercy-St Luke's School of Radiologic Technology,41.985552,-91.660609
366605,Southwest Acupuncture College-Santa Fe,35.6607,-105.95544
366623,Northwest Technology Center-Alva,36.786733,-98.675711
366632,Mercer County Career Center,41.250851,-80.248614
366711,California State University-San Marcos,33.130569,-117.159013
367051,Hairmasters Institute of Cosmetology,40.474796,-88.979453
367088,Tricoci University of Beauty Culture LLC-Bloomington,39.181606,-86.536403
367103,Interactive College of Technology-Newport,39.084818,-84.479078
367112,Miller-Motte College-McCann-Monroe,32.524328,-92.10098
367158,Ross Medical Education Center-Taylor,42.194933,-83.250307
367334,National Tractor Trailer School Inc-Liverpool,43.140652,-76.193341
367361,Interactive College of Technology,29.734143,-95.539975
367431,Butler Beauty Academy-New Castle Beauty Academy,40.999207,-80.341891
367459,NorthWest Arkansas Community College,36.357704,-94.17289
367875,Brewster Technical College,27.96373,-82.461722
367884,Hodges University,26.610865,-81.821419
367954,University of St. Augustine for Health Sciences,33.151849,-117.165964
367972,Capital Area School of Practical Nursing,39.718311,-89.626262
367981,Hair Professionals Career College,41.702881,-87.816614
368036,Alexandria School of Scientific Therapeutics,40.255608,-85.674016
368230,Empire Beauty School-Bloomfield,40.79497,-74.199706
368364,Southwest Technology Center,34.668194,-99.341161
368407,Western Area Career & Technology Center,40.254722,-80.246117
368443,Hussian College-Daymar College Clarksville,36.582865,-87.312856
368452,Nossi College of Art,36.24323,-86.738561
368540,Seguin Beauty School-New Braunfels,29.70187,-98.125943
368629,Pima Medical Institute-Seattle,47.699144,-122.326844
368647,Mineral County Vocational Technical Center,39.427976,-78.987462
368771,Hypnosis Motivation Institute,34.170219,-118.538719
368832,Thanh Le College School of Cosmetology,33.789713,-117.908306
368911,Southeastern Technical College,32.20393,-82.365827
369002,Massachusetts School of Law,42.682106,-71.19954
369109,Alliance Career Center,40.911271,-81.111225
369400,Universal Technical Institute-Auto Motorcycle & Marine Mechanics Institute Division-Orlando,28.424285,-81.409713
369419,Erwin Technical College,27.997242,-82.435933
369446,Rosel School of Cosmetology,42.050202,-87.838131
369455,Worsham College of Mortuary Science,42.147858,-87.927374
369516,Bryan University,37.135397,-93.248107
369659,Oregon College of Oriental Medicine,45.524121,-122.671099
369668,Central Pennsylvania Institute of Science and Technology,40.882168,-77.740923
369686,Northwest Educational Center,29.813796,-95.473149
369695,Sebring Career Schools-Houston,29.706713,-95.644945
369783,PCI Health Training Center,32.82007,-96.876316
369950,Hamrick School,41.135812,-81.728742
371034,Alabama State College of Barber Styling,33.643546,-86.810488
371052,Fortis College,30.68413,-88.205581
371690,Downey Adult School,33.91965,-118.115727
371830,CRU Institute of Cosmetology and Barbering,33.790145,-118.030758
371928,Modern Technology School,33.723142,-117.918837
371964,National Career Education,38.679835,-121.273917
372028,North-West College-Glendale,34.148981,-118.255462
372073,Fremont College,33.868382,-118.097019
372082,Pomona Unified School District Adult and Career Education,34.054864,-117.772606
372240,Universal College of Beauty Inc-Los Angeles 2,34.004498,-118.332236
372329,IBMC College,40.534067,-105.07898900000001
372356,Avalon Institute-Aurora,39.676308,-104.848602
372462,Academy of Cosmetology,28.394053,-80.70372
372718,Sunstate Academy,27.967041,-82.732693
372921,Fortis College-Smyrna,33.900255,-84.543009
373085,Ross College-Davenport,41.555054,-90.550669
373216,Pivot Point Academy,41.955935,-88.076665
373456,Blalock's Professional Beauty College,32.426006,-93.78425
373526,Diesel Driving Academy-Baton Rouge,30.465289,-91.103287
373678,New England Hair Academy,42.427969,-71.067282
373696,Rob Roy Academy-Worcester,42.263673,-71.807728
373711,Upper Cape Cod Regional Technical School,41.745328,-70.578837
373784,All-State Career-Baltimore,39.264664,-76.544942
374024,Adler Graduate School,44.893479,-93.410236
374316,Academy of Hair Design-Jackson,32.376376,-90.147044
374343,KC's School of Hair Design,34.256411,-89.015947
374574,Lincoln Technical Institute-Moorestown,39.94847,-74.955631
374592,MCVSD,40.265559,-74.249254
374990,Continental School of Beauty Culture-Olean,42.084487,-78.428158
375106,National Tractor Trailer School Inc-Buffalo,42.864978,-78.856393
375230,Yeshiva Gedolah Imrei Yosef D'spinka,40.628468,-73.992328
375373,Knox County Career Center,40.375889,-82.475117
375407,Madison Adult Career Center,40.774328,-82.460912
375416,Remington College-Cleveland Campus,41.422951,-81.579347
375540,Toledo Academy of Beauty Culture-East,41.638647,-83.469064
375568,Brown & Clermont Adult Career Campuses,38.969393,-84.094071
375656,Chisholm Trail Technology Center,35.84221,-98.20184
375683,Gordon Cooper Technology Center,35.380321,-96.908013
375726,Kiamichi Technology Center-McAlester,34.924173,-95.745999
375939,YTI Career Institute-Altoona,40.485879,-78.401194
375966,Eastern Center for Arts and Technology,40.158437,-75.108649
375984,Empire Beauty School-Center City Philadelphia,39.950921,-75.166566
376224,CEM College-Humacao,18.148771,-65.821107
376242,Colegio Mayor de Tecnologia Inc,17.970907,-66.060473
376288,Institucion Chaviano de Mayaguez,18.200763,-67.137002
376321,EDIC College,18.242588,-66.025311
376330,Liceo de Arte-Dise-O y Comercio,18.233122,-66.034057
376385,Universal Technology College of Puerto Rico,18.42812,-67.155628
376446,Academy of Hair Technology,34.874681,-82.327426
376631,Mr Wayne's School of Unisex Hair Design,36.158772,-85.512381
376677,Queen City College,36.573521,-87.408706
376695,College of the Marshall Islands,7.102688,171.378129
377111,Remington College-Fort Worth Campus,32.776152,-97.213702
377193,UCAS University of Cosmetology Arts & Sciences,29.354354,-98.484836
377218,School of Automotive Machinists & Technology,29.805166,-95.476017
377272,Nuvani Institute,29.457062,-98.498977
377281,Nuvani Institute,28.707864,-100.506009
377315,Texas College of Cosmetology-Abilene,32.448891,-99.747159
377342,Vista College-Online,32.95518,-96.768201
377449,Centura College-Newport News,37.140484,-76.517328
377458,Centura College-Norfolk,36.908434,-76.232569
377485,Virginia Beach City Public Schools School of Practical Nursing,36.743065,-76.074108
377546,Northwest College of Art & Design,47.25249,-122.43885
377555,University of Washington-Bothell Campus,47.759773,-122.191293
377564,University of Washington-Tacoma Campus,47.244594,-122.438541
377643,Huntington School of Beauty Culture,38.410212,-82.325688
377652,Valley College-Beckley,37.789287,-81.187539
377661,Valley College-Martinsburg,39.486897,-77.959272
377722,Bellus Academy-Poway,32.957184,-117.042531
377759,Capstone College,34.165741,-118.149478
378105,Central Coast College,36.669595,-121.655643
378576,Pacific College of Health and Science,32.778391,-117.16073
378886,Artistic Nails and Beauty Academy-Tampa,27.951358,-82.403486
378956,National Aviation Academy of Tampa Bay,27.89484,-82.721372
379621,Madison Oneida BOCES-Practical Nursing Program,43.141074,-75.560043
379746,College of Health Care Professions,29.678462,-95.420012
379782,Center for Advanced Legal Studies,29.75302,-95.558831
380067,Houston Training School-Main Campus,29.77291,-95.24417
380359,Bay Mills Community College,46.454584,-84.607089
380368,Fond du Lac Tribal and Community College,46.690069,-92.451326
380377,Northwest Indian College,48.794131,-122.614656
380438,Provo College,40.245294,-111.68431
380465,University of Phoenix-Utah,40.653835,-111.904474
381255,CET-Coachella,33.692248,-116.185875
381282,CET-Oxnard,34.194208,-119.18145
381325,CET-Santa Maria,34.943576,-120.441978
381352,Colorado School of Traditional Chinese Medicine,39.739437,-104.960118
381370,Michigan College of Beauty-Troy,42.570337,-83.12734
381404,Ogle School Hair Skin Nails-Dallas,32.836833,-96.754693
381459,Phoenix Seminary,33.581645,-111.910665
381486,Faust Institute of Cosmetology-Spirit Lake,43.42141,-95.113596
381699,Cheeks Beauty Academy,40.445169,-105.078334
381732,Colorado School of Healing Arts,39.697033,-105.082406
382258,Mt. Diablo Adult Education-Mt. Diablo USD,37.968852,-122.026805
382416,Greater Lowell Technical School,42.653908,-71.38618
382461,Academy of Hair Design-Pearl,32.281983,-90.115129
382780,Genesis Career College-Lebanon,36.21618,-86.337952
382911,Southwest Collegiate Institute for the Deaf,32.226498,-101.50294
382957,Fortis College-Richmond,37.58153,-77.488437
383020,Midwest College of Oriental Medicine-Racine,42.678051,-87.856679
383084,Hacienda La Puente Adult Education,34.044112,-117.979559
383163,La Belle Beauty Academy,25.769614,-80.31582
383190,Hawaii Community College,19.704756,-155.069653
383279,Robert Fiance Beauty Schools-North Plainfield,40.622543,-74.427019
383297,Long Island Beauty School-Hauppauge,40.828573,-73.200285
383312,Buckeye Joint Vocational School,40.470531,-81.401957
383330,Sandusky Career Center,41.440957,-82.766473
383367,Greater Altoona Career & Technology Center,40.508337,-78.398094
383464,Central Texas Beauty College-Temple,31.084871,-97.379234
383525,Erie 2 Chautauqua Cattaraugus BOCES-Practical Nursing Program,42.110198,-79.387599
383765,Empire Beauty School-Brooklyn,40.599279,-73.989884
383996,Eastern New Mexico University Ruidoso Branch Community College,33.346376,-105.677273
384236,United Education Institute-Ontario,34.0694,-117.547733
384245,United Education Institute-Encino,34.170205,-118.50213
384254,Beacon College,28.811281,-81.87415
384306,Acupuncture and Integrative Medicine College-Berkeley,37.862754,-122.267636
384333,Estrella Mountain Community College,33.480722,-112.343158
384342,Heartland Community College,40.53301,-89.014776
384412,University of the Potomac-Washington DC Campus,38.90054,-77.032531
384421,Rabbi Jacob Joseph School,40.501001,-74.397954
385132,The Salon Professional Academy-Melbourne,28.081445,-80.651439
385415,Albert Einstein College of Medicine,40.852847,-73.846327
385503,Fortis Institute-Scranton,41.417104,-75.651683
385619,Everglades University,26.391218,-80.108331
386153,Seminar L'moros Bais Yaakov,40.634863,-73.985376
386472,Herzing University-Orlando,28.615784,-81.312669
387925,Cortiva Institute,26.275351,-80.150541
388520,College of Biblical Studies-Houston,29.716676,-95.506559
388663,Inner State Beauty School,41.519527,-81.494178
389860,Mid-EastCTC-Adult Education,39.937192,-81.976056
390905,Polaris Career Center,41.3644,-81.832474
391005,P&A Scholars Beauty School,42.376091,-83.157878
391546,ASM Beauty World Academy,26.045461,-80.222145
391759,Sharp's Academy of Hairstyling,42.912036,-83.624526
392257,The College of Health Care Professions-Northwest,29.799602,-95.454298
392354,"School of Professional Horticulture, New York Botanical Garden",40.866742,-73.878164
392415,Fortis College,29.732861,-95.64832
393524,Alhambra Beauty College,34.093916,-118.129041
393649,UEI College-Gardena,33.893016,-118.287234
393861,Asian-American International Beauty College,33.759524,-117.991643
395362,Copper Mountain Community College,34.140464,-116.213939
395690,Diversified Vocational College,34.056102,-118.272364
397942,UEI College-Fresno,36.782858,-119.789002
399212,Santiago Canyon College,33.795449,-117.766762
399869,Southern California Institute of Technology,33.8381,-117.950661
399911,Soka University of America,33.554546,-117.735344
400080,Summit College,34.072073,-117.26818
400187,Advance Beauty College,33.759905,-117.952637
400558,Los Angeles Pacific College,34.062282,-118.295037
401223,World Mission University,34.064918,-118.289484
401250,Yo San University of Traditional Chinese Medicine,33.993287,-118.442756
401481,Cannella School of Hair Design-Blue Island,41.657848,-87.679865
401764,John Amico School of Hair Design,41.613957,-87.736464
402563,Delta College Inc,30.467468,-90.086695
402776,Southwest University of Visual Arts-Albuquerque,35.088818,-106.589352
402800,Tri-State Cosmetology Institute,31.749969,-106.3372
403469,Frontier Community College,38.380271,-88.392194
403478,Lincoln Trail College,39.01958,-87.689001
403487,Wabash Valley College,38.42889,-87.778448
404037,American Institute of Interior Design,33.623816,-111.925097
404055,Brookline College-Tempe,33.4163,-111.961365
404222,Inter American University of Puerto Rico-School of Optometry,18.351631,-66.182473
404338,Schiller International University,27.947866,-82.459292
404426,Coconino Community College,35.171328,-111.645631
404480,University System of Maryland-Research Centers,39.286077,-76.605479
404684,Emma's Beauty Academy-Juana Diaz,18.041587,-66.504191
404718,Brillare Beauty Institute,35.191417,-84.881446
404806,Columbia Central University-Yauco,18.037737,-66.849127
404912,Pima Medical Institute-Denver,39.831679,-105.00252
404994,ASA College,40.691464,-73.986076
405012,Ohio State School of Cosmetology-Heath,40.03011,-82.440975
405058,Yeshivas Novominsk,40.623293,-73.990095
405076,Southern Careers Institute-Corpus Christi,27.68504,-97.363145
405854,Rabbinical College of Ohr Shimon Yisroel,40.704389,-73.956772
405872,Carroll Community College,39.531805,-76.991113
406024,Galen College of Nursing-Tampa Bay,27.865391,-82.648151
406033,Galen College of Nursing-San Antonio,29.507685,-98.585653
406149,Sarasota School of Massage Therapy,27.389606,-82.485901
406325,Schuyler Steuben Chemung Tioga Allegany BOCES,42.150743,-76.839771
406361,Delaware Chenango Madison Otsego BOCES-Practical Nursing Program,42.585293,-75.520079
406413,DCI Career Institute,40.675819,-80.314664
406422,Central Susquehanna Intermediate Unit LPN Career,40.96285,-76.898531
406486,Myotherapy College of Utah,40.686411,-111.871866
406547,City College-Gainesville,29.654852,-82.417302
407090,G Skin & Beauty Institute,41.851403,-87.949684
407142,Cosmetology Training Center,30.180961,-92.073116
407151,Stage One-The Hair School,30.195982,-93.221606
407179,Empire Beauty School-Malden,42.427368,-71.076619
407355,Xenon International Academy-Omaha,41.201963,-96.044713
407391,Capri Institute of Hair Design-Brick,40.03772,-74.143232
407407,Capri Institute of Hair Design-Kenilworth,40.688912,-74.29462
407425,Capri Institute of Hair Design-Paramus,40.962698,-74.071583
407434,Orlo School of Hair Design and Cosmetology,42.674053,-73.784587
407461,Eastland-Fairfield Career and Technical Schools,39.88667,-82.884305
407470,Empire Beauty School-Cincinnati,39.22325,-84.588841
407489,Mahoning County Career and Technical Center,41.032696,-80.787668
407513,Pickaway Ross Joint Vocational School District,39.362601,-83.0027
407522,Pioneer Career and Technology Center,40.903305,-82.670445
407568,Raphael's School of Beauty Culture Inc-Boardman,41.02371,-80.679801
407577,Scioto County Career Technical Center,38.854707,-82.979481
407595,Trumbull Career & Technical Center,41.280649,-80.824807
407610,Pacific Bible College,42.324959,-122.874107
407629,Lake Erie College of Osteopathic Medicine,42.080699,-80.105969
407683,UCAS University of Cosmetology Arts & Sciences-Harlingen,26.20168,-97.684044
407708,Highlights Beauty Schools,47.320505,-122.304472
407735,Empire Beauty School-Green Bay,44.477375,-88.076427
407832,Warren County Career Center,39.488772,-84.202969
408066,Paul Mitchell the School-Wichita,37.741502,-97.2432
408163,Pinnacle Institute of Cosmetology,35.596894,-80.816426
408385,Southern Careers Institute-Pharr,26.211217,-98.201038
408729,Laurel Technical Institute,41.626047,-80.222294
408844,Florida National University-Main Campus,25.86178,-80.321846
408862,Georgia Institute of Cosmetology,33.936847,-83.454584
409032,Nouvelle Institute,25.779494,-80.249645
409120,Franklin Technology Center Adult Education,37.082409,-94.516401
409193,Professional Technical Institution,18.377668,-66.174733
409254,Erikson Institute,41.890663,-87.632178
409315,South Texas College,26.217591,-98.253634
409379,Tennessee Board of Regents,36.167183,-86.690409
409537,Pike County Joint Vocational School District,39.054045,-83.007113
409591,Lorain County Joint Vocational School District,41.262182,-82.213852
409616,Roger Williams University School of Law,41.650974,-71.261978
409698,California State University-Monterey Bay,36.652397,-121.796178
410797,Ohio Media School-Valley View,41.393531,-81.615624
410964,EINE Inc,42.598024,-71.220396
411684,Marian Health Careers Center-Los Angeles Campus,34.062096,-118.295073
411754,Cleveland Clinic Health System-School of Diagnostic Imaging,41.598918,-81.548554
412173,Academy for Nursing and Health Occupations,26.70653,-80.121497
412535,Shawsheen Valley School of Practical Nursing,42.546696,-71.217926
412544,Shear Ego International School of Hair Design,43.208124,-77.602821
412599,Remington College-Memphis Campus,35.071403,-89.989881
413176,Fayette Institute of Technology,37.988801,-81.146785
413413,Capella University,44.976286,-93.268796
413617,College of Menominee Nation,44.859044,-88.625628
413626,Leech Lake Tribal College,47.395686,-94.651563
413680,Spartan College of Aeronautics & Technology,33.956018,-118.377744
413778,Stone Academy-Waterbury,41.54509,-72.98033
413820,Yukon Beauty College Inc,35.508293,-97.74668
413893,United Education Institute-Morrow,33.574109,-84.335896
413945,Toni & Guy Hairdressing Academy-Atlanta,33.952158,-84.51407
413972,Mitchells Academy,35.764652,-78.742438
414063,Artistic Academy of Hair Design,40.855589,-74.486405
414124,Motoring Technical Training Institute,41.791885,-71.324909
414461,Mech-Tech College,18.237102,-66.053276
414489,Baldwin Beauty School-North Austin,30.365855,-97.729371
414540,Jean Madeline Aveda Institute,39.940744,-75.148414
414595,Pacific College of Health and Science,40.7088,-74.006721
414823,Johnson & Wales University-North Miami,25.894337,-80.164797
414869,Tricoci University of Beauty Culture-Indianapolis,39.928723,-86.03113
414878,Trine University-Regional/Non-Traditional Campuses,41.172352,-85.106453
414911,Pennsylvania Highlands Community College,40.26408,-78.837175
414939,Nevada Career Institute,36.217975,-115.20842
414966,Phillips Theological Seminary,36.167983,-95.868146
415039,Empire Beauty School-Hanover,39.818109,-76.995146
415057,Industrial Management Training Institute,41.549618,-73.035893
415987,Allen School-Jamaica,40.704694,-73.796295
416458,Premiere Career College,34.079755,-117.990894
416801,The University of Texas MD Anderson Cancer Center,29.707016,-95.396804
417008,Paul Mitchell the School-Huntsville,34.681465,-86.752565
417053,Cedars Sinai Medical Center,34.075598,-118.380175
417062,Estes Institute of Cosmetology Arts and Science,36.330422,-119.289234
417105,Baldwin Park Adult & Community Education,34.09673,-117.959486
417123,Ventura Adult and Continuing Education,34.256061,-119.219561
417248,CT Aero Tech School,41.735051,-72.652583
417275,Stratford School for Aviation Maintenance Technicians,41.161259,-73.130761
417327,City College-Altamonte Springs,28.663604,-81.402219
417442,Career Center of Southern Illinois,38.289727,-89.948787
417503,Crave Beauty Academy,37.684374,-97.387374
417600,Hastings Beauty School,44.744595,-92.85026
417628,Kirksville Area Technical Center,40.18649,-92.565103
417637,South Central Career Center,36.738067,-91.856803
417646,Saline County Career Center,39.115031,-93.21108
417655,Warrensburg Area Career Center,38.761649,-93.70714
417682,Cass Career Center,38.660248,-94.333774
417716,Applied Technology Services,38.542285,-90.413236
417725,Central College of Cosmetology,37.806945,-92.142861
417734,Southeast Missouri Hospital College of Nursing and Health Sciences,37.302453,-89.54587
417752,Messenger College,32.85076,-97.161015
417831,Union County Vocational Technical School,40.616491,-74.358205
417840,Prism Career Institute-Philadelphia,40.057804,-75.046375
417868,Clinton Essex Warren Washington BOCES,44.693228,-73.517906
417886,Jefferson Lewis BOCES-Practical Nursing Program,43.970515,-75.97014
417910,Veeb Nassau County School of Practical Nursing,40.766548,-73.520569
417983,Cattaraugus Allegany BOCES-Practical Nursing Program,42.093196,-78.405395
417992,Orange Ulster BOCES-Practical Nursing Program,41.38922,-74.322049
418001,Wayne Finger Lakes BOCES-Practical Nursing Program,43.038167,-77.081794
418010,Broome Delaware Tioga BOCES-Practical Nursing Program,42.129648,-75.934739
418029,Washington Saratoga Warren Hamilton Essex BOCES-Practical Nursing Program,43.32149,-73.594331
418038,Albany BOCES-Adult Practical Nursing Program,42.745685,-73.835752
418056,Ulster BOCES-School of Practical Nursing,41.896938,-73.972916
418065,Eastern Suffolk BOCES,40.777958,-73.237805
418083,Rockland County BOCES-Practical Nursing Program,41.121255,-73.979871
418126,New York College of Health Professions,40.809329,-73.516191
418171,Charles Stuart School of Diamond Setting,40.608484,-73.95856
418199,Penta County Joint Vocational School,41.584263,-83.571594
418205,Career and Technology Education Centers of Licking County,40.099973,-82.429175
418223,Northern Career Institute,41.653845,-81.447126
418250,Washington County Career Center-Adult Technical Training,39.43299,-81.50106
418269,Ohio Media School-Cincinnati,39.158005,-84.458763
418278,Vantage Career Center,40.882295,-84.570198
418296,Indian Capital Technology Center-Muskogee,35.774921,-95.311895
418302,Western Technology Center,35.352842,-99.180998
418320,Mid-America Technology Center,34.912498,-97.364174
418348,Eastern Oklahoma County Technology Center,35.516891,-97.266991
418357,Wes Watkins Technology Center,35.233305,-96.266262
418409,York County School of Technology-Adult & Continuing Education,39.929887,-76.685449
418427,Chester County Intermediate Unit,40.005793,-75.679627
418445,Jefferson County Dubois Area Vocational Technical Practical Nursing Program,41.109805,-78.892397
418454,Greater Johnstown Career and Technology Center,40.272734,-78.83114
418481,Mifflin County Academy of Science and Technology,40.605321000000004,-77.554092
418515,Lenape Technical School Practical Nursing Program,40.767446,-79.521054
418524,Venango County Area Vocational Technical School,41.426492,-79.687135
418533,Lancaster County Career and Technology Center,39.984811,-76.266186
418542,Lebanon County Area Vocational Technical School,40.341562,-76.390376
418560,Indiana County Technology Center,40.646071,-79.121853
418588,Northern Tier Career Center,41.801739,-76.487394
418612,Hazleton Area Career Center,40.971393,-75.99218
418658,All-State Career School-Pittsburgh,40.358492,-79.93713
418764,Quality Technical and Beauty College,18.399415,-66.158268
418773,D'Mart Institute,18.182628,-66.294065
418782,Automeca Technical College-Aguadilla,18.448502,-67.1418
418889,North Central Institute,36.61484,-87.425177
418913,Pipo Academy of Hair Design,31.78446,-106.459711
418968,Tint School of Makeup and Cosmetology-Dallas,32.708337,-97.001678
419031,United Technical Center,39.310658,-80.358395
419095,Charles H McCann Technical School,42.664578,-73.10149
419183,Central California School of Continuing Education,35.262091,-120.64847
419217,Mercy Hospital School of Practical Nursing-Plantation General Hospital,25.740254,-80.213971
419226,Marion Technical College,29.178271,-82.147877
419235,Rivertown School of Beauty Barber Skin Care and Nails,32.51013,-84.97068
419244,Atlanta Institute of Music and Media,33.961164,-84.105311
419253,Illinois Media School,41.840367,-88.025464
419280,New Dimensions School of Hair Design,37.085286,-94.509389
419332,Forbes Road Career and Technology Center,40.450234,-79.748472
419341,Jna Institute of Culinary Arts,39.935232,-75.167678
419420,Putnam Career and Technical Center,38.535038,-81.923563
419484,Crawford County Career and Technical Center Practical Nursing Program,41.633675,-80.126167
419633,Texas College of Cosmetology-San Angelo,31.420928,-100.47194
419703,Automeca Technical College-Bayamon,18.406325,-66.180088
419712,Automeca Technical College-Caguas,18.230554,-66.037144
419721,Automeca Technical College-Ponce,18.011391,-66.636854
420024,Centura College-Chesapeake,36.765954,-76.227712
420042,University of Phoenix-Hawaii,21.334103,-158.08161
420130,Prism Career Institute-Cherry Hill,39.931301,-75.051138
420246,Southwest College of Naturopathic Medicine & Health Sciences,33.40789,-111.89442
420255,Escuela de Peritos Electricistas de Isabela Inc,18.485146,-67.030787
420325,Yeshiva D'monsey Rabbinical College,41.114173,-74.064721
420343,Lincoln Technical Institute-Mahwah,41.083771,-74.148846
420370,Career Technical Institute,38.904,-77.032461
420398,Northwest Vista College,29.471308,-98.70513
420431,Oconee Fall Line Technical College,32.996687,-82.839621
420440,York County Community College,43.306797,-70.590783
420468,Western Suffolk BOCES,40.877083,-73.343689
420538,Arkansas State University-Mountain Home,36.320466,-92.388581
420556,Columbia Gorge Community College,45.590724,-121.190197
420705,Bakke Graduate University,32.894605,-96.753976
420723,Tillamook Bay Community College,45.456603,-123.813624
420802,Arizona Board of Regents,33.478133,-112.074267
420981,Manhattan School of Computer Technology,40.63473,-73.967118
421513,Ross College-Hopkinsville,36.834025,-87.474774
421610,Paul Mitchell the School-St. George,37.083414,-113.606488
421665,Cadillac Institute of Cosmetology,44.251375,-85.400655
421708,Arizona College of Nursing-Tempe,33.403079,-111.965808
421717,Vanguard-Sentinel Adult Career and Technology Center,41.365056,-83.128188
421771,House of Heavilin Beauty College-Raymore,38.812989,-94.467053
421832,Living Arts College,35.942892,-78.555726
421841,New York Conservatory for Dramatic Arts,40.740148,-73.993388
421878,Eastern International College-Jersey City,40.735178,-74.060452
421896,Academia Serrant Inc,18.009658,-66.61529
422020,San Joaquin Valley College-Fresno Aviation,36.776798,-119.72824
422695,Pacific College,33.680043,-117.873382
422835,American College of Healthcare and Technology,33.901581,-117.493507
423120,Compu-Med Vocational Careers Corp,25.848446,-80.306915
423397,Advantage Technical College,18.427879,-66.493759
423412,Mid Cities Barber College,32.710329,-97.006955
423643,Midwestern University-Glendale,33.663853,-112.183633
423652,Oregon Coast Community College,44.603136,-124.046973
425250,Gwinnett College-Sandy Springs,33.937705,-84.378704
425986,Mildred Elley-Pittsfield Campus,42.4491,-73.256461
426314,Embry-Riddle Aeronautical University-Worldwide,29.189903,-81.048367
427308,Merkaz Bnos-Business School,40.601511,-73.997176
427335,Lia Schorr Institute of Cosmetic Skin Care Training,40.764401,-73.976807
427894,CET-Alexandria,38.802702,-77.142637
427973,Aviation Institute of Maintenance-Norfolk,36.914293,-76.216995
427982,Centura College-Richmond Main,37.499343,-77.543157
427991,Osceola Technical College,28.298648,-81.349696
428000,Miami Ad School,25.808818,-80.190727999999993
428019,Green Country Technology Center,35.63293,-95.9365
428055,Nova College de Puerto Rico,18.398358,-66.160559
428125,John Wesley International Barber and Beauty College,33.778235,-118.18469
428143,Miller-Motte College-Platt College-Lawton,34.605627,-98.389416
428170,Southeastern College-West Palm Beach,26.702216,-80.085966
428259,Ottawa University-Milwaukee,43.02963,-88.115185
428392,Klamath Community College,42.195028,-121.698855
428426,San Bernardino Community College District,34.067005,-117.273664
428453,Minnesota State Colleges and Universities System Office,44.94796,-93.09568
429012,L3Harris Flight Academy,28.77858,-81.251511
429085,American College of Acupuncture and Oriental Med,29.735747,-95.524765
429094,AOMA Graduate School of Integrative Medicine,30.228551,-97.800643
429128,Urban College of Boston,42.352922,-71.0642
430184,Strayer University-Maryland,38.827438,-76.918039
430218,Empire Beauty School-Bordentown,40.173971,-74.702495
430227,Empire Beauty School-Monroeville,40.434651,-79.785227
430245,Southern Careers Institute-San Antonio,29.355774,-98.494238
430306,Cayce/Reilly School of Massage,36.892698,-75.990945
430403,Prism Career Institute-West Atlantic City,39.377288,-74.493112
430485,The Creative Center,41.290922,-96.082837
430564,Studio Jewelers,40.745464,-73.983774
430582,Praxis Institute,25.765385,-80.225327
430670,San Juan Bautista School of Medicine,18.220528,-66.050389
430704,Texas Health and Science University,30.233143,-97.785289
430795,Carver Career Center,38.289708,-81.562988
430883,Cayuga Onondaga BOCES-Practical Nursing Program,42.9419,-76.587981
430908,Clearfield County Career and Technology Center,41.030572,-78.418679
430935,Colegio de Cinematografía Artes y Television,18.399507,-66.155509
430971,Delaware County Technical School-Practical Nursing Program,39.988428,-75.367229
431017,Mid-Del Technology Center,35.455237,-97.402578
431071,New York Institute of Massage Inc,42.976035,-78.695815
431099,Jolie Hair and Beauty Academy-Ludlow,42.157816,-72.480436
431105,Dutchess BOCES-Practical Nursing Program,41.743538,-73.866875
431123,Escuela Tecnica de Electricidad,18.010451,-66.619944
431141,Institute of Technology,36.83679,-119.723249
431169,Garnet Career Center,38.351017,-81.629876
431187,Bristol Technical Education Center,41.69004,-72.990101
431196,Genesee Valley BOCES-Practical Nursing Program,43.014665,-78.182909
431266,Henrico County-Saint Marys Hospital School of Practical Nursing,37.629016,-77.533196
431275,Herkimer County BOCES-Practical Nursing Program,43.015797,-75.029952
431284,International Beauty College,32.945805,-96.645638
431558,Cape Coral Technical College,26.658582,-81.976156
431600,UPMC Mercy School of Nursing,40.435584,-79.986445
431716,Ocean County Vocational-Technical School,39.985095,-74.195622
431929,Trinity College of Puerto Rico,17.981978,-66.620076
431983,Yeshiva of the Telshe Alumni,40.896668,-73.911096
432117,Kenneth Shuler School of Cosmetology-Rock Hill,34.969958,-80.995498
432144,South Orange County Community College District,33.553346,-117.665584
432269,CET-El Paso,31.696199,-106.323115
432348,Appalachian School of Law,37.277669,-82.095648
432384,Platt College-Ontario,34.068595,-117.571744
432524,Delaware College of Art and Design,39.741947,-75.549882
433004,American University of Health Sciences,33.796849,-118.171366
433013,Career Networks Institute,33.721058,-117.8478
433040,Monty Tech,42.560648,-71.860827
433068,Okaloosa Technical College,30.46866,-86.614844
433101,Lincoln Technical Institute-Lincoln,41.9385,-71.47748
433138,Wayne County Schools Career Center,40.863781,-81.868927
433174,Carolinas College of Health Sciences,35.181863,-80.927508
433387,Western Governors University,40.68481,-111.869752
433420,California Aeronautical University,35.434905,-119.049264
433536,Herzing University-New Orleans,30.019252,-90.155851
433660,Florida Gulf Coast University,26.463638,-81.7726
434016,Little Priest Tribal College,42.234983,-96.467881
434061,South Louisiana Community College,30.218616,-92.050933
434140,Pima Medical Institute-Chula Vista,32.619858,-117.093388
434159,Lincoln College of Technology-Marietta,33.904619,-84.483943
434274,Academy of Hair Design-Lufkin,31.330724,-94.718704
434283,Pathway Vocational Academy,30.067103,-94.122709
434292,Anson College of Cosmetology,34.963535,-80.055083
434308,Cortiva Institute,39.215919,-76.672532
434344,Toni & Guy Hairdressing Academy-Worcester,42.284822,-71.808255
434362,Northwest HVAC/R Training Center,47.67364,-117.407702
434432,Myotherapy Institute,40.811958,-96.607025
434441,Florida College of Integrative Medicine,28.46359,-81.401757
434469,New Professions Technical Institute,25.771488,-80.261873
434496,Strand College of Hair Design,33.748079,-78.815961
434539,City College-Miami,25.683673,-80.316377
434584,Ilisagvik College,71.324702,-156.679486
434672,Community College of Baltimore County,39.352647,-76.48211
434715,Florida Coastal School of Law,30.263653,-81.550506
434751,White Earth Tribal and Community College,47.3175,-95.953099
434821,Blue Cliff College-Metairie,30.002779,-90.172771
434830,Creative Images Institute of Cosmetology-North Dayton,39.855992,-84.188407
434900,Dewey University-Carolina,18.376596,-65.958397
434937,Yeshiva College of the Nations Capital,39.042404,-77.030566
435000,Louisiana State University Health Sciences Center-Shreveport,32.480683,-93.761018000000007
436003,Central Career Institute LLC,40.54618,-74.420235
436030,Hair Academy II,38.839246,-76.948572
436100,Mr Leon's School of Hair Design-Lewiston,46.418214999999996,-117.020124
436261,Southwest Acupuncture College-Boulder,40.069443,-105.199471
436304,River Parishes Community College,30.191006,-90.930804
436429,Los Angeles Film School,34.098338,-118.3284
436553,Century College,18.40919,-66.06559
436599,FINE Mortuary College,42.181479,-71.19293
436614,International Baptist College and Seminary,33.273788,-111.879629
436632,Gwinnett College,35.854605,-78.586818
436641,Fortis College-Foley,30.40611,-87.681828
436650,Medical Training College,30.427312,-91.069449
436775,Toni & Guy Hairdressing Academy-Plano,33.026159,-96.797544
436818,University of Connecticut-Waterbury Campus,41.555617,-73.039242
436827,University of Connecticut-Avery Point,41.316419,-72.065336
436836,University of Connecticut-Stamford,41.056081,-73.542206
437097,University of Management and Technology,38.89743,-77.072001
437103,Baton Rouge Community College,30.448276,-91.137935
437237,IYRS School of Technology & Trades,41.480948,-71.314724
437316,Linfield University-School of Nursing,45.543942,-122.524887
437325,Linfield University-Online and Continuing Education,45.201148,-123.199637
437556,Midwest Technical Institute-Illinois,39.840996,-89.595331
437608,Advanced Barber College and Hair Design,26.131543,-97.958247
437635,The College of Health Care Professions-Austin,30.322978,-97.699064
437705,Monteclaro Escuela de Hoteleria y Artes Culinarias,18.3699,-65.780411
437723,New Community Career & Technical Institute,40.739017,-74.19585
437732,Chicago School of Professional Psychology-College of Nursing,32.979753,-96.75721
437750,Professional Golfers Career College,33.528952,-117.163739
437769,Chester Career College,37.348882,-77.374112
437778,Milan Institute-San Antonio Ingram,29.463767,-98.624719
437857,Rudae's School of Beauty Culture-Ft Wayne,41.128125,-85.139946
437936,Carrington College-San Jose,37.248411,-121.777062
438151,Stevens-Henager College,40.659626,-111.902145
438179,Brookline College-Tucson,32.207932,-110.876375
438221,Miller-Motte College-McCann-Lewisburg,40.98239,-76.885311
438258,Carrington College-Pleasant Hill Campus,37.962649,-122.072153
438285,Cortiva Institute,28.629921,-81.397179
438337,Modern Hairstyling Institute-Carolina,18.379812,-65.963611
438498,Stratford University,38.801799,-77.083035
438504,Universal Technical Institute of California Inc,34.082782,-117.576366
438586,American InterContinental University-Atlanta,33.938779,-84.354907
438665,Rancho Santiago Community College District Office,33.767331,-117.868261
438674,The Academy of Hair Design Six,31.311055,-89.316607
438708,Eastern West Virginia Community and Technical College,39.075562,-78.932546
438735,Aviation Institute of Maintenance-Indianapolis,39.753062,-86.288273
438869,Remington College-Little Rock Campus,34.71308,-92.393771
438984,IVAEM College,18.23502,-66.033732
439020,Midwest College of Oriental Medicine-Skokie,42.044312,-87.754597
439118,Carrington College-Spokane,47.675918,-117.268126
439154,Texas Tech University System Administration,33.581169,-101.892826
439190,Cascadia College,47.760915,-122.191572
439288,Johnson & Wales University-Denver,39.746101,-104.906281
439367,CBD College,34.06231,-118.306221
439394,East West College of Natural Medicine,27.368451,-82.551571
439446,Atlantic Institute of Oriental Medicine,26.121964,-80.142235
439455,MDT College of Health Sciences,41.882931,-87.626495
439473,Bennett Career Institute,38.93264,-76.995965
439491,Blue Cliff College-Lafayette,30.188110000000002,-92.011131
439507,Quest College,29.507453,-98.563006
439570,Community Care College,36.101615,-95.905178
439622,Erie 1 BOCES,42.851567,-78.78642
439668,HDS Truck Driving Institute,32.13887,-110.856474
439686,International Training Careers,25.746905,-80.314727
439701,The King's University,32.93973,-97.121526
439738,Fortis College-Baton Rouge,30.366448,-91.024833
439747,My Le's Beauty College,38.494851,-121.452325
439774,New Concept Massage and Beauty School,25.77128,-80.228547
439783,New York College of Traditional Chinese Medicine,40.73945,-73.638911
439792,Fortis College-Orange Park,30.148278,-81.759035
439817,Northeastern Seminary,43.122873,-77.8007
439844,Omega Institute of Cosmetology,29.602712,-90.752356
439862,Pacific Islands University,13.465046,144.835821
439871,PCI College,33.87475,-118.100169
439899,Rosedale Bible College,40.077583,-83.456645
439914,Seattle Institute of East Asian Medicine,47.552127,-122.331171
439932,Shawnee Beauty College,35.356032,-96.912574
439969,Acupuncture and Massage College,25.686382,-80.364141
440004,Upper Valley Educators Institute,43.637595,-72.230822
440031,Keck Graduate Institute,34.093329,-117.72351
440059,Aviation Institute of Maintenance-Atlanta,33.948914,-84.147864
440101,Empire Beauty School-Kennesaw,34.012704,-84.56688
440138,Antioch University-System Administration,39.80321,-83.908684
440217,Huntingdon County Career and Technology Center,40.434249,-77.927438
440226,Missouri College of Cosmetology North,37.179314,-93.234613
440262,New York Automotive and Diesel Institute,40.705073,-73.780592
440271,Remington College-Baton Rouge Campus,30.411857,-91.052999
440396,New Saint Andrews College,46.731422,-117.001804
440402,Arkansas State University-Newport,35.638722,-91.188846
440651,Atenas College,18.429776,-66.488422
440730,Onondaga Cortland Madison BOCES,43.096302,-76.174381
440749,National American University-Ellsworth AFB Extension,44.140362,-103.079296
440776,Interactive College of Technology,29.690435,-95.213765
440794,Pillar College,40.738539,-74.169153
440819,Miami Ad School-San Francisco,37.795155,-122.401198
440828,Oregon State University-Cascades Campus,44.042795,-121.333703
440855,Milan Institute-Amarillo,35.185278,-101.916984
440916,Southern University Law Center,30.523898,-91.194417
440989,Texas Barber College,29.69036,-95.532975
441025,Miller-Motte College-Charleston,32.953274,-80.044585
441052,American Career College-Anaheim,33.849912,-117.975599
441070,Saginaw Chippewa Tribal College,43.607747,-84.731862
441104,Richmont Graduate University,35.036337,-85.274642
441131,The Seattle School of Theology & Psychology,47.613373,-122.350945
441168,Northwest College-Hillsboro,45.520534,-123.001688
441210,East Valley Institute of Technology,33.412268,-111.863966
441229,Triad Education,34.061409,-118.302836
441238,Irell & Manella Graduate School of Biological Sciences at City of Hope,34.129048,-117.972791
441256,Design's School of Cosmetology,35.648459,-120.672526
441371,Ultimate Medical Academy,27.965294,-82.78558
441380,Florida Barber Academy,26.122056,-80.203691
441414,M-DCPS The English Center,25.74027,-80.25167
441423,Florida Education Institute,25.76325,-80.290496
441487,Texas County Technical College,37.300967,-91.964963
441496,Aviation Institute of Maintenance-Kansas City,39.049869,-94.498289
441502,Blue Cliff College-Gulfport,30.442482,-89.039348
441548,Institute for Therapeutic Massage,41.029337,-74.297239
441575,Metropolitan Learning Institute,40.729169,-73.858364
441593,Orleans Niagara BOCES-Practical Nursing Program,43.169631,-78.692579
441609,Yeshiva Shaarei Torah of Rockland,41.12362,-74.090159
441618,Leon Studio One School of Beauty Knowledge,42.961017,-78.752161
441636,American Institute of Alternative Medicine,40.102442,-82.988733
441645,Brown Aveda Institute-Mentor,41.672002,-81.324318
441663,Institute of Technology,44.969198,-122.967715
441672,Susquehanna County Career and Technology Center,41.7386,-75.9558
441690,Universidad Pentecostal Mizpa,18.358258,-66.085117
441706,Caribbean Forensic and Technical College,18.450952,-66.074179
441742,Concorde Career College-Grand Prairie,32.675369,-97.05498
441760,Lamar Institute of Technology,30.047885,-94.077126
441788,Aviation Institute of Maintenance-Dallas,32.836068,-96.941822
441830,Healing Mountain Massage School,40.761391,-111.876409
441858,Eastern Virginia Career College,38.24116,-77.495581
441876,"Rudy & Kelly Academy, A Paul Mitchell Partner School",36.779382,-76.189382
441900,Nevada State College,35.982345,-114.938044
441937,California State University-Channel Islands,34.162949,-119.04356
441982,Franklin W Olin College of Engineering,42.293527,-71.263378
442064,Won Institute of Graduate Studies,40.201117000000004,-75.078944
442073,Lincoln Technical Institute-Paramus,40.915145,-74.057574
442134,Pima Medical Institute-Colorado Springs,38.914019,-104.820989
442161,University of Phoenix-Illinois,41.886259,-87.631863
442213,Birthwise Midwifery School,44.052323,-70.713985
442240,Paul Mitchell the School-Costa Mesa,33.695103,-117.927468
442295,Ave Maria School of Law,26.242138,-81.731358
442329,Tulsa Welding School-Jacksonville,30.282647,-81.560428
442356,Pennsylvania College of Health Sciences,40.060419,-76.247035
442383,West Virginia Junior College-Bridgeport,39.284512,-80.271826
442392,Antioch University-PhD Program in Leadership and Change,39.80321,-83.908684
442426,St Louis College of Health Careers-Fenton,38.544635,-90.470904
442435,Interactive College of Technology-Gainesville,34.276597,-83.855524
442444,San Joaquin Valley College-Ontario,34.068584,-117.55038
442523,Alaska Christian College,60.490459,-151.136005
442569,Grantham University,38.92258,-94.771491
442602,Carrington College-Albuquerque,35.110048,-106.633361
442611,NASCAR Technical Institute,35.605305,-80.855128
442639,University of the Potomac-VA Campus,38.906944,-77.216062
442657,Milan Institute-Palm Desert,33.783343,-116.353268
442781,Tohono O'odham Community College,31.989869,-111.715445
442806,Edward Via College of Osteopathic Medicine,37.199659,-80.406018
442842,Pacific College of Health Science-Chicago,41.886588,-87.625488
442879,Southwest Institute of Healing Arts,33.39428,-111.913584
442888,InterCoast Colleges-Riverside,33.993598,-117.344752
442930,University of Antelope Valley,34.683587,-118.134968
442949,Birthingway College of Midwifery,45.483729,-122.824926
442967,Pima Medical Institute-Albuquerque West,35.181571,-106.687874
442976,Brighton Center's Center for Employment Training,39.092904,-84.490096
442985,California Healing Arts College,33.844718,-118.265919
443021,Dallas Barber & Stylist College,32.909891,-96.737009
443030,NorthShore University HealthSystem School of Nurse Anesthesia,42.065549,-87.684445
443049,Faith International University,47.280168,-122.51687
443058,Family of Faith Christian University,35.462234,-96.901413
443076,Hood Theological Seminary,35.644603,-80.480643
443100,Colegio Educativo Tecnologico Industrial Inc,18.471007,-66.714906
443128,International Technological University,37.377192,-121.963426
443137,Irene's Myomassology Institute,42.480113,-83.287169
443146,Jay's Technical Institute,29.64877,-95.525281
443207,NTMA Training Centers of Southern California,33.94302,-118.074231
443216,P C Age-Jersey City,40.732114,-74.06691
443225,PC AGE-Metropark,40.561771,-74.325692
443234,Hollywood Institute,26.243429,-80.199738
443252,South Florida Institute of Technology,25.780018,-80.239586
443261,Southeastern College-Charleston,32.900527,-80.027313
443289,Tigi Hairdressing Academy-Colorado Springs,38.905898,-104.777572
443298,Trend Barber College,29.65621,-95.522116
443322,Valley Grande Institute for Academic Studies,26.158256,-97.990391
443331,West Coast University-Los Angeles,34.187134,-118.39941
443340,Williamson Christian College,35.95616,-86.828311
443368,Illinois Eastern Community College-System Office,38.729684,-88.081976
443377,Triangle Tech Inc-Sunbury,40.855276,-76.765478
443410,DigiPen Institute of Technology,47.68871,-122.150603
443492,Pierpont Community and Technical College,39.432199,-80.192304
443562,Dewey University-Hato Rey,18.417614,-66.043033
443571,InterCoast Colleges-West Covina,34.073416,-117.89763
443599,American College of Healthcare Sciences,45.486902,-122.675858
443632,Colorado Media School,39.708979,-105.077863
443641,Paul Mitchell the School-Rhode Island,41.755208,-71.459056
443650,Miller-Motte College-Chattanooga,35.034287,-85.181925
443669,Milan Institute-Sparks,39.524564,-119.757909
443696,Interactive College of Technology,29.945555,-95.403559
443702,"Bexley Hall Seabury Western Theological Seminary Federation, Inc.",41.785693,-87.591173
443711,University of North Texas System,32.78176,-96.795217
443748,Altierus Career College-Norcross,33.934121,-84.155475
443766,Strayer University-Tennessee,35.077513,-89.899255
443784,Strayer University-Pennsylvania,40.137976,-74.965749
443951,Charlie's Guard-Detective Bureau and Academy Inc,18.469662,-67.153612
443979,PCI Academy-Plymouth,45.033765,-93.508453
444051,Creative Images Institute of Cosmetology-South Dayton,39.627019,-84.174179
444088,Brookline College-Albuquerque,35.08781,-106.68749
444103,Byzantine Catholic Seminary of Saints Cyril and Methodius,40.484409,-80.015825
444130,Northcentral University,32.910805,-117.243889
444194,Bayamon Community College,18.398313,-66.155908
444219,Folsom Lake College,38.661372,-121.127486
444228,LeGrand Institute of Cosmetology Inc,34.271931,-80.609117
444255,Hussian College-Daymar College Murfreesboro,35.815421,-86.40237
444264,Cambridge Technical Institute,18.222782,-66.041133
444282,Empire Beauty School-Midlothian,37.43843,-77.593651
444291,Empire Beauty School-Owings Mills,39.403672,-76.761993
444307,Empire Beauty School-West Mifflin,40.344669,-79.946147
444316,Bold Beauty Academy,45.776969,-108.540146
444325,ATI College-Whittier,33.948364,-118.003687
444334,Advance Science International College,25.924708,-80.284567
444343,Advanced College,33.915383,-118.15794
444361,ATA College,32.819023,-116.981781
444370,American Advanced Technicians Institute,25.884901,-80.323025
444398,Baptist University of the Americas,29.34998,-98.546081
444404,The Beauty Institute,26.710119,-80.111689
444413,Beis Medrash Heichal Dovid,40.596845,-73.751633
444440,Blue Cliff Career College,30.670281,-88.114952
444468,Career Beauty College,35.239905,-87.335851
444486,Paul Mitchell the School-Gastonia,35.255515,-81.178335
444510,CES College,34.180401,-118.303297
444529,Stellar Career College,37.701963,-121.071015
444556,Auguste Escoffier School of Culinary Arts-Austin,30.326455,-97.717865
444565,Culinary Institute Inc,29.823623,-95.378633
444583,Escuela Hotelera de San Juan,18.417008,-66.046598
444635,Orion Institute,41.556265,-83.598514
444662,Moore Career College,30.367301,-91.024786
444671,Industrial Technical College,18.149582,-65.828111
444699,Institute of Clinical Acupuncture & Oriental Med,21.313602,-157.86111
444714,Gwinnett College-Marietta Campus,33.928592,-84.479102
444732,Leston College,18.399291,-66.154995
444778,Charlotte Christian College and Theological Seminary,35.159664,-80.737194
444787,Nightingale College,40.76528,-111.890777
444796,Omnitech Institute,33.613691,-84.447546
444811,PITC Institute,40.097592,-75.145122
444857,Skinworks School of Advanced Skincare,40.724925,-111.884177
444866,Southeastern College-Columbia,34.034284,-81.105042
444893,Technical Learning Centers Inc,38.906679,-77.043844000000007
444936,Turning Point Beauty College,32.87795,-111.689601
444945,Unitech Training Academy-Lafayette,30.182982,-92.074298
444954,Mountwest Community and Technical College,38.392635,-82.458186
445027,American InterContinental University,33.278816,-111.804036
445054,Toyota Technological Institute at Chicago,41.784721,-87.592682
445133,American InterContinental University-Houston,29.728216,-95.548302
445188,University of California-Merced,37.366237,-120.424944
445203,Remington College-North Houston Campus,29.946769,-95.424881
445212,Paul Mitchell the School-Orlando,28.663679,-81.234215
445230,Pima Medical Institute-Las Vegas,36.114105,-115.102238
445249,Remington College-Nashville Campus,36.152337,-86.665629
445258,Miller-Motte College Platt College-OKC-Memorial,35.611128,-97.563751
445267,Central Methodist University-College of Graduate and Extended Studies,39.150497,-92.685253
445300,University of Phoenix-New Jersey,40.726763,-74.033131
445364,North-West College-Riverside,33.9145,-117.485881
445461,Altierus Career College-Bissonnet,29.677415,-95.544702
445498,Colegio Tecnico de Electricidad Galloza,18.354438,-67.176343
445540,Arthur's Beauty College,35.109764,-92.445479
445638,Spa Tech Institute-Ipswich,42.688622,-70.849391
445647,Spa Tech Institute-Westboro,42.285984,-71.635686
445656,Spa Tech Institute-Plymouth,41.958481,-70.704453
445692,Neumont College of Computer Science,40.766096,-111.890573
445708,Johnson & Wales University-Charlotte,35.233502,-80.851208
445735,Roseman University of Health Sciences,36.073182,-115.064633
445744,Fortis Institute-Port Saint Lucie,27.3016,-80.303751
445762,Aviation Institute of Maintenance-Manassas,38.794493,-77.514594
445780,Cosmetology School of Arts & Sciences,42.561068,-113.78718
445799,Universal Technical Institute of Pennsylvania Inc,40.070513,-75.685133
445841,Kenneth Shuler School of Cosmetology-Spartanburg,34.923366,-81.972727
445850,Kenneth Shuler School of Cosmetology-Columbia,33.964545,-80.942005
445869,Divine Mercy University,38.979728,-77.437576
445911,Lincoln Technical Institute-Shelton,41.271974,-73.132014
445948,Northwest Career College,36.203875,-115.255585
445957,Soma Institute-The National School of Clinical Massage Therapy,41.878063,-87.62572
446002,American Academy of Health and Wellness,45.008212,-93.157929
446039,Arizona School of Acupuncture and Oriental Medicine,32.264559,-110.929118
446048,Ave Maria University,26.335983,-81.438945
446084,CALC Institute of Technology,38.927494,-90.175979
446093,Sutter County Career Training Center,39.14216,-121.620372
446109,Cambridge Institute of Allied Health & Technology,28.66306,-81.375722
446118,Career Care Institute,34.678236,-118.15638
446127,ATA Career Education,28.452699,-82.595376
446136,Career Quest Learning Centers-Lansing,42.699106,-84.53728
446163,Community Christian College,34.068664,-117.217101
446206,Culpeper Cosmetology Training Center,38.471182,-77.994727
446224,Eastern School of Acupuncture and Traditional Medicine,40.79361,-74.19716
446233,Ecclesia College,36.2141,-94.236643
446242,Employment Solutions-College for Technical Education,37.982131,-84.483346
446251,Estelle Medical Academy,42.059097,-87.74816
446260,Evergreen Beauty and Barber College-Everett,47.909189,-122.221962
446288,Paul Mitchell the School-Great Lakes,42.978839,-82.458848
446303,Healthcare Training Institute,40.696519,-74.268253
446349,John D Rockefeller IV Career Center,40.53276,-80.620719
446385,Los Angeles College of Music,34.139293,-118.150113
446394,Maple Springs Baptist Bible College and Seminary,38.86348,-76.942465
446455,Precision Manufacturing Institute,41.644301,-80.157484
446516,Rosslyn Training Academy of Cosmetology,18.37922,-67.18791
446525,SAE Institute of Technology-Nashville,36.15039,-86.790448
446552,Southern Technical College,28.44862,-81.399661
446561,Stanbridge University,33.678879,-117.857636
446589,Universal Career School,25.767091,-80.370117
446598,Universal College of Healing Arts,41.339162,-95.961539
446604,Uta Mesivta of Kiryas Joel,41.333864,-74.161179
446613,W L Bonner College,34.039816,-81.033046
446640,Harrisburg University of Science and Technology,40.26193,-76.880261
446774,Blue Ridge Community and Technical College,39.43529,-78.001918
446978,Colorado State University-System Office,39.744084,-104.988932
447014,Daytona College,29.270088,-81.080155
447023,Delta Technical College-Mississippi,34.955269,-89.99937
447050,United States University,32.7769,-117.154904
447148,Empire Beauty School-Avondale,33.463388,-112.274477
447166,Empire Beauty School-Littleton,39.608128,-105.097089
447175,Empire Beauty School-Aurora,39.695935,-104.792572
447263,AmeriTech College-Draper,40.527932,-111.892792
447351,San Joaquin Valley College-Modesto,37.717403,-121.092991
447379,Miller-Motte College Platt College-Moore,35.339154,-97.478449
447421,Eagle Gate College-Layton,41.073374,-111.973885
447430,Carsten Institute of Cosmetology,40.75189,-73.980311
447449,Academy of Hair Design-Jasper,30.908648,-94.004879
447458,SAE Expression College,37.847631,-122.2954
447467,Unitech Training Academy-West Monroe,32.506463,-92.129419
447582,New River Community and Technical College,37.76767,-81.136085
447591,The College of Health Care Professions-Southwest Houston,29.701897,-95.517146
447607,United Education Institute-Chula Vista,32.608605,-117.065355
447616,United Education Institute-West Covina,34.075984,-117.90946
447689,Georgia Gwinnett College,33.979409,-84.00459
447698,Phoenix Institute of Herbal Medicine & Acupuncture,33.52289,-112.068783
447704,Tucson College of Beauty,32.278944,-110.996047
447713,California Career College,34.197566,-118.601794
447722,Palladium Technical Academy Inc,34.091838,-118.04358
447731,Palace Beauty College,34.044739,-118.309491
447759,National Polytechnic College,33.860528,-118.143809
447768,American Career College-Ontario,34.068204,-117.583814
447777,Asher College,38.587784,-121.415767
447795,American Institute of Massage Therapy,33.71488,-117.848291
447801,University of East-West Medicine,37.3864,-121.997011
447810,Blake Austin College,38.378548,-121.945606
447847,Aviator College of Aeronautical Science and Technology,27.48718,-80.367303
447865,Trendsetters School of Beauty & Barbering,30.31194,-81.717211
447874,CDA Technical Institute,30.392267,-81.646792
447883,American Institute of Beauty,27.915072,-82.749094
447892,North Florida Cosmetology Institute,30.476972,-84.294583
447908,Florida Academy of Health & Beauty,26.16627,-80.181569
447917,Augusta School of Massage,33.529159,-82.135503
447935,ATA College,38.223667,-85.563365
447953,SUM Bible College and Theological Seminary,38.620833,-121.054758
447962,Compass Career College,30.476327,-90.479356
447971,Hair Expressions Academy,39.061372,-77.115852
447980,Nuvo College of Cosmetology,43.190304,-86.266315
447999,WellSpring School of Allied Health-Kansas City,38.963226,-94.604997
448017,Institute of Health & Technology,31.319765,-89.349842
448026,The Salon Professional Academy-Fargo,46.859013,-96.858729
448044,Institute of Professional Careers,36.108349,-115.118081
448071,Aveda Arts & Sciences Institute-New York,40.725861,-74.00497
448123,MyrAngel Beauty Institute,18.188811,-65.961757
448196,Texas Health School,29.783709,-95.586269
448220,Paul Mitchell the School-Logan,41.756122,-111.831152
448239,Careers Unlimited,40.275775,-111.731006
448248,Mountainland Technical College,40.419941,-111.886031
448257,Avi Career Training,38.974295,-77.296823
448275,Mountain State School of Massage,38.317659,-81.579417
448336,Arkansas State University System,34.74582,-92.28758
448354,Eastern International College-Belleville,40.789635,-74.152439
448372,San Joaquin Valley College-Rancho Cordova,38.595187,-121.28191
448381,San Joaquin Valley College-Central Administrative Office,36.298938,-119.333362
448424,Broken Arrow Beauty College,36.060431,-95.852816
448433,Universal Technical Institute of Northern California Inc,38.64575,-121.529503
448594,West Hills College-Lemoore,36.292431,-119.823866
448600,Stautzenberger College-Brecksville,41.288862,-81.645056
448619,Stone Academy-East Hartford,41.779013,-72.606686
448637,West Hills Community College District,36.153306,-120.351047
448646,Unitech Training Academy-Houma,29.633202,-90.75482
448673,Rasmussen University-Illinois,42.267628,-88.998854
448691,International Institute for Restorative Practices,40.621324,-75.382203
448707,Educational Technical College-Recinto de Coamo,18.080656,-66.358512
448770,Automotive Training Center-Warminster,40.200656,-75.075375
448798,Empire Beauty School-Milwaukee,42.94256,-87.950452
448859,Triangle Tech Inc-Bethlehem,40.65445,-75.428281
448895,Milan Institute-Clovis,36.810625,-119.725573
449038,Strayer University-Florida,27.997442,-82.35991
449074,Pima Medical Institute-Renton,47.469017,-122.211383
449083,CBT Technology Institute-Main Campus,25.769052,-80.329161
449092,CBT Technology Institute-Hialeah,25.867003,-80.302213
449135,Dewey University-Juana Díaz,18.057023,-66.509285
449250,The College of Health Care Professions-San Antonio,29.488876,-98.576627
449311,Brittany Beauty Academy,40.860976,-73.897121
449320,Lincoln Technical Institute-Whitestone,40.784113,-73.82885
449339,American Public University System,39.287826,-77.860121
449348,Huntsville Bible College,34.750363,-86.594888
449357,Beaumont Adult School,33.951365,-116.964728
449366,Make-up Designory,34.180238,-118.308336
449384,Gnomon,34.089501,-118.329083
449393,Coachella Valley Beauty College,33.708193,-116.278254
449445,Valley College of Medical Careers,34.221839,-118.606731
449454,Academy of Natural Therapy Inc,40.426259,-104.691075
449463,Academy Di Capelli-School of Cosmetology,41.490402,-72.806335
449472,Delaware Learning Institute of Cosmetology,38.541187,-75.256051
449481,Dragon Rises College of Oriental Medicine,29.667368,-82.312769
449490,Palm Beach Academy of Health & Beauty,26.803621,-80.074979
449506,SABER College,25.771518,-80.261299
449524,Taylor College,29.039971,-82.062418
449533,Pensacola School of Massage Therapy & Health Careers,30.494755,-87.195529
449597,Ideal Beauty Academy,38.288401,-85.730456
449603,Denmark College,41.469921,-87.357915
449612,Louisiana Culinary Institute,30.409979,-91.066085
449658,Bais Medrash Toras Chesed,40.099704,-74.21127
449676,Ace Institute of Technology,40.753658,-73.993385
449685,New Age Training,40.748345,-73.991591
449700,Dayton School of Medical Massage,39.682932,-84.168901
449719,Northcoast Medical Training Academy,41.152861,-81.328959
449728,ATA College,36.098554,-95.856621
449764,Visible Music College,35.144586,-90.049381
449773,CCI Training Center-Arlington,32.755006,-97.101289
449782,Champion Beauty College,29.99352,-95.489161
449807,Southeast Texas Career Institute,30.341896,-94.169885
449816,Southwest Technical College,37.664147,-113.069916
449834,Virginia Beach Theological Seminary,36.765993,-76.189475
449861,Milwaukee Career College,43.074192,-88.048714
449870,University of the West,34.045985,-118.082964
449889,American College of Education,39.76975,-86.160161
449898,South University-Tampa,27.982269,-82.500357
449904,Milan Institute of Cosmetology-San Antonio Military,29.358241,-98.500738
449922,Appalachian College of Pharmacy,37.211629,-82.006195
449931,Averett University-Non-Traditional Programs,36.577287,-79.413203
449959,Paul Mitchell the School-Tampa,28.06864,-82.574571
449968,Paul Mitchell the School-San Diego,32.719128,-117.160838
449977,Paul Mitchell the School-Michigan,42.593439,-83.028804
449986,Paul Mitchell the School-Sherman Oaks,34.155811,-118.467369
449995,Paul Mitchell the School-Tysons Corner,38.916957,-77.222536
450021,Blue Cliff College-Houma,29.59157,-90.718451
450058,Fortis College-Columbus,40.083063,-82.900188
450067,Fortis College-Cincinnati,39.283312,-84.444969
450119,Blue Cliff College-Fayetteville,36.11393,-94.144491
450128,Blue Cliff College-Alexandria,31.276699,-92.475371
450298,Strayer University-Delaware,39.743357,-75.547914
450304,Brite Divinity School,32.710145,-97.359137
450377,Strayer University-Alabama,33.513375,-86.80574
450395,Brown Aveda Institute-Strongsville,41.312522,-81.826226
450401,Clary Sage College,36.117058,-95.903835
450571,Rasmussen University-Wisconsin,44.526244,-88.080783
450599,Empire Beauty School-Richmond,37.634052,-77.550607
450605,Empire Beauty School-North Hills,40.51987,-80.004389
450614,Empire Beauty School-Concord,35.364022,-80.712059
450632,Lexington Healing Arts Academy,38.013756,-84.522938
450641,Empire Beauty School-Hooksett,43.054992,-71.44412
450650,The Institute of Beauty and Wellness,43.03494,-87.906535
450696,Carrington College-Stockton,37.998992,-121.323199
450702,Carrington College-Citrus Heights,38.679983,-121.29421
450711,Trend Barber College,29.982205,-95.435485
450720,Euphoria Institute of Beauty Arts & Sciences-Summerlin,36.147552,-115.298988
450933,Columbia Southern University,30.329288,-87.653162
450951,Arizona Culinary Institute,33.581935,-111.831237
450960,Healthcare Career College,33.889719,-118.149645
450988,Coastline Beauty College,33.728821,-117.921471
451042,Branford Academy of Hair and Cosmetology,41.277187,-72.8537
451051,Academy of Massage and Bodywork,39.628779,-75.666786
451079,Academy for Five Element Acupuncture,29.650075,-82.321994
451097,Academy of Career Training,28.306092,-81.439569
451103,Miami Regional University,25.810667,-80.267007
451121,Paul Mitchell the School-Miami,25.68739,-80.313201
451149,Aveda Institute-South Florida,26.070447,-80.251766
451158,Aveda Institute-Tallahassee,30.442037,-84.317892
451167,Shear Excellence Hair Academy,28.027145,-82.503396
451194,Carlson College of Massage Therapy,42.103958,-91.356196
451228,MyComputerCareer.com,39.729314,-86.25478
451237,Z Hair Academy,38.867002,-94.666351
451255,DiGrigoli School of Cosmetology,42.146311,-72.630272
451264,Millennium Training Institute,42.496202,-71.12582
451282,Elevate Salon Institute,42.525165,-83.164514
451291,Lakewood School of Therapeutic Massage,42.97236,-82.425714
451307,The Salon Professional Academy-Battle Creek,42.297776,-85.224127
451316,Trend Setters School,37.285482,-89.556451
451334,Academy of Hair Design-Springfield,37.180584,-93.261354
451343,Corinth Academy of Cosmetology,34.934036,-88.520546
451352,Southeastern College-Charlotte,35.152455,-80.894622
451370,Yeshivas Be'er Yitzchok,40.682465,-74.213255
451398,Yeshiva Toras Chaim,40.098692,-74.182143
451404,Talmudical Seminary of Bobov,40.634485,-73.995378
451413,Center for Allied Health Education,40.608783,-73.958977
451459,Monroe 2 Orleans BOCES-Center for Workforce Development,43.138048,-77.751816
451468,Aveda Fredric's Institute-Cincinnati,39.35541,-84.361091
451477,MyComputerCareer.edu-Columbus,40.147019,-82.941874
451495,CDE Career Institute,41.033423,-75.303611
451501,Instituto Educativo Premier,18.010734,-66.61498
451510,Charleston School of Law,32.790288,-79.938357
451529,Elite College of Cosmetology,35.657876,-88.409149
451547,Manuel and Theresa's School of Hair Design-Bryan,30.667077,-96.370573
451556,Southwest University at El Paso,31.788346,-106.413158
451565,Paul Mitchell the School-Austin,30.386375,-97.740293
451574,Aveda Institute-Provo,40.236621,-111.658335
451583,Dixie Technical College,37.098418,-113.591475
451626,Victoria's Academy of Cosmetology,46.206992,-119.118142
451714,Paul Mitchell the School-San Antonio,29.610611,-98.465779
451741,CEM College-Bayamon,18.398651,-66.155406
451750,Bryant & Stratton College-Wauwatosa,43.043214999999996,-88.050983
451820,The Art Institute of Austin,30.110905,-97.313486
451857,Remington College-Houston Southeast Campus,29.52528,-95.123503
451866,Remington College-Shreveport Campus,32.403166,-93.793578
451918,Jenny Lea Academy of Cosmetology,36.32439,-82.354566
451927,Patrick Henry College,39.138687,-77.690939
452009,The Hair Academy,46.805857,-100.76032
452072,Ross Medical Education Center-New Baltimore,42.677429,-82.751334
452081,Ross College-Sylvania,41.714006,-83.680536
452106,Escuela De Troqueleria Y Herramentaje,18.374732,-66.143939
452124,Fortis Institute-Nashville,36.084542,-86.696299
452373,ATA College-Cincinnati,39.29671,-84.478867
452540,Community Technology Learning Center of Portage,41.156019,-81.241336
452771,Dental Assistant Pro LLC-Columbus,40.109752,-82.932055
452780,Dental Assistant Pro-Lebanon,39.445803,-84.190385
452887,Elite Welding Academy LLC,39.313738,-84.468434
452948,Galen College of Nursing-Cincinnati,39.283693,-84.365946
453163,Strayer University-North Carolina,36.051694,-79.882713
453215,Strayer University-New Jersey,40.554506,-74.474974
453297,International Culinary Arts and Sciences Institute,41.523821,-81.331711
453756,Ohio Media School-Columbus,39.955294,-82.8554
453792,Ohio Medical Career College,39.742339,-84.195816
454184,The King's College,40.706677,-74.012342
454218,Chamberlain University-Administrative Office,41.880848,-87.640164
454227,Chamberlain University-Illinois,41.949727,-88.038558
454236,Chamberlain University-Ohio,40.054055,-82.912163
454245,Chamberlain University-Arizona,33.565758,-112.104601
454306,Career Quest Learning Centers-Jackson,42.245222,-84.402897
454458,Bryan University,36.334163,-94.17008
454537,The Salon Professional Academy-Appleton,44.26019,-88.457898
454546,Milan Institute of Cosmetology-Vacaville,38.370051,-121.960688
454555,Milan Institute of Cosmetology-Reno,39.485964,-119.788456
454582,Ottawa University-Online,38.602351,-95.264165
454607,Paul Mitchell the School-Esani,34.042224,-84.333674
454616,Institute of Production and Recording,44.982063,-93.272011
454652,Paul Mitchell the School-Birmingham,33.388978,-86.808018
454689,Taft University System,39.656632,-105.083815
454698,Mayfield College,33.790822,-116.458827
454722,Academy of Esthetics and Cosmetology,34.285043,-118.444228
454759,Borner's Barber College,33.95588,-118.309291
454768,Paul Mitchell the School-Pasadena,34.144765,-118.133403
454777,San Francisco Institute of Esthetics & Cosmetology Inc,37.777043,-122.407083
454786,Laurus College,35.2682,-120.669519
454795,Healing Hands School of Holistic Health,33.129652,-117.086211
454801,Career Development Institute Inc,34.045817,-118.386067
454810,Auguste Escoffier School of Culinary Arts-Boulder,39.983475,-105.250075
454829,Aspen University,39.68614,-104.939111
454838,Institute of Taoist Education and Acupuncture,39.987288,-105.139444
454847,National Beauty College,39.823932,-105.005055
454856,Denver College of Nursing,39.75303,-104.994725
454865,Cambridge College of Healthcare & Technology,26.438379,-80.123788
454874,Cozmo Beauty School,26.330412,-81.780821
454917,Celebrity School of Beauty,25.76084,-80.333114
454926,Paul Mitchell the School-Atlanta,33.781326,-84.414967
454935,Evans Hairstyling College-Rexburg,43.824716,-111.812372
454944,Paul Mitchell the School-Rexburg,43.814348,-111.803591
454953,University of Aesthetics & Cosmetology,41.906602,-87.671255
454962,The University of Aesthetics & Cosmetology,41.79354,-88.011242
454971,Tricoci University of Beauty Culture-Chicago NW,41.97766,-87.806767
454980,Tricoci University of Beauty Culture-Glendale Heights,41.90467,-88.065213
454999,Tricoci University of Beauty Culture-Peoria,40.746311,-89.601356
455008,Tricoci University of Beauty Culture-Rockford,42.263898,-89.009435
455026,Omega Studios' School of Applied Recording Arts & Sciences,39.06427,-77.113268
455062,French Academy of Cosmetology,43.075898,-86.198004
455071,Healing Arts Center,38.603239,-90.387718
455080,Paul Mitchell the School-Springfield,37.159135,-93.31815
455099,Urshan Graduate School of Theology,38.808034,-90.830252
455105,Mississippi Institute of Aesthetics Nails & Cosmetology,32.330039,-90.327649
455114,College of Western Idaho,43.614106,-116.507314
455141,Aveda Institute-Chapel Hill,35.927944,-79.026769
455178,Daoist Traditions College of Chinese Medical Arts,35.606831,-82.568537
455187,Total Image Beauty Academy,40.77578,-74.026091
455196,Jersey College,40.862137,-74.057936
455202,American Institute of Medical Sciences & Education,40.56114,-74.437251
455211,Casal Institute of Nevada,36.101143,-115.117387
455220,Career School of NY,40.641352,-74.078168
455239,John Paolo's Xtreme Beauty Institute-Goldwell Product Artistry,43.047475,-73.846603
455257,Yeshiva of Machzikai Hadas,40.638194,-73.987855
455275,Aveda Institute-Columbus,40.062719,-83.043021
455284,Paul Mitchell the School-Cincinnati,39.291618,-84.392501
455327,Hands on Therapy,32.787719,-96.60627
455336,MediaTech Institute-Dallas,32.92427,-96.902721
455354,Aveda Arts & Sciences Institute-San Antonio,29.637354,-98.452126
455381,Skin Science Institute,40.564549,-111.851628
455406,Pacific Northwest University of Health Sciences,46.602872,-120.45598
455433,The Chicago School of Professional Psychology at Anaheim,33.804604,-117.882312
455460,Fortis College-Dothan,31.243014,-85.37446
455479,Fortis Institute-Pensacola,30.510415,-87.183112
455488,Fortis College-Montgomery,32.384006,-86.252163
455512,Woodland Community College,38.660392,-121.73533
455558,Dorsey College-Roseville,42.527764,-82.915541
455628,Fortis Institute-Birmingham,33.442921,-86.862659
455664,The Chicago School of Professional Psychology at Los Angeles,34.049478,-118.257045
455707,Cardiac and Vascular Institute of Ultrasound,30.650045,-88.112324
455725,Studio Academy of Beauty,33.314894,-111.860316
455734,California Nurses Educational Institute,33.816672,-116.490142
455761,Paul Mitchell the School-Sacramento,38.594752,-121.41594
455770,Providence Christian College,34.149327,-118.141062
455798,Oxford Academy of Hair Design Inc,41.397798,-73.061063
455804,Institute of World Politics,38.910537,-77.036112
455813,Pontifical John Paul II Institute for Studies on Marriage and Family,38.933246,-76.998606
455831,Medical Institute of Palm Beach,26.620478,-80.134959
455859,Oliver Finley Academy of Cosmetology,43.667102,-116.281478
455868,National Career College,34.22245,-118.446211
455877,Aveda Institute-Chicago,41.933493,-87.645838
455886,Tricoci University of Beauty Culture-Libertyville,42.28167,-87.942702
455895,Tricoci University of Beauty Culture-Bridgeview,41.734829,-87.80309
455901,The Temple-A Paul Mitchell Partner School,39.415249,-77.411651
455910,Center for Massage,35.594,-82.550571
455929,Academy of Hair Design-Oklahoma City,35.612955,-97.557189
455956,Liberty Junior College,18.134531,-66.129813
455965,Toni & Guy Hairdressing Academy-Cranston,41.734598,-71.478386
455974,South Texas Training Center,26.156604,-97.652989
455983,Columbia College,38.928425,-77.249152
455992,Vermont College of Fine Arts,44.25521,-72.567616
456001,Advanced Welding Institute,44.45588,-73.139437
456029,Paul Mitchell the School-Memphis,35.129595,-89.947956
456038,Pima Medical Institute-East Valley,33.376378,-111.689497
456065,Paul Mitchell the School-Cleveland,41.330927,-81.463033
456074,Paul Mitchell the School-Columbus,40.059575,-82.938765
456135,Empire Beauty School-Spring Lake Park,45.117185,-93.26237
456153,MediaTech Institute-Houston,29.724809,-95.568341
456205,Miller-Motte College-Raleigh,35.834569,-78.585676
456214,Lamson Institute,29.481426,-98.607504
456287,College of Hair Design-East Campus,40.732974,-96.596462
456454,Fortis College-Salt Lake City,40.685819,-111.870502
456481,Polytechnic University of Puerto Rico-Miami,25.80915,-80.328482
456490,Polytechnic University of Puerto Rico-Orlando,28.55158,-81.253943
456506,Ross Medical Education Center-Fort Wayne,41.115114,-85.14454
456515,Ross Medical Education Center-Battle Creek,42.247801,-85.20031
456542,Geisinger Commonwealth School of Medicine,41.413415,-75.655478
456551,"Josef's School of Hair, Skin & Body-Fargo",46.86216,-96.83183
456579,Miller-Motte College-McCann-Allentown,40.64006,-75.448981
456588,Salon Success Academy-Fontana,34.099087,-117.437904
456597,Salon Success Academy-Redlands,34.062342,-117.218933
456621,Strayer University-West Virginia,38.454588,-81.92619
456825,Vanguard College of Cosmetology-Baton Rouge,30.41107,-91.044491
456852,San Joaquin Valley College-Hesperia,34.420693,-117.383116
456922,South Texas Vocational Technical Institute-Brownsville,25.944046,-97.502052
456931,Miller-Motte College-STVT-Corpus Christi,27.739649,-97.433269
456959,University of Minnesota-Rochester,44.022339,-92.463471
456968,Health And Style Institute,36.037762,-79.840799
456977,CBT Technology Institute-Cutler Bay,25.590468,-80.356565
457031,Capri Beauty College,41.509958,-87.927816000000007
457077,Milan Institute-Bakersfield,35.385513,-119.023088
457086,Homestead Schools,33.809096,-118.35009
457101,Carrington College-Las Vegas,36.08486,-115.118231
457110,Carrington College-Reno,39.463165,-119.786947
457129,Chamberlain University-Florida,30.243517,-81.586421
457192,Washington Barber College Inc,34.69065,-92.335352
457208,InterCoast Colleges-Rancho Cordova,38.561309,-121.334243
457226,Horizon University,39.894654,-85.986809
457253,Beyond 21st Century Beauty Academy,33.916443,-118.041477
457271,Academy for Jewish Religion-California,34.070281,-118.438495
457299,Angeles College,34.061223,-118.29903
457314,Angeles Institute,33.875772,-118.080741
457323,Paul Mitchell the School-Temecula,33.507316,-117.146674
457332,TIGI Hairdressing Academy Guilford,41.28773,-72.677612
457341,International Institute of Cosmetology,41.707932,-72.661782
457350,Florida School of Traditional Midwifery,29.652269,-82.31585
457378,Emerald Coast Technical College,30.73209,-86.128061
457387,Immokalee Technical College,26.426526,-81.425148
457396,American Academy of Cosmetology,30.123757,-81.798803
457402,University of Fort Lauderdale,26.147098,-80.204938
457411,Aviation Institute of Maintenance-Orlando,28.680653,-81.334196
457420,Summit Salon Academy,28.051825,-82.525411
457439,Summit Salon Academy-Gainesville,29.654808,-82.416921
457448,Tenaj Salon Institute,28.929944,-82.028094
457466,Profile Institute of Barber-Styling,33.681424,-84.388057
457475,Keune Academy by 124,33.96488,-84.02253
457484,Pacific Rim Christian University,21.328198,-157.888379
457493,Paul Mitchell the School-Twin Falls,42.555761,-114.469533
457527,Ambria College of Nursing,42.075628,-88.2109
457536,Midwestern Career College,41.88053,-87.63739
457545,Paul Mitchell the School-Normal,40.50938,-88.959619
457554,Innovations Design Academy,40.558545,-90.033
457563,Aveda Fredric's Institute-Indianapolis,39.959878,-86.117678
457572,Summit Salon Academy,40.063021,-85.654184
457581,Eric Fisher Academy,37.693713,-97.422011
457606,My Le's Beauty College,29.902428,-90.029931
457615,Blackstone Valley Vocational Regional School District,42.16382,-71.616243
457624,Southern Worcester County Regional Vocational School District,42.133623,-71.957564
457633,L'esprit Academy,42.321904,-83.457386
457642,Marketti Academy of Cosmetology,42.683352,-83.374733
457651,CenterPoint Massage & Shiatsu Therapy School & Clinic,44.850963,-93.311222
457679,Avalon School of Cosmetology,43.631842,-95.602503
457688,American Business and Technology University,39.779095,-94.819797
457697,City Vision University,39.101164,-94.569475
457721,Bitterroot School of Cosmetology,46.273475,-114.159449
457749,Montana Academy of Salons,47.49941,-111.303922
457767,National Career Institute,40.76137,-74.222091
457776,Toni & Guy Hairdressing Academy-Albuquerque,35.102306,-106.566537
457785,International Academy of Style,39.516281,-119.783208
457794,EDP School,40.58605,-73.952901
457800,New York Medical Career Training Center,40.7608,-73.829753
457819,Institute of Culinary Education,40.712449,-74.015637
457837,The Salon Professional Academy-Tonawanda,42.981584,-78.824364
457846,Onondaga School of Therapeutic Massage-Syracuse,43.0477,-76.140431
457855,Academy of Cosmetology and Esthetics NYC,40.573227,-74.114517
457873,Four County Career Center,41.452808,-84.303115
457916,Summit Salon Academy-Perrysburg,41.54424,-83.620281
457925,Portland Actors Conservatory,45.524258,-122.681845
457943,Somerset County Technology Center,40.00475,-79.029641
457952,Metro Beauty Academy,40.56865,-75.555591
457989,Academy for Careers and Technology,34.186433,-79.340157
457998,Aiken School of Cosmetology and Barbering,33.559545,-81.71728
458007,Love Beauty School Inc,35.488524,-86.093863
458034,Houston International College Cardiotech Ultrasound School,29.675203,-95.592909
458043,DuVall's School of Cosmetology,32.852275,-97.168105
458052,Advanced Beauty College,32.859493,-96.9927
458061,Texas Beauty College,32.826045,-97.265311
458070,Avenue Five Institute,30.369503,-97.728961
458098,The Salon Professional Academy-Lewisville,33.005024,-96.964907
458104,Renaissance Academie,40.25395,-111.665961
458113,Ascent College,37.04127,-76.409526
458122,Institute of Advanced Medical Esthetics,37.757885,-77.47441
458131,Aveda Arts & Sciences Institute Seattle,47.614402,-122.32176
458140,Northwest School of Wooden Boat Building,48.03413,-122.752588
458168,The Salon Professional Academy-Onalaska,43.87382,-91.19732
458210,West Coast University-Orange County,33.81104,-117.911811
458229,West Coast University-Ontario,34.066591,-117.590035
458265,Midwest Technical Institute-East Peoria,40.642287,-89.543531
458274,Paul Mitchell the School-Chicago,41.866213,-87.646644
458405,Miller-Motte College-Fayetteville,35.11096,-78.88167
458423,European Massage Therapy School-Las Vegas,36.145445,-115.300577
458441,Miller-Motte College-Columbus,32.479997,-84.935912
458496,The Art Institute of Virginia Beach,36.842383,-76.131737
458575,Zaytuna College,37.877201,-122.260927
458681,Fortis College-Indianapolis,39.9184,-86.223181
458803,Empire Beauty School-E Memphis,35.115499,-89.90197
458812,Empire Beauty School-Nashville,35.967868,-86.814676
458821,Empire Beauty School-Jackson,35.63694,-88.847611
458830,Empire Beauty School-Springfield,39.93765,-75.349771
458858,Empire Beauty School-Speedway,39.80055,-86.261512
458867,Empire Beauty School-Morrow,33.564936,-84.32568
458885,Strayer University-Arkansas,34.74735,-92.396031
458919,Strayer University-Georgia,33.874236,-84.275624
458955,Strayer University-Mississippi,32.300562,-90.188097
458964,Strayer University-South Carolina,34.85654,-82.357811
458973,Strayer University-Texas,30.371175,-97.73985
458982,The Art Institute of San Antonio,29.532925,-98.56556
459000,Empire Beauty School-S Memphis,35.10972,-89.945739
459019,Empire Beauty School-Charlotte,35.25855,-80.7837
459046,Empire Beauty School-Winston-Salem,36.152612,-80.282751
459055,Empire Beauty School-West Palm,26.705541,-80.107401
459064,Empire Beauty School-Pineville,35.089864,-80.865367
459116,Paul Mitchell the School-Phoenix,33.523667,-112.133047
459125,All Beauty College,35.101946,-114.5945
459170,Paul Mitchell the School-Modesto,37.68301,-120.993745
459189,Cosmo Beauty Academy,38.62883,-121.401027
459198,Paul Mitchell the School-Fresno,36.809778,-119.782437
459204,Unitek College,37.50904,-121.961761
459213,Gurnick Academy of Medical Arts,37.547377,-122.307618
459231,Paul Mitchell the School-East Bay,37.94492,-122.061226
459259,South University-Richmond,37.64706,-77.599967
459268,South University-Virginia Beach,36.8336,-76.124288
459277,Aveda Institute-Denver,39.729146,-105.000615
459286,Paul Mitchell the School-Colorado Springs,38.832889,-104.828339
459295,The Salon Professional Academy-Colorado Springs,38.896966,-104.750884
459301,Paul Mitchell the School-Delaware,39.62274,-75.680231
459310,Future-Tech Institute,25.7646,-80.251401
459329,Fred K Marchman Technical College,28.271196,-82.691779
459347,The Salon Professional Academy-Ft Myers,26.595568,-81.887326
459374,Universal Spa Training Academy,41.796008,-87.99384
459392,The Salon Professional Academy-Evansville,37.98732,-87.483521
459408,Tri County Regional Vocational Technical High School,42.094957,-71.421577
459417,Compass College of Film and Media,42.961875,-85.667065
459426,Nova Academy of Cosmetology,44.08537,-92.509748
459462,SAE Institute of Technology-New York,40.741353,-73.999073
459499,Sage School of Massage & Esthetics,44.058731,-121.358102
459514,Peloton College,32.861997,-96.769353
459523,ABC Beauty Academy,32.931698,-96.685333
459532,Salon & Spa Institute,25.938911,-97.508606
459541,American Beauty Academy,40.034634,-111.733488
459550,Summit Salon Academy,47.223485,-122.472325
459578,Paul Mitchell the School-Milwaukee,43.074156,-88.055994
459727,Touro University Worldwide,33.808683,-118.057754
459736,Touro University California,38.085479,-122.263949
459745,The Chicago School of Professional Psychology at Washington DC,38.90163,-77.033071
459824,Touro University Nevada,36.043189,-115.024012
459842,Herzing University-Kenosha,42.582628,-87.820105
459851,Herzing University-Brookfield,43.035738,-88.110994
459949,Texas A&M University-San Antonio,29.304762,-98.52417
459958,Fortis Institute,29.93744,-95.395051
459967,Southern Careers Institute-Brownsville,25.936988,-97.501124
459985,Southern Careers Institute-Harlingen,26.20385,-97.675281
459994,Strayer University-Global Region,38.90485,-77.034001
460011,Kenneth Shuler School of Cosmetology-Florence,34.238425,-79.80945
460020,Fortis College-Columbia,34.01512,-81.081809
460093,Ross Medical Education Center-Davison,43.021829,-83.516551
460109,Ross Medical Education Center-Granger,41.717835,-86.174277
460118,Ross Medical Education Center-Niles,41.212037,-80.746465
460127,Ross Medical Education Center-Canton,42.324442,-83.482675
460136,Pima Medical Institute-Houston,29.838306,-95.562287
460145,Illinois Media School-Chicago Campus,41.879215,-87.631178
460172,Miller-Motte College-STVT-San Antonio,29.35599,-98.4891
460181,Concorde Career College-Dallas,32.91856,-96.741711
460190,Concorde Career Institute-Orlando,28.55984,-81.340421
460206,Concorde Career College-San Antonio,29.49003,-98.582351
460349,Johnson & Wales University-Online,41.819956,-71.41277
460376,Fairfax University of America,38.84905,-77.347751
460385,Geisinger-Lewistown Hospital School of Nursing,40.619424,-77.567654
460394,Moreno Valley College,33.88744,-117.20271
460455,Onondaga School of Therapeutic Massage-Rochester,43.159086,-77.584781
460464,Norco College,33.917387,-117.570212
460482,Dorsey College-Saginaw,43.47055,-83.973056
460516,Milan Institute of Cosmetology-La Quinta,33.711954,-116.288341
460525,Milan Institute-Boise,43.59086,-116.295195
460534,Milan Institute of Cosmetology-El Paso,31.749325,-106.300156
460543,Universal Technical Institute-Dallas Fort Worth,32.93806,-97.012741
460677,ICPR Junior College,18.429025,-66.493841
460701,Artistic Nails and Beauty Academy-Lakeland,28.053634,-81.94718
460738,American Sentinel College of Nursing and Health Sciences,41.535549,-73.081497
460756,Hawaii Medical College,21.295164,-157.847652
460765,Carolina College of Hair Design,35.584088,-82.601533
460808,College of Massage Therapy,43.200889,-112.335853
460817,Miller-Motte College-Jacksonville,34.797826,-77.432163
460826,Miller-Motte College-Augusta,33.494994,-82.086986
460835,Miller-Motte College-Conway,33.788822,-78.993461
460862,Aveda Institute-Portland,45.525507,-122.68474
460871,Chamberlain University-Virginia,38.910459,-77.220505
460899,Stevens-Henager College,43.591087,-116.27829
460914,Penrose Academy,33.608309,-111.927617
460932,Skin Institute,38.527717,-90.364232
460969,Beauty Academy of South Florida,25.86289,-80.323571
460978,Ogle School Hair Skin Nails-North Dallas,32.984161,-96.803615
460987,The Salon Professional Academy-North Little Rock,34.858161,-92.20198
460996,The Salon Professional Academy-St Charles,38.788891,-90.538719
461014,Mildred Elley-New York Campus,40.705781,-74.014004
461023,National Paralegal College,33.530663,-112.064275
461032,Carolina College of Biblical Studies,35.05141,-78.939514
461087,Northeast Technology Center,36.294408,-95.309265
461111,Allstate Hairstyling & Barber College,41.484002,-81.704403
461120,Omega Graduate School,35.468142,-85.053774
461139,Jung Tao School of Classical Chinese Medicine,36.263233,-81.785303
461148,New York Film Academy,34.152076,-118.335567
461175,International College of Cosmetology,37.774887,-122.220803
461193,Bella Capelli Academy,40.432494,-79.781672
461218,Institute of Medical Careers,40.465286,-79.823825
461245,Flagler Technical College,29.47629,-81.211337
461254,Galaxy Medical College,34.186976,-118.396209
461263,American Medical Sciences Center,34.147117,-118.256991
461272,Mandalyn Academy,40.371763,-111.78129
461281,Jose Maria Vargas University,26.009656,-80.281548
461290,American Academy of Health and Beauty,42.967431,-71.480701
461306,D A Dorsey Technical College,25.839575,-80.225732
461315,Keweenaw Bay Ojibwa Community College,46.782535,-88.507761
461324,Meridian Institute of Surgical Assisting,36.187738,-86.842536
461333,Mauna Loa Helicopters,19.729107,-156.041847
461342,Acaydia School of Aesthetics,40.234627,-111.65823
461379,Holistic Massage Training Institute,39.322479,-76.603096
461388,Diamonds Cosmetology College,33.673442,-96.606125
461412,Northern Virginia School of Therapeutic Massage,38.873422,-77.160302
461421,Paul Mitchell the School-St Louis,38.64474,-90.262731
461430,Advanced Training Institute,36.09589,-115.206821
461485,Shepherds Theological Seminary,35.744334,-78.742623
461494,Taylor Andrews Academy of Hair Design-West Jordan,40.586803,-111.934309
461500,Santa Ana Beauty Academy,33.766402,-117.835205
461528,Manna University,35.058616,-78.961305
461537,Evolve Beauty Academy,38.551723,-91.013977
461555,Aveda Institute-New Mexico,35.091873,-106.667464
461573,American Trade School,38.72876,-90.380141
461582,Estelle Skin Care and Spa Institute,42.06358,-87.747041
461591,Paul Mitchell the School-Honolulu,21.28206,-157.800461
461607,Elite Cosmetology School,33.723624,-116.394724
461625,American Technical Institute,18.379307,-66.184489
461643,Bergin University of Canine Studies,38.302849,-122.68099
461652,Aveda Institute-Boise,43.620545,-116.309994
461689,Pima Medical Institute-Aurora,39.6956,-104.831481
461704,Capilo School of Hair Design,44.317693,-69.777717
461713,Pure Aesthetics Natural Skincare School,32.23572,-110.929841
461722,Lindsey Institute of Cosmetology,36.947279,-86.420808
461740,Buckner Barber School,32.737175,-96.684709
461759,Simmons College of Kentucky,38.239519,-85.764811
461768,Atelier Esthetique Institute of Esthetics,40.746376,-73.995669
461786,Advanced College of Cosmetology,43.632848,-88.736198
461795,North American University,29.646303,-95.588338
461810,United Beauty College,39.68573,-105.025463
461829,Cinta Aveda Institute,37.790935,-122.404307
461838,Long Island Nail Skin & Hair Institute,40.725914,-73.499036
461847,Keser Torah-Mayan Hatalmud,40.098369,-74.17029
461856,Southern California Health Institute,34.173485,-118.370014
461865,Best Care College,40.765332,-74.221116
461874,First Class Cosmetology School,42.49901,-89.036231
461883,Millennia Atlantic University,25.808134,-80.352717
461892,Abcott Institute,42.446331,-83.210617
461908,The Salon Professional Academy-Kenosha,42.55804,-87.853088
461917,Paul Mitchell the School-Indianapolis,39.640007,-86.127361
461926,Taylor Andrews Academy-St George,37.101706,-113.534004
461944,Protege Academy,42.724862,-84.452903
461953,Colorado Academy of Veterinary Technology,38.794277,-104.790429
461962,Northeast Technical Institute,43.608171,-70.314892
461999,Elite School of Cosmetology,41.233614,-82.60795
462008,Paul Mitchell the School-Las Vegas,36.016734,-115.117034
462017,Summit Salon Academy-Kokomo,40.474971,-86.106111
462035,Florida Academy,26.608576,-81.825149
462044,Institute for Doctoral Studies in the Visual Arts,43.65405,-70.272161
462053,State Career College,42.370787,-87.870502
462062,Academy for Salon Professionals,34.23396,-118.558215
462071,Paul Mitchell the School-Spokane,47.658368,-117.19893
462336,International College of Beauty Arts & Sciences,34.148057,-118.273227
462345,The Salon Professional Academy,41.590393,-88.203599
462354,John Paul the Great Catholic University,33.12085,-117.082401
463056,University of Connecticut-Hartford Campus,41.762673,-72.672175
464226,Ottawa University-Surprise,33.628923,-112.368233
465812,Independence University,40.684326,-111.870034
466921,Chamberlain University-Missouri,38.701907,-90.436283
466930,Chamberlain University-Texas,29.838386,-95.560414
467094,Continental School of Beauty Culture-Mattydale,43.105938,-76.147295
467368,Carrington College-Ontario,34.068584,-117.55038
467687,Porter and Chester Institute - Chicopee 2,42.185931,-72.561779
467863,Paul Mitchell the School-Columbia,33.990955,-81.070249
467872,Paul Mitchell the School-Charleston,32.874611,-80.022852
467906,Kenneth Shuler School of Cosmetology-Greenville,34.791087,-82.484519
468246,Northwest College-Eugene,44.078014,-123.046328
468255,Northwest College-Tualatin,45.382946,-122.762464
468291,San Joaquin Valley College-Hanford Classroom,36.32604,-119.647869
468769,CET-Soledad,36.41456,-121.316599
468848,United Education Institute-UEI College-Oceanside,33.204442,-117.36182
468893,Vanguard College of Cosmetology-Metairie,30.004827,-90.163276
468909,United Education Institute-Garden Grove,33.801877,-117.943701
468963,New England Tractor Trailer Training School of Massachusetts,42.730818,-71.115989
469416,Dewey University-Manati,18.433307,-66.487333
469610,Allen School-Phoenix,33.629635,-112.11743
469629,Oklahoma Technical College,36.098687,-95.905011
469638,Midwest Technical Institute-Moline,41.489394,-90.483614
469911,Unitech Training Academy-Alexandria,31.265718,-92.460375
469920,Unitech Training Academy-Lake Charles,30.204239,-93.192846
469957,Aveda Institute-Los Angeles,34.062797,-118.446566
470038,UEI College-Riverside,33.975392,-117.351755
470047,WellSpring School of Allied Health-Lawrence,38.965848,-95.235123
470296,Manuel and Theresa's School of Hair Design-Victoria,28.799901,-96.991589
470393,Tricoci University of Beauty Culture-Chicago NE,41.999802,-87.660911
474863,Los Angeles Pacific University,34.110723,-117.827484
474890,California College San Diego-CollegeAmerica-Phoenix,33.574685,-112.117971
474915,Avalon Institute-Phoenix,33.641761,-112.068
474924,Avalon Institute-Layton,41.089919,-112.003639
475015,Aveda Institute-Des Moines,41.562675,-93.802586
475024,Fortis Institute-Lawrenceville,40.260811,-74.719102
475033,Relay Graduate School of Education,40.70563,-74.013948
475060,Miller-Motte College-Macon,32.897821,-83.687065
475121,South University-Savannah Online,31.999481,-81.105531
475130,Fortis College-Montgomery,32.385245,-86.201216
475176,San Joaquin Valley College-Temecula,33.525983,-117.166502
475200,Whitworth University-Adult Degree Programs,47.751642,-117.411568
475228,The Santa Barbara and Ventura Colleges of Law at Santa Barbara,34.424542,-119.70516
475237,The University of America,33.519293,-117.167871
475273,"Springfield College-Regional, Online, and Continuing Education",42.1022,-72.556647
475282,Marian Health Careers Center-Van Nuys Campus,34.177483,-118.465561
475325,Milan Institute-Las Vegas,36.16159,-115.170333
475398,Catholic Distance University,39.287311,-77.859242
475404,New York School of Esthetics & Day Spa,41.035422,-73.781183
475413,Panache Academy of Beauty,43.5762,-89.780047
475422,Finger Lakes Health College of Nursing & Health Sciences,42.876429,-76.987844
475431,ASI Career Institute,39.756604,-75.045442
475459,Midwest Technical Institute-Ridgeland,32.402516,-90.178196
475468,Christine Valmy International School of Esthetics & Cosmetology,40.868977,-74.358331
475477,City College-Hollywood,26.025173,-80.22004
475486,Paul Mitchell the School-Arlington,32.680899,-97.107997
475495,Rocky Mountain University of Health Professions,40.211724,-111.656188
475547,Paul Mitchell the School-Fort Myers,26.495581,-81.792422
475556,Paul Mitchell the School-Raleigh,35.882566,-78.740471
475565,CUNY Stella and Charles Guttman Community College,40.75281,-73.984131
475574,Lil Lou's Beauty and Barber College,41.53025,-87.335811
475608,Criswell College,32.793513,-96.77669
475635,Beverly Hills Design Institute,34.06463,-118.375621
475653,Reflections Academy of Beauty,39.843265,-88.956239
475662,UCAS University of Cosmetology Arts & Sciences-La Joya,26.24605,-98.468021
475705,Annenberg School of Nursing,34.200825,-118.553851
475714,American Medical Academy,25.66273,-80.393361
475723,Tooele Technical College,40.527752,-112.325714
475732,Chamberlain University-Georgia,33.911943,-84.351949
475741,Chamberlain University-Indiana,39.91916,-86.111061
475750,Carrington College-Mesquite,32.815899,-96.625985
475839,Sessions College for Professional Design,33.427133,-111.941123
476063,Tulsa Welding School-Jacksonville,30.313564,-81.56007
476179,Empire Beauty School-Virginia Beach,36.838455,-76.135548
476230,Ross Medical Education Center-Morgantown,39.628002,-79.928764
476294,Paul Mitchell the School-Ogden,41.225229,-111.974233
476355,Miami Ad School-New York,40.755046,-73.925071
476489,Larry's Barber College,41.703711,-87.643207
476498,Futura Career Institute,25.863128,-80.306991
476513,Flair Beauty College,34.414463,-118.550015
476540,Vogue College of Cosmetology-San Antonio Fredericksburg,29.462345,-98.523455
476559,Vogue College of Cosmetology,29.465563,-98.602991
476568,Tomorrow's Image Barber And Beauty Academy of Virginia,37.133072,-76.529229
476595,Medical Allied Career Center,33.91871,-118.062402
476601,Bais HaMedrash and Mesivta of Baltimore,39.379528,-76.674414
476610,Barber & Beauty Institute of New York,40.69983,-73.615341
476629,Salon Institute-Toledo Campus,41.674855,-83.696989
476683,Athena Career Academy,41.614633,-83.665339
476692,Yeshiva Gedolah Zichron Leyma,40.6992,-74.268351
476708,The Barber School,40.621415,-111.891446
476717,Be'er Yaakov Talmudic Seminary,41.138206,-74.029573
476726,Rio Grande Valley College,26.24215,-98.177978
476735,Alexander Academy,42.587705,-71.769406
476753,Aveda Institute-Tucson,32.220141,-110.968361
476780,Diamond Beauty College,34.062971,-118.046711
476799,Unitek College,37.65642,-122.455603
476805,University Academy of Hair Design,33.19105,-87.559744
476814,Florida Institute of Recording Sound and Technology,28.625257,-81.401029
476841,Paul Mitchell the School-Reno,39.509232,-119.803848
476850,Boise Barber College,43.588823,-116.278054
476869,Austin Kade Academy,43.482859,-112.001128
476878,Aesthetic Science Institute,42.76194,-73.794947
476887,Elaine Sterling Institute,33.846647,-84.363266
476896,Wade Gordon Hairdressing Academy,35.186494,-101.873963
476902,Mitsu Sato Hair Academy,38.964694,-94.670149
476939,FVI School of Nursing and Technology,25.773542,-80.321789
476948,SAE Institute of Technology-Atlanta,33.75993,-84.38696
476957,Academy di Firenze,42.723871,-114.519826
476966,SAE Institute of Technology-Miami,25.92387,-80.155391
476975,Colorado State University-Global Campus,39.724786,-104.786666
476984,Paul Mitchell the School-Overland Park,38.95593,-94.688051
476993,Medspa Academies,40.55681,-111.912821
477002,Brighton Institute of Cosmetology,42.521018,-83.743486
477039,West Coast University-Dallas,32.82746,-96.873805
478582,Empire Beauty School-Savannah,32.008498,-81.110045
478591,Ogle School Hair Skin Nails-Denton,33.192334,-97.113213
478616,Empire Beauty School-West Greensboro,36.051588,-79.90432
478634,California College San Diego,33.138303,-117.160658
478661,Jolie Hair and Beauty Academy-Northfield,39.383782,-74.554569
478917,Hays Academy of Hair Design,38.8398,-97.607551
478953,Bellus Academy,39.191749,-96.60827
479062,MotoRing Technical Training Institute,41.81866,-71.384761
479248,Columbia College,38.838042,-77.434496
479424,Unitek College,37.661039,-122.116059
479965,Medical Career Institute,40.263786,-74.046322
479974,Advance Beauty Techs Academy,33.884074,-117.517655
479983,Elevate Salon Institute-Westminster,39.857821,-105.072521
479992,Brand College,34.15799,-118.265551
480000,Hinton Barber and Beauty College,38.109629,-122.245384
480019,Advanced Career Institute,36.339646,-119.377564
480028,Digital Film Academy,40.760073,-73.991082
480037,MyComputerCareer.edu-Raleigh,35.767841,-78.727186
480073,South University-Austin,30.479474,-97.689972
480091,Bryant & Stratton College-Online,42.790174,-78.770363
480125,Ogle School Hair Skin Nails-San Antonio,29.518311,-98.503686
480161,Ideal Beauty Academy,38.225024,-85.568052
480189,Mercyhurst University-North East Campus,42.219677,-79.835745
480198,Warner Pacific University Professional and Graduate Studies,45.506265,-122.592498
480204,Platt College-Riverside,33.932923,-117.298365
480310,Empire Beauty School-Glen Burnie,39.203264,-76.616551
480347,International School of Cosmetology,33.536609,-111.889421
480471,United Education Institute-UEI College Stockton,37.99756,-121.308461
480499,Shiloh University,41.459135,-91.705724
480523,Ross Medical Education Center-Dayton,39.816855,-84.126037
480532,Ross Medical Education Center-Ontario,40.77421,-82.591867
480550,Ross Medical Education Center-Bowling Green,36.966303,-86.433521
480569,Florida Institute of Technology-Online,28.065754,-80.624378
480657,Rasmussen University-Kansas,39.056302,-95.751719
480693,Columbia Institute,39.056035,-77.08083
480727,School of Missionary Aviation Technology,42.941371,-85.07224
480736,Ace Cosmetology and Barber Training Center,41.559315,-73.013038
480781,California Miramar University,32.77942,-117.11851
480790,Rocky Vista University,39.563516,-104.815034
480824,The College of Health Care Professions-Dallas,32.830186,-96.875021
480833,The College of Health Care Professions-Fort Worth,32.816901,-97.311645
480842,Shear Finesse Beauty Academy,30.319276,-81.558157
480851,Miami Media School,25.783576,-80.325673
480879,Academy of Salon Professionals,38.690729,-93.251559
480888,CyberTex Institute of Technology,30.324403,-97.70303
480903,New England Tractor Trailer Training School of CT-Bridgeport,41.186706,-73.179406
480912,Gemini School of Visual Arts & Communication,30.454612,-97.796482
480921,Designer Barber & Stylist School,35.359477,-94.370331
480930,Paul Mitchell the School-Woodbridge,38.635367,-77.293304
480967,College of the Muscogee Nation,35.635288,-95.936439
480976,The Salon Professional Academy-Huntsville,34.736145,-86.655724
480985,Midwives College of Utah,40.71089,-111.857036
480994,Aspen Beauty Academy of Laurel,39.099633,-76.822219
481003,M T Training Center,32.72,-97.042564
481021,Berks Career & Technology Center,40.388341,-76.000808
481030,Future Generations University,38.70907,-79.405423
481049,Carthage R9 School District-Carthage Technical Center,37.173927,-94.30087
481058,Grace Mission University,33.867663,-117.958208
481085,Verve College,41.84402,-87.984611
481094,Sotheby's Institute of Art-NY,40.756988,-73.972232
481100,Top Nails & Hair Beauty School,40.652683,-111.940452
481128,Santa Ana Beauty College,33.759423,-117.895913
481137,Shepherds College,42.680369,-88.062268
481146,Woodruff Medical and Wellness Training,33.839432,-84.238614
481155,Helms College,32.803363,-83.732678
481182,Ukiah Adult School,39.160947,-123.215034
481191,Riverside County Office of Education-School of Career Education,33.91733,-117.294699
481207,Institute of Health Sciences,39.487379,-76.656295
481225,Mid-South Christian College,35.064172,-89.911799
481243,New York Institute of Beauty,40.80235,-73.189261
481252,Ultrasound Medical Institute,26.68295,-80.22826
481289,Xavier College School of Nursing,37.966315,-121.293267
481298,Lawrence & Company College of Cosmetology,36.33339,-119.637371
481313,Kaizen Beauty Academy,26.01028,-80.255473
481322,Southern Texas Careers Academy,26.238609,-98.207283
481331,Sharp Edgez Barber Institute,43.200074,-77.637278
481340,The Salon Professional Academy-Nashville,36.170543,-86.667242
481368,Prestige Health & Beauty Sciences Academy,25.931398,-80.132918
481386,California Career Institute,33.816691,-117.887923
481401,Grace School of Theology,30.205731,-95.472493
481410,Yeshiva Gedolah Kesser Torah,41.124819,-74.068553
481429,Universal Training Institute,40.51034,-74.269901
481438,Yeshiva Yesodei Hatorah,40.065908,-74.202016
481447,Center for the Healing Arts,39.851623,-75
481456,Bonnie Joseph Academy of Cosmetology & Barbering,40.505437,-111.413846
481465,Healthcare Training Institute,30.001705,-90.239271
481474,J D Academy of Salon and Spa,37.818164,-121.995828
481483,Boca Beauty Academy,26.366888,-80.167216
481508,Paul Mitchell the School-Jersey Shore,40.062647,-74.143713
481517,City Pointe Beauty Academy,37.140007,-94.473433
481526,The Chrysm Institute of Esthetics,36.84521,-76.13732
481535,Sanford Burnham Prebys Medical Discovery Institute,32.900056,-117.241748
481571,Belle Academy of Cosmetology LLC,41.59749,-73.055819
481678,Empire Beauty School-Augusta,33.516811,-82.066289
481720,South University-High Point,36.040441,-79.963547
481739,Empire Beauty School-Vernon Hills,42.241767,-87.958698
481748,Empire Beauty School-Stone Park,41.907282,-87.871263
481775,San Joaquin Valley College-Lancaster,34.648563,-118.148431
481845,Empire Beauty School-Rochester,43.216013,-77.726297
481863,Ross Medical Education Center-Kokomo,40.444807,-86.129996
481890,Ross Medical Education Center-Erlanger,39.030899,-84.615734
481906,Ross Medical Education Center-Charleston,38.310312,-81.567573
481960,InterCoast Colleges-Fairfield,38.212134,-122.147995
482015,Southern Careers Institute-San Antonio,29.4585,-98.627397
482060,Milan Institute-Merced,37.322518,-120.481067
482097,Midwest Technical Institute-Missouri,37.147663,-93.256356
482149,Augusta University,33.47037,-81.989071
482158,Middle Georgia State University,32.808092,-83.732058
482167,Trenz Beauty Academy,41.615676,-87.529507
482176,Paul Mitchell the School-Denver,39.70898,-105.077283
482185,Academy of Interactive Entertainment,47.621224,-122.351158
482194,Arrojo Cosmetology School,40.72765,-74.005007
482200,Cosmetology Academy of Texarkana,33.457096,-94.132583
482228,Veritas Baptist College,39.145234,-84.82617
482246,Lynnes Welding Training,46.879868,-96.823617
482255,Aviation Institute of Maintenance-Las Vegas,36.083117,-115.118122
482291,UEI College-Bakersfield,35.381617,-119.049925
482325,National American University-Georgetown,30.629212,-97.693185
482413,DeVry College of New York,40.747747,-73.983492
482422,DeVry University-Arizona,33.565758,-112.104601
482431,DeVry University-California,34.068481,-117.5876
482440,DeVry University-Colorado,39.91934,-105.008901
482459,DeVry University-Florida,25.97687,-80.345097
482468,DeVry University-Georgia,33.775112,-84.297316
482477,DeVry University-Illinois,41.799874,-88.126334
482486,DeVry University-Indiana,41.464405,-87.326866
482538,DeVry University-Missouri,38.939506,-94.575014
482547,DeVry University-Nevada,36.020266,-115.096601
482556,DeVry University-New Jersey,40.557503,-74.311372
482565,DeVry University-North Carolina,35.13766,-80.931971
482574,DeVry University-Ohio,40.046679,-82.906219
482608,DeVry University-Pennsylvania,40.135214,-75.183609
482617,DeVry University-Tennessee,36.083795,-86.697403
482635,DeVry University-Texas,32.934524,-97.012494
482653,DeVry University-Virginia,38.861096,-77.049759
482680,University of North Georgia,34.530219,-83.985694
482699,South Georgia State College,31.495903,-82.855231
482705,Northeastern University Professional Programs,42.339992,-71.088782
482936,Florida Polytechnic University,28.150149,-81.845995
482963,American Institute-Toms River,40.044556,-74.220894
482972,The Healthcare Institute,29.46192,-98.523081
482981,Alamo City Barber College,29.52717,-98.639532
482990,Arizona College-Mesa,33.418374,-111.873428
483009,American College of Healthcare and Technology,33.98271,-118.224752
483018,Antioch College,39.799806,-83.888077
483036,Texas A&M University-Central Texas,31.053407,-97.775182
483045,Central Georgia Technical College,32.545341,-83.66765
483054,Barber School of Pittsburgh,40.441863,-80.03416
483106,Innovate Salon Academy,40.550944,-74.426739
483124,Arizona State University Digital Immersion,33.463517,-111.924487
483212,Louisiana Delta Community College,32.49637,-92.032664
483221,Learnet Academy Inc,34.063934,-118.293165
483230,The Fab School,34.079866,-117.555168
483258,Networks Barber College,41.621587,-87.539813
483276,JB's Hair Design and Barber College,35.405519,-97.52838
483328,Paul Mitchell the School-Lombard,41.839535,-88.008159
483337,Paul Mitchell the School-Greenville,34.824899,-82.288377
483346,Barber and Beauty Academy of Pennsylvania,40.27505,-76.825509
483355,Delta College of Arts & Technology-Lafayette Campus,30.158184,-92.041847
483364,Delta College-Slidell Campus,30.286052,-89.78043
483373,Integrity College of Health,34.171252,-118.131722
483382,Electrical and HVAC/R Training Center,40.680471,-73.404943
483425,Alexander Paul Institute of Hair Design,35.604962,-77.371696
483443,California Technical Academy,34.002717,-117.339245
483470,More Tech Institute,25.8659,-80.30405
483504,Dorsey College-Dearborn,42.330658,-83.219356
483513,Neecee's Barber College,32.400984,-99.745008
483559,Bella Cosmetology and Barber College,33.119725,-96.107802
483577,Franklin Hair Academy School of Cosmetology,35.932691,-86.880233
483595,Ana G. Mendez University,28.482195,-81.30843
483647,Ohio Institute of Allied Health,39.84549,-84.14076
483708,Access Careers,40.709502,-73.61531
483726,Luckes Beauty Academy LLC,37.08367,-76.457022
483735,Total Transformation Institute of Cosmetology,29.882696,-97.920002
483744,Vibe Barber College,35.165189,-90.036149
483753,Champ's Barber School,40.037616,-76.307594
483780,IGlobal University,38.915226,-77.227315
483799,East-West Healing Arts Institute,43.056,-89.491041
483814,Standard Healthcare Services-College of Nursing,38.908263,-77.210082
483823,Philadelphia Technician Training,40.068722,-75.157038
483841,Grace International Beauty School,40.75904,-73.828461
483850,Alliance Computing Solutions,40.76156,-73.831481
483869,InterAmerican Technical Institute,25.760656,-80.350943
483878,Bay Area Medical Academy,37.790775,-122.406318
483887,Mind Body Institute,36.29177,-86.706249
483896,Parisian Spa Institute,30.31314,-81.677501
483911,Creative Touch Cosmetology School,38.335231,-90.146194
483920,LaBarberia Institute of Hair,41.5161,-81.450649
483939,Setting the Standard Barbering and Natural Hair Academy,32.4843,-93.797551
483948,Bos-Man's Barber College,32.442955,-93.782849
483957,Lawrence & Company College of Cosmetology,36.570318,-119.611752
483975,Alabama College of Osteopathic Medicine,31.206294,-85.340805
484002,High Desert Medical College,34.67613,-118.144328
484011,Paul Mitchell the School-Schenectady,42.813241,-73.941968
484020,Beyond Measure Barbering Institute,36.098405,-79.276539
484039,McDougle Technical  Institute,26.25646,-80.101821
484048,Barber Institute of Texas,32.46297,-94.732635
484057,Jupiter Beauty Academy,42.305343,-71.057468
484066,MedQuest College,38.224517,-85.560650999999993
484075,First Coast Barber Academy,30.33211,-81.660201
484084,Debutantes School of Cosmetology and Nail Technology,41.93057,-88.751471
484093,Paul Mitchell The School-Farmington Hills,42.498205,-83.357682
484109,Paul Mitchell the School-Merrillville,41.47368,-87.336518
484127,Ricci's Toni & Guy Hairdressing Academy/TIGI Creative School,41.392938,-73.290525
484136,Yahweh Beauty Academy,31.112893,-97.700269
484163,Arizona School of Integrative Studies,32.23013,-110.969111
484172,Lee Professional Institute,26.60411,-81.851331
484190,Park Place Premier Barber School,29.997288,-90.061019
484206,The Salon Professional Academy-San Jose,37.292025,-121.989475
484233,Tri-Community Adult Education,34.104391,-117.887096
484321,Jolie Health and Beauty Academy-Turnersville,39.753827,-75.044514
484330,Ross Medical Education Center-Owensboro,37.72084,-87.119243
484349,Ross Medical Education Center-Evansville,37.978574,-87.490569
484358,Ross Medical Education Center-Johnson City,36.35971,-82.383171
484367,North-West College-Anaheim,33.839313,-117.959766
484376,North-West College-Long Beach,33.801894,-118.14854
484394,Taylor Andrews Academy of Hair Design-Provo,40.261578,-111.669298
484473,University of Florida-Online,29.649413,-82.339848
484604,Ogle School Hair Skin Nails-Stafford,29.63502,-95.588371
484613,University of Phoenix-Arizona,33.41128,-112.012761
484631,University of Phoenix-California,34.065748,-117.58377
484668,University of Phoenix-Florida,25.986695,-80.342251
484677,University of Phoenix-Georgia,33.928881,-84.35887
484710,University of Phoenix-Nevada,36.12164,-115.322506
484756,University of Phoenix-Texas,29.7837,-95.585258
484826,Tint School of Makeup & Cosmetology-Seattle,47.612248,-122.343804
484835,CEM College-Mayaguez,18.199097,-67.146379
484844,Minerva University,37.779526,-122.413359
484862,University of West Los Angeles,33.947341,-118.36957
484871,Rabbinical College Ohr Yisroel,40.629707,-73.896524
484899,Aveda Institute-Phoenix,33.338893,-111.968721
484905,University of North Texas at Dallas,32.659588,-96.803446
484923,Dermal Science International Aesthetics and Nail Academy,38.952045,-77.337967
484932,BridgeValley Community & Technical College,38.353846,-81.6983
484950,Northwest College-Medford,42.369051,-122.852524
484996,Houston Training Schools-Gessner,29.72401,-95.540324
485014,Empire Beauty School-Buffalo,42.908206,-78.755118
485032,Paul Mitchell the School-Toledo,41.706636,-83.668124
485111,Georgia Military College,33.07944,-83.224211
485139,SAE Institute of Technology-Chicago,41.897213,-87.637674
485166,Beau Monde Academy of Barbering and Cosmetology,45.531839,-122.65456
485236,Fountain of Youth Academy of Cosmetology,40.497532,-80.058705
485263,California College San Diego,32.835221,-117.166966
485272,West Coast University-Miami,25.81071,-80.347651
485306,All Beauty College,35.19159,-114.021332
485342,Aparicio-Levy Technical College,27.990625,-82.332285
485360,The Vocational Nursing Institute Inc,29.903883,-95.587085
485379,Hollywood Institute of Beauty Careers-West Palm Beach,26.649613,-80.057435
485388,Hollywood Institute of Beauty Careers-Casselberry,28.633003,-81.321511
485397,Empire Beauty School-Cheltenham,40.082265,-75.16864
485403,High Tech High Graduate School of Education,32.732001,-117.217661
485412,Coachella Valley Beauty College-Hemet,33.745675,-117.010783
485458,Coastal Pines Technical College,31.212781,-82.3821
485467,Carrington College-Administrative Office,38.556104,-121.371383
485476,Studio Beauty School,47.657655,-117.270239
485485,Latin Beauty Academy,26.64951,-80.143681
485494,Associated Barber College of San Diego,32.719318,-117.159908
485500,ABCO Technology,33.932121,-118.369774
485519,Lionel University,34.38768,-119.486417
485537,University of Texas Health Science Center at Tyler,32.425963,-95.213526
485546,California Intercontinental University,33.682223,-117.840674
485564,Infinity College,30.212802,-92.007925
485573,Universal Healthcare Careers College,34.0499,-118.274771
485582,MKG Beauty & Business,41.78608,-71.472161
485591,New Beginnings Beauty Academy,34.203735,-92.019193
485607,Dolce The Academy,41.540983,-72.991263
485698,American College of the Building Arts,32.805094,-79.946888
485704,River Valley School of Massage,35.28311,-93.110811
485768,Atlantis University,25.788978,-80.18942
485801,Westchester School for Medical & Dental Assistants,41.023908,-73.842769
485810,K & G 5 Star Barber College,29.443105,-95.088354
485856,Studio Incamminati,39.925181,-75.160105
485874,Salon Boutique Academy,32.954908,-96.841676
485908,Antioch University Online,39.80321,-83.908684
485926,GA Beauty & Barber School,26.237585,-98.257166
485953,The Recording Conservatory of Austin,30.360236,-97.831161
485962,VH Barber & Styling Academy,32.517057,-93.717542
485999,Bet Medrash Gadol Ateret Torah,40.607809,-73.969945
486017,Yeshiva Ohr Yisrael,40.61359,-73.944041
486026,Yeshiva Sholom Shachna,40.6275,-73.973431
486053,Bethlehem College & Seminary,44.968872,-93.255399
486080,Elmezzi Graduate School of Molecular Medicine,40.775582,-73.702257
486105,Professional Academy of Cosmetology,40.114113,-75.332974
486123,Theatre of Arts,34.0984,-118.338144
486141,Westchester College of Nursing & Allied Health,33.95487,-118.396511
486150,Treasure Coast Technical College,27.678049,-80.413849
486169,American College of Barbering,38.084678,-85.670147
486196,Beth Medrash Meor Yitzchok,41.100906,-74.060843
486202,Mingo Extended Learning Center,37.677016,-82.176972
486239,San Ignacio University,25.810669999999998,-80.367975
486248,ZMS The Academy,34.047305,-118.209424
486257,Valor Christian College,39.891571,-82.829696
486284,Bethany Global University,44.795501,-93.371754
486309,Bella Academy of Cosmetology,44.081385,-87.696742
486345,HVAC Technical Institute,41.809897,-87.733452
486354,United International College,25.97989,-80.283123
486372,San Francisco Film School,37.791643,-122.401124
486381,Center for Ultrasound Research & Education,41.028851,-73.746486
486390,Culinary Tech Center,40.756375,-73.971407
486406,Randolph Technical Center,38.890857,-79.852118
486415,AMG School of Nursing,40.701286,-73.985092
486424,Saint Michael College of Allied Health,38.904414,-76.980916
486433,Presidio Graduate School,37.786891,-122.400814
486442,Sandra Academy of Salon Services,36.444823,-83.586525
486460,Wright Graduate University for the Realization of Human Potential,42.767178,-88.591085
486488,California Jazz Conservatory,37.871235,-122.268878
486497,California Barber and Beauty College,32.757282,-117.0814
486503,Laredo CHI Academy Beauty School,27.575732,-99.467036
486512,Florida International Training Institute,25.797851,-80.314681
486530,Gould's Academy,35.098298,-89.860578
486558,Aviation Institute of Maintenance-Fremont,37.468594,-121.92135
486567,Paul Mitchell the School-Tulsa,36.132259,-95.82023
486576,PPG Technical College,18.247162,-66.038451
486594,Wave Leadership College,36.86471,-76.043121
486619,Academy of Professional Cosmetology,36.35541,-94.157411
486691,Empire Beauty School-Northlake,33.847741,-84.256996
486707,Ross Medical Education Center-Huntsville,34.736871,-86.661349
486716,Ross Medical Education Center-Knoxville,35.912854,-84.096882
486734,Jolie Health & Beauty Academy-Cherry Hill,39.880166,-75.005249
486752,Ross Medical Education Center-Muncie,40.23238,-85.390811
486770,Cortiva Institute-Arlington,32.6769,-97.119031
486798,Tulsa Welding School-Houston,29.950897,-95.413192
486813,Pima Medical Institute-El Paso,31.773629,-106.383883
486822,Pima Medical Institute-Phoenix,33.608723,-112.118075
486840,Kennesaw State University,34.038807,-84.583052
486859,Davines Professional Academy of Beauty and Business,40.756017,-96.641266
486868,All Beauty College,34.477371,-114.341863
486877,Eastern Suffolk BOCES,40.927928,-72.671895
486886,Eastern Suffolk BOCES,40.745531,-73.109752
486901,Milligan University,36.300147,-82.29407
486938,Chamberlain University-Nevada,36.185176,-115.313525
486947,Chamberlain University-Michigan,42.556474,-83.150516
486956,Chamberlain University-New Jersey,40.465934,-74.438877
486965,Hussian College-Los Angeles,34.054877,-118.26069
486983,Paul Mitchell the School-Madison,43.064984,-89.503169
487010,The University of Tennessee Health Science Center,35.138847,-90.033196
487047,Unitech Training Academy-New Orleans,29.948535,-90.183521
487065,Wade Gordon Hairdressing Academy-Lubbock,33.524818,-101.869638
487083,Protege Academy,43.61137,-84.751095
487092,Emory University-Oxford College,33.6191,-83.871141
487153,The Chicago School of Professional Psychology at Xavier University of Louisiana,29.96527,-90.107924
487162,Southern Regional Technical College,30.863799,-83.9514
487232,Texas College of Cosmetology-Lubbock,33.561435,-101.924031
487296,University of Arizona-Sierra Vista,31.567832,-110.245117
487302,Fortis College-Cuyahoga Falls,41.143856,-81.470433
487311,Jones Technical Institute,30.20813,-81.561491
487320,Texas State Technical College,31.639295,-97.08471
487348,Aveda Institute Portland-Vancouver Campus,45.643767,-122.603849
487375,Arizona College of Nursing-Las Vegas,36.067353,-115.274149
487384,Florida Career College-Pembroke Pines,26.010968,-80.246116
487393,Florida Career College-West Palm Beach,26.705217,-80.136749
487409,Florida Career College-Hialeah,25.855552,-80.319292
487418,Florida Career College-Lauderdale Lakes,26.16574,-80.205267
487427,Florida Career College-Tampa,27.980705,-82.337004
487436,Florida Career College-Jacksonville,30.19576,-81.751361
487445,Florida Career College-Boynton Beach,26.54289,-80.092161
487454,Florida Career College-Margate,26.270878,-80.203455
487472,Florida Career College-Orlando,28.56052,-81.309471
487481,United Education Institute - UEI College - Phoenix,33.57026,-112.116121
487490,Florida Career College-Houston,30.022309,-95.431325
487506,Aveda Institute-Madison,43.072676,-89.398711
487524,Husson University,44.829002,-68.791476
487533,Tricoci University of Beauty Culture-Elgin,42.026819,-88.341498
487588,Concorde Career College-Southaven,34.976181,-89.988876
487597,Universal Technical Institute-Southern California,33.826017,-118.145393
487603,Northwest University-Center for Online and Extended Education,47.657502,-122.195774
487621,Celebrity Barber School,32.521718,-92.083641
487649,California Institute of Advanced Management,34.082467,-118.15055
487658,Academy of Interactive Entertainment,30.220037,-92.043315
487676,The Temple Annapolis-A Paul Mitchell Partner School,38.980115,-76.543104
487746,Yeshiva Zichron Aryeh,40.606105,-73.764423
487773,Butte County Regional Occupational Program,39.715283,-121.804024
487791,Arclabs,34.77072,-82.461311
487807,Top of the Line Barber College,32.78868,-80.022755
487816,Midfield Institute of Cosmetology,33.463987,-86.908933
487852,American Institute of Alternative Medicine,40.433916,-74.386999
487861,Felbry College School of Nursing,40.09578,-82.951066
487889,Regional Center for Border Health,32.596919,-114.711558
487898,B-Unique Beauty and Barber Academy,34.844106,-82.365104
487904,Kentucky Horseshoeing School,37.875066,-84.340899
487913,Tri-State Barber College,38.47515,-82.633351
487922,Image Maker Beauty Institute,36.304927,-86.601706
487959,Dalton Institute of Esthetics and Cosmetology,34.762636,-84.970455
487968,CAAN Academy of Nursing,41.505272,-87.731726
487977,Martinsburg College,39.487035,-77.959662
487995,Alhambra Medical University,34.080181,-118.148684
488004,Central Yeshiva Beth Joseph,40.615411,-73.959386
488013,Garden State Science and Technology Institute,40.734746,-74.059669
488022,Barber Tech Academy,33.492394,-80.856946
488031,Abraham Lincoln University,34.146294,-118.256726
488040,Construction Training Center,33.968494,-80.948762
488059,Med Academy,25.89821,-80.35256
488068,Huntington University of Health Sciences,36.027559,-83.99327
488077,Sonoran Desert Institute,33.420286,-111.964106
488101,Yeshivas Maharit D'Satmar,41.33127,-74.159642
488110,Natural Images Beauty College,29.026275,-95.400805
488129,Textures Institute of Cosmetology,39.906649,-86.218117
488138,Learning Bridge Career Institute,29.598445,-90.74457
488147,PiBerry Institute,25.48663,-80.463557
488174,Ea La Mar's Cosmetology & Barber College,39.094285,-94.551962
488183,Regina Webb Academy,36.952887,-86.427834
488192,DeHart Technical School,37.71339,-120.997781
488217,Medical Career & Technical College,37.734796,-84.309012
488226,Center for Neurosomatic Studies,27.898475,-82.714351
488235,Lebanon College of Cosmetology,37.70169,-92.667311
488253,Focus Personal Training Institute,40.745926,-73.991731
488262,Hair Academy School of Barbering & Beauty,39.65906,-75.73689
488271,Fosbre Academy of Hair Design,47.039503,-122.935367
488280,National Personal Training Institute,28.599067,-81.219818
488299,Mission Beauty Institute,26.213855,-98.31205
488305,Elim Bible Institute and College,42.909692,-77.615151
488314,Beth Medrash of Asbury Park,40.043705,-74.210816
488332,Hope College of Arts and Sciences,26.226156,-80.139671
488350,Yeshiva Gedolah Shaarei Shmuel,40.091,-74.197596
488369,Premier Barber Institute,40.11065,-75.333151
488378,International Beauty Education Center,47.643215,-117.58908
488387,Claremont Lincoln University,34.094273,-117.716117
488396,Phipps Academy of Barbering,41.485005,-87.705681
488411,Hoss Lee Academy,38.721897,-121.289487
488420,Indiana Wellness College,39.940821,-86.156579
488439,Kenny's Academy of Barbering,39.79644,-86.207551
488448,Seattle Film Institute,47.64894,-122.377121
488527,Arkansas Colleges of Health Education,35.317421,-94.319084
488554,Burrell College of Osteopathic Medicine,32.278068,-106.737787
488563,California College of Music,34.145103,-118.128935
488572,California Health Sciences University,36.832466,-119.701977
488590,Christian Culinary Academy,45.89961,-123.959303
488651,Glitz School of Cosmetology,32.298355,-106.743159
488679,Indiana Wesleyan University-National & Global,40.510655,-85.677641
488730,Northeast Lakeview College,29.545802,-98.323246
488749,Paul Mitchell the School-Jessup,39.16947,-76.785931
488776,John Patrick University of Health and Applied Sciences,41.67338,-86.24973
488785,University of Saint Katherine,33.151283,-117.196552
488800,Teachers College of San Joaquin,37.908696,-121.231507
488828,Totally Cosmo School of Modern Cosmetology,34.027834,-94.738026
488837,U.S. Truck Driver Training School,42.550239,-83.042997
488846,University of the People,34.146167,-118.138047
488891,South Dade Technical College-South Dade Skills Center Campus,25.50406,-80.437371
488907,Wongu University of Oriental Medicine,36.03274,-115.117581
488916,Alabama School of Nail Technology & Cosmetology,31.50997,-87.893386
488925,International Diving Institute,32.866359,-79.974521
488934,Tulsa Technology Center,36.113428,-95.887481
488952,Ross Medical Education Center-Elyria,41.386445,-82.105702
488961,Ross Medical Education Center-Lafayette,40.38849,-86.845131
488970,Ross Medical Education Center-Midland,43.641877,-84.258017
488989,Paul Mitchell the School-Clear Lake,29.527723,-95.126497
488998,Paul Mitchell the School-Nampa,43.613794,-116.594823
489122,Academy of Beauty Professionals,43.05541,-89.490781
489131,Academy of Beauty Professionals,44.266271,-88.461527
489140,Academy of Beauty Professionals,44.52349,-88.097926
489159,Kenneth Shuler School of Cosmetology-Goose Creek,33.035472,-80.065725
489201,Clovis Community College,36.88686,-119.731261
489238,Boca Beauty Academy-Parkland,26.321755,-80.203872
489247,American Beauty Academy-West Valley Campus,40.692128,-111.938189
489256,Caribbean Aviation Training Institute Inc,18.439873,-65.997043
489283,The College of Health Care Professions-McAllen Campus,26.239856,-98.234872
489335,Institute of Buddhist Studies,37.866732,-122.266105
489344,Chamberlain University-North Carolina,35.13766,-80.931971
489353,Chamberlain University-California,38.596193,-121.278258
489371,Spartan College of Aeronautics and Technology,33.990127,-117.408335
489760,Milan Institute-Bakersfield West,35.388152,-119.038111
489779,Purdue University Global,40.45655,-86.928449
489812,Pima Medical Institute-Dillon,45.208156,-112.641211
489830,Arthur's Beauty College,35.817823,-90.68152
489858,West Coast University-Center for Graduate Studies,34.081505,-118.29131
489937,Carolina University,36.087962,-80.250153
490018,National Personal Training Institute-Tampa,28.02675,-82.528321
490045,Presbyterian Theological Seminary in America,33.88856,-118.047065
490054,HCI College,26.702663,-80.085147
490063,Southern States University,32.767544,-117.201297
490081,America Evangelical University,33.883102,-118.295931
490090,Gadsden Technical Institute,30.577656,-84.578905
490106,Virginia University of Integrative Medicine,38.844541,-77.269749
490115,Nashville Film Institute,36.135712,-86.748045
490124,Los Angeles Academy of Figurative Art,34.208209,-118.5021
490133,Westcliff University,33.685537,-117.847973
490142,World Class Academy of Beauty Careers,30.412845,-84.2909
490151,Allied Health Careers Institute,35.827799,-86.391495
490160,Sacramento Ultrasound Institute,38.604405,-121.383597
490197,Regan Career Institute,34.070176,-118.030152
490203,Bolivar Technical College,37.623766,-93.421572
490212,Baldy View Regional Occupational Program,34.046457,-117.636712
490221,MAK Beauty Institute,34.186371,-84.143912
490230,Reformed University,33.971966,-84.07814
490249,Mobile Technical Training,40.857008,-74.04968
490258,American Barber and Beauty Academy,40.316547,-75.939691
490267,Master's Barber & Styling College,36.219691,-86.571436
490276,Yeshiva Shaar Ephraim,41.116935,-74.060858
490285,California Institute of Arts & Technology,32.770776,-117.134199
490294,"Elite Cosmetology, Barber & Spa Academy",46.584032,-120.54382
490300,Cutting Edge Academy,40.86887,-74.644718
490319,Yeshiva Bais Aharon,40.101002,-74.203094
490328,Mechon L'hoyroa,41.117029,-74.058177
490337,My Beauty & Barber College,38.473648,-121.431533
490346,Elyon College,40.611081,-73.980593
490373,Western Michigan University Homer Stryker M.D. School of Medicine,42.289571,-85.57943
490382,Harmony Health Care Institute,42.804167,-71.488336
490391,American Beauty Schools,25.761572,-80.327707
490407,Hogan Institute of Cosmetology and Esthetics,33.896591,-84.141162
490416,J's Barber College,29.993445,-91.829017
490425,Ann Webb Skin Institute,30.419687,-97.751895
490434,Apex Academy Hair Skin Nails School of Cosmetology,40.771672,-82.577702
490443,The Esthetic Institute,38.914385,-77.234171
490452,Kor Beauty Academy,33.634726,-112.220934
490461,EduMed Partners,36.299536,-86.700979
490470,Massage Institute of Memphis,35.134871,-89.992526
490489,Metro Detroit Barber College,42.416931,-83.145979
490498,Digital Media Institute at InterTech,32.480613,-93.771686
490504,Yeshiva Ohr Naftoli,41.456984,-74.046291
490513,Bais Medrash Mayan Hatorah,40.107414,-74.204332
490522,Allgood Beauty Institute,33.15731,-96.804131
490531,Ray J's College of Hair,30.464941,-91.111011
490540,Delta Designs Cosmetology School,35.232221,-90.785831
490559,Gwinnett Institute,28.571233,-81.208356
490568,Career Quest Learning Center-Mt. Pleasant,43.580687,-84.768341
490601,Kansas City University,37.057686,-94.527028
490674,Manuel and Theresa's School of Hair Design,30.176143,-96.387591
490692,Cincinnati School of Barbering & Hair Design,39.206754,-84.582563
490717,L Makeup Institute,36.166597,-115.286321
490735,Peloton College,32.758324,-97.092451
490744,Northern Technical College,34.214189,-91.979767
490753,Maine Media College,44.193709,-69.076508
490805,Purdue University Northwest,41.584324,-87.474236
490814,Ross Medical Education Center - Kalamazoo,42.290629,-85.651779
490832,Ross College-Canton,40.844938,-81.429021
490841,Ross College-Grand Rapids North,43.035323,-85.629017
490869,American Institute-Somerset,40.55089,-74.544122
490878,Platt College-Anaheim,33.809417,-117.878211
490896,Advantage Career Institute,40.306828,-74.050804
490948,Bull City Durham Beauty and Barber College,35.989115,-78.889993
490975,Fortis College-Cutler Bay,25.585653,-80.363995
491057,Yeshiva Kollel Tifereth Elizer,40.637096,-73.992171
491066,Strand Institute of Beauty & Esthetics,27.878924,-97.319593
491075,Arkansas Welding Academy,34.883474,-92.139911
491084,Unitech Training Academy-Baton Rouge,30.417257,-91.063026
491136,Empire Beauty School-Tampa,27.941959,-82.338274
491145,Empire Beauty School-Lakeland,28.108318,-81.973025
491181,Galen College of Nursing-ARH,37.285896,-83.205298
491190,The Chicago School of Professional Psychology at San Diego,32.718575,-117.167054
491215,Commercial Divers International,33.409576,-112.408598
491224,Tricoci University of Beauty Culture-Janesville,42.679712,-89.04895
491233,Unlimited Cosmetology School,31.325283,-89.304277
491242,Johnny Matthew's Hairdressing Training School,44.941812,-123.038361
491251,The Culinary School of Fort Worth,32.724044,-97.428672
491260,Centralia Beauty College,46.714769,-122.955164
491288,University of Wisconsin-Milwaukee Flex,43.076848,-87.880488
491297,University of Wisconsin-Parkside Flex,42.645603,-87.855007
491394,Miller-Motte College-Edge Tech Academy,32.708476,-97.060733
491446,Bnos Zion Of Bobov Seminary,40.633353,-73.991157
491464,ABC Adult School,33.878179,-118.070114
491473,Polytech Adult Education,39.07213,-75.545942
491482,Blush School of Makeup,37.794885,-122.399413
491507,California Institute of Medical Science,36.810031,-119.694271
491525,Union Bible College,40.038757,-86.126025
491534,Pets Playground Grooming School,26.248045,-80.100676000000007
491543,San Bernardino Beauty College,34.110518,-117.285521
491552,Christina and Company Education Center,40.414052,-86.815349
491570,Institute of Medical Ultrasound,33.759937,-84.386472
491589,Mystros Barber Academy,30.014,-95.453049
491598,European Medical School of Massage,40.320408,-76.009382
491613,Yeshiva Gedolah Tiferes Boruch,40.619593,-74.4346
491622,Yeshiva Chemdas Hatorah,40.063509,-74.229304
491631,Women's Institute of Torah Seminary and College,39.361349,-76.699496
491640,Yeshiva Gedolah Keren Hatorah,40.109281,-74.184418
491659,ICOHS College,32.723881,-117.16145
491668,Neo-Esthetique European Institute,18.363811,-66.057521
491677,Lehigh Valley Barber School,40.639992,-75.346918
491686,International Barber College,33.306101,-111.966375
491695,Brown Beauty Barber School,33.399873,-86.953134
491701,Rexburg College of Massage Therapy,43.812616,-111.80319
491710,Yeshiva Gedolah of Cliffwood,40.442213,-74.224235
491729,Goshen School of Cosmetology,33.755417,-90.713781
491738,IBS School of Cosmetology and Massage,20.892857,-156.462848
491747,UR Beauty & Barber Academy,27.463851,-81.432006
491756,Urban Barber College,37.974933,-122.03935
491765,Yeshivas Emek Hatorah,40.112501,-74.232083
491774,Transitions Career Institute School of Nursing,40.770561,-73.836391
491783,Suncoast Technical Education Center,28.488302,-82.463419
491792,Stacey James Institute,39.533193,-104.794689
491808,Meridian University,38.230878,-122.640029
491817,Seminary Bnos Chaim,40.051166,-74.202886
491826,"Avenue Academy, A Cosmetology Institute",35.096452,-106.531872
491835,Salon Professional Academy of San Antonio,29.59369,-98.47
491844,Red Lake Nation College,47.880085,-95.009828
491853,Princess Institute of Beauty,36.603678,-119.431745
491871,Vogue International Academy,29.734776,-95.638805
491880,Independent Training & Apprenticeship Program,38.572171,-121.327728
491899,Victory Career College,33.854769,-118.291723
491905,Winonah's International School of Cosmetology,33.370224,-86.801546
491914,Yeshiva Gedola Tiferes Yerachmiel,40.1037,-74.194376
491923,Southeastern Esthetics Institute,34.007905,-81.036091
491932,Installer Institute,29.254565,-81.046805
491941,Caris College,38.326417,-85.710165
491950,Contra Costa Medical Career College,37.976815,-121.801607
491969,Anousheh School of Hair,42.087554,-75.917306
491978,Another Level Barbering and Cosmetology School,37.228645,-77.403817
491996,The Salon Professional Academy-Georgetown,30.635778,-97.688068
492005,Elite Academy of Hair Design,40.014519,-80.744005
492032,Amslee Institute,27.379792,-82.43363
492069,Champion Christian College,34.499589,-93.065945
492078,Chicago Professional Center,42.10833,-87.905673
492087,The Continents States University,28.538045,-81.368734
492096,D&S School of Cosmetology,42.639596,-83.369697
492139,DSDT,42.325621,-83.081501
492157,Houston School of Carpentry,29.741498,-95.344636
492209,Reiss-Davis Graduate School,34.030844,-118.41001
492263,The University of Tennessee System Office,35.952781,-83.925949
492281,GoodFellas Barber College,34.724618,-92.321902
492306,Escondido Adult School,33.131225,-117.088454
492315,Poway Adult School,32.978817,-117.035819
492324,Vista Adult School,33.187334,-117.240253
492360,The Salon Professional Academy-Delray Beach,26.46095,-80.119045
492379,Lynnes Welding Training-Bismarck,46.756353,-100.754736
492397,Toni & Guy Hairdressing Academy-Idaho,47.70594,-116.793653
492421,No Grease Barber School,35.224657,-80.891804
492449,Pima Medical Institute-San Marcos,33.136906,-117.160199
492476,EDP University of Puerto Rico-Villalba,18.109811,-66.505648
492591,Wade Gordon Hairdressing Academy,35.186494,-101.873963
492607,Chicago School of Professional Psychology at Dallas,32.979753,-96.75721
492643,American Massage & Bodywork Institute,38.926154,-77.244736
492652,KCK Beauty & Barber Academy,30.428106,-81.652099
492661,California College of Barbering and Cosmetology,38.000656,-121.293756
492689,Texas Tech University Health Sciences Center-El Paso,31.771891,-106.43122
492704,Ponce Health Sciences University-Centro Universitario de San Juan,18.441175,-66.059619
492722,The College of Health Care Professions-South San Antonio,29.355101,-98.525559
492731,Innovate Salon Academy,40.26517,-74.802873
492759,Chamberlain University-Louisiana,29.962307,-90.152655
492801,Drury University-College of Continuing Professional Studies,37.218523,-93.286693
492935,Global Medical & Technical Training Institute,25.779693,-80.225343
492953,Salon Success Academy-West Covina,34.070568,-117.933801
492962,Indiana Institute of Technology-College of Professional Studies,41.076613,-85.115424
493071,Advantage Technical College,18.454692,-66.081082
493080,Institute of Culinary Education,34.144829,-118.139351
493132,Universal Technical Institute-Bloomfield,40.841102,-74.180997
493150,Gould's Academy,35.206685,-89.795642
493363,Institute of Lutheran Theology,44.308861,-96.789515
493372,Toni & Guy Hairdressing Academy-Rio Rancho,35.241061,-106.677601
493451,WellSpring School of Allied Health-Springfield,37.229916,-93.291006
493479,Medical Career College of Northern California,38.723329,-121.293121
493488,Premiere International College,26.639307,-81.864154
493497,Kenny's Beauty Academy,38.886467,-77.103044
493503,American Fitness and Nutrition Academy,34.1397,-118.131854
493512,San Diego Global Knowledge University,32.708222,-117.154966
493521,Global Tech College,41.697492,-83.622983
493530,Crown Cutz Academy Bristol,36.605279,-82.192413
493549,MCI,26.199744,-98.22256
493558,Central Pennsylvania Diesel Institute,40.551071,-76.990343
493567,Bellasa Professional Institute,25.890157,-80.183799
493576,PMCA Pittsburgh Multicultural Cosmetology Academy,40.439395,-79.99942
493585,Health and Technology Training Institute,39.950439,-75.164481
493594,Yeshiva of Ocean,41.732961,-74.501698
493600,Congregation Talmidei Mesivta Tiferes Shmiel Aleksander,40.624233,-73.994778
493619,Young Americans College of the Performing Arts,33.859246,-117.542501
493628,Pro Beauty Academy,40.571036,-74.340019
493637,South Eastern Beauty Academy,37.814789,-82.806325
493646,Ohel Margulia Seminary,41.121839,-74.065909
493655,Montana Barber Institute,31.763303,-106.265623
493664,Yeshivat Hechal Shemuel,40.611565,-73.963924
493673,Puerto Rico School of Nurse Anesthetists,18.411332,-66.054156
493682,American Institute of Healthcare & Technology,41.170738,-73.150918
493691,Premier Academy of Cosmetology,34.941596,-95.766472
493707,Yeshiva Gedolah of Woodlake Village,40.099738,-74.169645
493716,Yeshiva Gedola Tiferes Yaakov Yitzchok,40.056542,-74.223022
493725,University of Arkansas System eVersity,34.775996,-92.343582
493734,Careers Institute of America,32.9341,-96.838457
493743,Houston Barber School,29.966414,-95.415514
493752,Health-Tech Institute of Memphis,35.049269,-89.934826
493761,MIXED Institute of Cosmetology & Barber,38.495699,-121.43577
493770,Vski Cosmetology School,32.798291,-80.031699
493789,Shear Perfection Academy of Cosmetology,36.04762,-86.709812
493798,New York Seminary,40.63193,-73.977011
493804,Deluxe Barber College,29.554971,-98.400819
493813,Falcon Institute of Health and Science,40.651462,-75.42429
493822,College Unbound,41.80644,-71.412848
493831,Midwest Barber College,39.000284,-95.689254
493868,A Better U Beauty Barber Academy,35.11063,-106.583765
493895,SANS Technology Institute,39.040814,-77.110758
493910,Tuana European Beauty Academy,40.575844,-105.076724
493947,Idaho College of Osteopathic Medicine,43.594515,-116.376042
493992,Southern Careers Institute-Waco,31.512387,-97.139246
494001,Elevate Salon Institute,35.993485,-78.898377
494010,Ponce Health Sciences University-St Louis,38.63271,-90.195676
494029,Lil Lou's Beauty and Barber College-Hammond,41.611381,-87.521717
494162,Arizona College of Nursing-Dallas,32.923106,-96.75999
494171,Arizona College of Nursing-Tempe,33.403079,-111.965808
494232,The Salon Professional Academy-Washington DC,38.90294,-77.006322
494250,Valley College-Cleveland,41.419409,-81.747723
494269,National American University-Kings Bay,30.809739,-81.567371
494278,EDP University of Puerto Rico-Humacao,18.150762,-65.82455
494287,EDP University of Puerto Rico-Manati,18.429431,-66.490949
494357,UEI College-Sacramento,38.494532,-121.454197
494436,Fortis Institute-Cookeville,36.143291,-85.478765
494454,Paul Mitchell the School-San Jose,37.332192,-121.891967
494463,Derech Hachaim Seminary,41.337206,-74.161936
494472,Evvaylois Academy School of Beauty,30.148715,-96.388462
494524,Avenue Five Institute-South Austin Campus,30.221953,-97.756266
494551,Glasgow Caledonian New York College,40.723346,-74.001699
494588,Pima Medical Institute-San Antonio,29.488708,-98.540716
494597,Faith Theological Seminary and Christian College,28.018844,-82.582376
494603,Southwestern Baptist Theological Seminary,32.681685,-97.348233
494621,Lotus Professional College,37.594751,-77.576237
494630,Christ Mission College,29.543412,-98.70699
494649,Esteem Academy of Beauty,41.161895,-111.93946
494658,KC Beauty Academy,34.048458,-118.235894
494685,Urshan College,38.808034,-90.830252
494694,Texas Healthtech Institute,30.064641,-94.206012
494700,Xtylo Beauty College,33.479573,-112.004521
494719,Tonsorial Arts Barber College,33.435351,-94.079302
494728,Michael's Barber & Hair Stylist Academy,32.838765,-96.978283
494737,Yeshiva Yesoda Hatorah Vetz Chaim,40.706959,-73.961026
494746,North-West College-San Diego,32.765537,-117.066577
494755,West Virginia Junior College-United Career Institute,40.321221,-79.690734
494764,Aviation Institute of Maintenance-Charlotte,35.161941,-80.736311
494807,Ponce Health Sciences University-East,18.0083,-66.589688
494834,Educational Technical College,18.294782,-66.877248
494843,Fortis College-Landover,38.949983,-76.866209
494852,Stautzenberger College-Rockford Career College,42.255903000000004,-89.027291
494898,WellSpring School of Allied Health-Wichita,37.673622,-97.443119
494904,Access Careers-Islandia,40.800874,-73.175617
494940,California Arts University,33.869778,-117.980622
494959,Northern Pennsylvania Regional College,41.845727,-79.147078
494977,American Medical Institute Inc.,29.702418,-95.596735
494986,Apex College of Veterinary Technology,38.828277,-104.813477
494995,Meryma'at Barber College,41.458723,-81.777912
495013,Western Maricopa Education Center,33.535973,-112.292829
495031,Bais Medrash of Dexter Park,41.081404,-74.045927
495040,Makana Esthetics Wellness Academy,21.315179,-157.869172
495059,Oak Valley College,34.150067,-117.39089
495077,Paul Mitchell the School-San Jose,37.325292,-121.814156
495101,Zion Massage College,37.097894,-113.618974
495110,Great Lakes Boat Building School,45.992299,-84.362578
495129,Austin Career Institute,30.36933,-97.726714
495138,Professional Culinary Academy,42.920978,-78.876532
495147,Gather 4 Him Christian College,46.212057,-119.161961
495156,Altura College,46.717811,-117.165734
495165,Royal Learning Institute,40.748713,-73.995353
495174,Hollywood Cultural College,34.061319,-118.299523
495183,Mariano Moreno Culinary Institute,25.750902,-80.228896
495192,Alder Graduate School of Education,37.486305,-122.239258
495208,Webb's Barber School of Arts,32.825269,-83.710533
495217,Adrian H. Wallace Barber Academy,30.453536,-87.213526
495226,St. Louis Med Tech,38.551852,-90.335689
495235,Total Beauty Institute,30.37218,-81.657851
495244,Pearlands Innovative School of Beauty,29.55683,-95.365954
495253,Durant Institute of Hair Design,34.005777,-96.405502
495262,Premiere Aesthetics Institute,44.061478,-121.312398
495271,California Indian Nations College,33.773732,-116.353365
495280,Indian Bible College,35.21783,-111.615734
495299,Florida Professional Institute,25.733948,-80.324728
495305,The Professional Cosmetology Academy,27.555981,-99.481765
495314,Hackensack Meridian School of Medicine,40.833902,-74.155128
495341,Taylor Andrews Academy of Hair Design-Hair Lab Detroit Barber School,42.198536,-83.214501
495350,Paul Mitchell the School-Reno-North Tahoe,39.324674,-120.222884
495369,Paul Mitchell the School-Fort Lauderdale,26.117978,-80.255003
495378,PCI Academy-Iowa City,41.642665,-91.503091
495387,Larry's Barber College,41.751137,-87.607449
495396,Royal Learning Institute,40.748716,-73.889629
495411,Paul Mitchell the School-Richland-Provo,40.24048,-111.642161
495420,Arizona College of Nursing-Tampa,27.955614,-82.523369
495439,Arizona College of Nursing-Fort Lauderdale,26.205783,-80.138479
495448,Arizona College of Nursing-Tucson,32.22113,-110.880434
495457,Arizona College of Nursing-Phoenix,33.635804,-112.117327
495518,Empire Beauty School-Newport News,37.114415,-76.504353
495730,Tricoci University of Beauty Culture-Normal,40.531563,-89.001721
495767,The Pennsylvania State University,40.7965,-77.862848
495776,Elite Welding Academy,29.700719,-95.298611
495794,Paul Mitchell the School-Murfreesboro-Nashville,36.307547,-86.601113
495837,Dorsey College-Woodhaven,42.142483,-83.223919
495916,Pathways College,34.152285,-118.078697
495925,San Joaquin Valley College-Madera,36.976963,-120.082716
495934,San Joaquin Valley College-Delano,35.774826,-119.229077
495943,San Joaquin Valley College-Atascadero,35.471527,-120.652852
495952,San Joaquin Valley College-Rancho Mirage,33.798782,-116.390793
495961,San Joaquin Valley College-Santa Maria,34.937806,-120.433296
495970,Advantage Technical College-Aguadilla,18.433012,-67.154491
495998,San Joaquin Valley College-Porterville,36.071598,-119.01576
496043,California University of Science and Medicine,34.077252,-117.350487
496052,Ruben's Five Star Academy,27.896937,-81.591914
496061,Mason Anthony School of Cosmetology Arts & Sciences,40.00274,-83.151152
496070,Cyrus the Great International Online University,40.770405,-73.9807
496186,California Institute of Arts & Technology-National City,32.661577,-117.106076
496265,Triangle Tech-Chambersburg,39.995848,-77.642205
496283,Provo College-Idaho Falls Campus,43.481,-112.00228
496292,Miller-Motte College-Chattanooga 2,35.092311,-85.240436
496326,Eagle Gate College-Boise Campus,43.59091,-116.298572
496371,Elite Welding Academy South Point,38.447233,-82.594354
496399,Agape College of Business and Science,36.741252,-119.787874
496423,Zorganics Institute Beauty and Wellness,48.791194,-122.49472
496469,Daybreak University,34.041256,-118.308745
496478,Motion Picture Institute,42.55223,-83.166066
496487,Animal Behavior College,34.428885,-118.570696
496511,United College of Health and Beauty,39.639983,-104.988217
496520,Zen Shiatsu Chicago,42.043862,-87.68287
496539,The  Salon Professional Academy of Holland,42.822173,-86.090522000000007
496593,Turing School of Software & Design,39.750965,-104.996525
496609,ALP International Corporation,38.962353,-77.08518
496618,National Institute for Medical Assistant Advancement (NIMAA),39.741297,-105.042047
496627,California Northstate University,38.405942,-121.481542
496636,Antigua College International,25.904817,-80.327618
496645,Burlington County Institute of Technology-Adult Education,40.018851,-74.822846
496654,Sri Sai Krish Institute,33.783051,-117.992384
496663,Riggins Urban Barber College,32.706069,-117.086115
496672,Hair Arts Institute,35.621821,-97.567807
496681,Florida Academy of Nursing,25.978064,-80.306128
496690,Body Wisdom Massage Therapy School,41.629798,-93.734181
496706,Lakewood University,41.53011,-81.561292
496715,CTK Healthcare & Career Institute,32.854097,-96.993287
496724,Aesthetics Institute,38.551852,-90.335689
496733,Sierra Academy of Style,39.150371,-119.762006
496742,Jolie Hair Academy,38.974406,-77.297108
496751,Institute of Allied Healthcare,29.507147,-98.570242
496760,Shelton Professional Phlebotomy Services,45.811902,-88.059598
496803,NewU University,38.903529,-77.033557
496821,Jersey College - Port Charlotte,26.990089,-82.096224
496849,Virginia University of Integrative Medicine - New Jersey,40.833685,-74.011078
496858,UPMC Jameson School of Nursing - UPMC Hamot,42.137072,-80.063096
496867,Relay Graduate School of Education - Connecticut,41.31338,-72.904208
496876,Fayette County Career & Technical Institute -,40.542721,-79.818927
496894,Branford Academy of Hair & Cosmetology-Bridgeport,41.186859,-73.163258
496919,UEI College-United Education Institute-Las Vegas,36.126687,-115.135647
496955,United Education Institute-UEI College-Mesa,33.394736,-111.862571
496964,Larry's Barber College-Joliet,41.523437,-88.105455
496973,Herzing University-Tampa,27.976414,-82.335773
496982,Valley College - Fairlawn - School of Nursing,41.128236,-81.608826
496991,Galen Health Institutes-Miami Campus,25.997073,-80.337924
497000,Remington College-Knoxville,36.087082,-83.925557
497019,NUC University - Florida Technical College - Tampa,27.953925,-82.523074
497037,Abilene Christian University-Undergraduate Online,32.977065,-96.826833
497046,Madera Community College,36.925132,-119.99787
497055,Washington State University - North Puget Sound Everett Campus,48.006626,-122.204736
497064,Moody Bible Institute -,47.682052,-117.313336
497073,Ogle School Hair Skin Nails-Willowbrook,29.961825,-95.550032
497091,Bell-Brown Medical Institute,38.804332,-90.361452
497116,Galen Health Institutes-Austin Campus,30.476575,-97.690907
497125,Galen Health Institutes-Nashville Campus,36.162229,-86.791569
497134,Rasmussen University - Orlando,28.66823,-81.389464
497161,Ohio Business College-Dayton-Driving Academy,39.823721,-84.29184
497170,Jersey College - Fort Wayne,41.040026,-85.246704
497189,The Rapha School,40.743997,-79.099123
497198,Academy of Allied Health Careers,35.008533,-85.214313
497204,Mei Barber School,25.907884,-97.505114
497213,Great Northern University,47.675837,-117.400562
497222,Salon Professional Academy-Elevate Salon Institute,25.786328,-80.144449
497231,Burlington County Institute of Technology - Adult Education -,39.894104,-74.803827
497240,"Shoreline Community College - CNC Machinists Program , Georgetown SSC",47.542457,-122.326138
497259,Shoreline Community College - Dental Hygiene,47.650612,-122.309103
497268,Arizona College of Nursing-Salt Lake City,40.656372,-111.903426
497277,Arizona College-Glendale,33.566263,-112.154175
497286,Universal Technical Institute-West Texas,30.415828,-97.660482
497301,Avalon Institute-Las Vegas,36.142355,-115.206409
497310,Medspa Academies-National Institute of Modern Aesthetics,36.117236,-115.158173
497329,American Institute-Cherry Hill,39.939428,-75.015417
497338,Glendale Career College-North-West College-Bakersfield,35.339951,-119.035082
497347,University of Maine - Machias,44.708803,-67.458025
