unitid,inst_name,color
100654,Alabama A & M University,#D84B4B
100663,University of Alabama at Birmingham,#D84B4B
100690,Amridge University,#D84C4B
100706,University of Alabama in Huntsville,#D84C4B
100724,Alabama State University,#D84C4B
100733,University of Alabama System Office,#D84C4B
100751,The University of Alabama,#D84C4B
100760,Central Alabama Community College,#D84C4B
100812,Athens State University,#D84C4B
100830,Auburn University at Montgomery,#D84D4B
100858,Auburn University,#D84D4B
100937,Birmingham-Southern College,#D84D4B
101028,Chattahoochee Valley Community College,#D84D4B
101116,South University-Montgomery,#D84D4B
101143,Enterprise State Community College,#D84D4B
101161,Coastal Alabama Community College,#D84D4B
101189,Faulkner University,#D84E4B
101240,Gadsden State Community College,#D84E4B
101277,New Beginning College of Cosmetology,#D84E4B
101286,George C Wallace Community College-Dothan,#D84E4B
101295,George C Wallace State Community College-Hanceville,#D84E4B
101301,George C Wallace State Community College-Selma,#D84E4B
101365,Herzing University-Birmingham,#D84E4B
101435,Huntingdon College,#D84E4B
101453,Heritage Christian University,#D84F4B
101462,J. F. Drake State Community and Technical College,#D84F4B
101471,J F Ingram State Technical College,#D84F4B
101480,Jacksonville State University,#D84F4B
101505,Jefferson State Community College,#D84F4B
101514,John C Calhoun State Community College,#D84F4B
101541,Judson College,#D84F4B
101569,Lawson State Community College,#D8504B
101587,University of West Alabama,#D8504B
101602,Lurleen B Wallace Community College,#D8504B
101648,Marion Military Institute,#D8504B
101675,Miles College,#D8504B
101693,University of Mobile,#D8504B
101709,University of Montevallo,#D8504B
101736,Northwest-Shoals Community College,#D8504B
101879,University of North Alabama,#D8514B
101897,Northeast Alabama Community College,#D8514B
101912,Oakwood University,#D8514B
101994,Reid State Technical College,#D8514B
102030,Bishop State Community College,#D8514B
102049,Samford University,#D8514B
102058,Selma University,#D8514B
102067,Shelton State Community College,#D8524B
102076,Snead State Community College,#D8524B
102094,University of South Alabama,#D8524B
102234,Spring Hill College,#D8524B
102270,Stillman College,#D8524B
102298,Talladega College,#D8524B
102313,H Councill Trenholm State Community College,#D8524B
102368,Troy University,#D8524B
102377,Tuskegee University,#D8534B
102395,United States Sports Academy,#D8534B
102429,Bevill State Community College,#D8534B
102553,University of Alaska Anchorage,#D8534B
102580,Alaska Bible College,#D8534B
102614,University of Alaska Fairbanks,#D8534B
102632,University of Alaska Southeast,#D8534B
102669,Alaska Pacific University,#D8544B
102711,Alaska Vocational Technical Center,#D8544B
102845,Charter College,#D8544B
103501,Alaska Career College,#D8544B
103529,University of Alaska System of Higher Education,#D8544B
103741,Empire Beauty School-Tucson,#D8544B
103893,Carrington College-Phoenix North,#D8544B
103909,Carrington College-Mesa,#D8554B
103927,Carrington College-Tucson,#D8554B
103954,Arizona Academy of Beauty,#D8554B
103963,Miller-Motte College-Arizona Automotive Institute,#D8554B
104090,Brookline College-Phoenix,#D8554B
104151,Arizona State University Campus Immersion,#D8554B
104160,Arizona Western College,#D8554B
104179,University of Arizona,#D8554B
104188,Southwest University of Visual Arts-Tucson,#D8564B
104346,Central Arizona College,#D8564B
104391,Charles of Italy Beauty College,#D8564B
104425,Cochise County Community College District,#D8564B
104443,Empire Beauty School-Chandler,#D8564B
104568,Avalon Institute-Mesa,#D8564B
104577,Eastern Arizona College,#D8564B
104586,Embry-Riddle Aeronautical University-Prescott,#D8574B
104665,The School of Architecture,#D8574B
104708,Glendale Community College,#D8574B
104717,Grand Canyon University,#D8574B
105136,Maricopa Community College System Office,#D8574B
105145,GateWay Community College,#D8574B
105154,Mesa Community College,#D8574B
105206,Mohave Community College,#D8574B
105215,Universal Technical Institute of Arizona Inc-Motorcycle Mechanics Institute Division,#D8584B
105297,Dine College,#D8584B
105330,Northern Arizona University,#D8584B
105349,Northland Pioneer College,#D8584B
105367,Ottawa University-Phoenix,#D8584B
105428,Phoenix College,#D8584B
105525,Pima Community College,#D8584B
105534,Pima Medical Institute-Tucson,#D8594B
105543,Pima Medical Institute-Albuquerque,#D8594B
105589,Prescott College,#D8594B
105659,Refrigeration School Inc,#D8594B
105668,Rio Salado College,#D8594B
105677,Roberto-Venn School of Luthiery,#D8594B
105747,Scottsdale Community College,#D8594B
105792,South Mountain Community College,#D8594B
105899,Arizona Christian University,#D85A4B
106041,Universal Technical Institute of Arizona Inc,#D85A4B
106111,Empire Beauty School-NW Phoenix,#D85A4B
106148,Yavapai College,#D85A4B
106245,University of Arkansas at Little Rock,#D85A4B
106263,University of Arkansas for Medical Sciences,#D85A4B
106306,Arkansas Baptist College,#D85A4B
106315,Arkansas Beauty School-Little Rock,#D85B4B
106324,Arkansas Beauty College,#D85B4B
106342,Lyon College,#D85B4B
106351,Arkansas Technical School,#D85B4B
106360,Arthur's Beauty College,#D85B4B
106397,University of Arkansas,#D85B4B
106412,University of Arkansas at Pine Bluff,#D85B4B
106449,Arkansas State University-Beebe,#D85B4B
106458,Arkansas State University,#D85C4B
106467,Arkansas Tech University,#D85C4B
106485,University of Arkansas at Monticello,#D85C4B
106494,Arthur's Beauty College,#D85C4B
106546,Baptist Health College Little Rock,#D85C4B
106625,Black River Technical College,#D85C4B
106704,University of Central Arkansas,#D85C4B
106713,Central Baptist College,#D85D4B
106795,Cossatot Community College of the University of Arkansas,#D85D4B
106810,Crowley's Ridge College,#D85D4B
106883,East Arkansas Community College,#D85D4B
106892,Eastern College of Health Vocations-Little Rock,#D85D4B
106908,Paul Mitchell the School-Little Rock,#D85D4B
106980,National Park College,#D85D4B
106999,University of Arkansas Community College-Batesville,#D85E4B
107044,Harding University,#D85E4B
107071,Henderson State University,#D85E4B
107080,Hendrix College,#D85E4B
107099,Hot Springs Beauty College,#D85E4B
107123,Jefferson Regional Medical Center School of Nursing,#D85E4B
107141,John Brown University,#D85E4B
107220,Career Academy of Hair Design,#D85E4B
107293,Academy of Salon and Spa,#D85F4B
107318,Arkansas State University Mid-South,#D85F4B
107327,Arkansas Northeastern College,#D85F4B
107442,New Tyler Barber College Inc,#D85F4B
107460,North Arkansas College,#D85F4B
107488,Northwest Technical Institute,#D85F4B
107512,Ouachita Baptist University,#D85F4B
107521,Arkansas State University Three Rivers,#D8604B
107549,Ozarka College,#D8604B
107558,University of the Ozarks,#D8604B
107585,University of Arkansas Community College-Morrilton,#D8604B
107600,Philander Smith College,#D8604B
107619,Phillips Community College of the University of Arkansas,#D8604B
107637,Southeast Arkansas College,#D8604B
107655,Professional Cosmetology Education Center,#D8604B
107664,University of Arkansas-Pulaski Technical College,#D8614B
107725,University of Arkansas Hope-Texarkana,#D8614B
107743,University of Arkansas Community College Rich Mountain,#D8614B
107789,Paul Mitchell the School-Arkansas,#D8614B
107831,Searcy Beauty College,#D8614B
107840,Shorter College,#D8614B
107877,Williams Baptist University,#D8614B
107974,South Arkansas Community College,#D8624B
107983,Southern Arkansas University Main Campus,#D8624B
107992,Southern Arkansas University Tech,#D8624B
108056,University of Arkansas System Office,#D8624B
108065,Velvatex College of Beauty Culture,#D8624B
108092,University of Arkansas-Fort Smith,#D8624B
108232,Academy of Art University,#D8624B
108269,Academy of Chinese Culture and Health Sciences,#D8624B
108667,College of Alameda,#D8634B
108807,Allan Hancock College,#D8634B
108852,American Academy of Dramatic Arts-Los Angeles,#D8634B
108861,Berkeley School of Theology,#D8634B
108870,American Film Institute Conservatory,#D8634B
108977,American Beauty College,#D8634B
109040,American Career College-Los Angeles,#D8634B
109086,American Conservatory Theater,#D8644B
109208,American River College,#D8644B
109350,Antelope Valley Community College District,#D8644B
109651,Art Center College of Design,#D8644B
109721,Associated Technical College-Los Angeles,#D8644B
109730,Associated Technical College-San Diego,#D8644B
109785,Azusa Pacific University,#D8644B
109819,Bakersfield College,#D8644B
109907,Barstow Community College,#D8654B
109934,Bellus Academy-Chula Vista,#D8654B
110060,Bethesda University,#D8654B
110097,Biola University,#D8654B
110194,Brownson Technical School,#D8654B
110219,Bryan University,#D8654B
110246,Butte College,#D8654B
110316,California Institute of Integral Studies,#D8664B
110334,Cabrillo College,#D8664B
110361,California Baptist University,#D8664B
110370,California College of the Arts,#D8664B
110398,University of California-Hastings College of Law,#D8664B
110404,California Institute of Technology,#D8664B
110413,California Lutheran University,#D8664B
110422,California Polytechnic State University-San Luis Obispo,#D8674B
110468,Alliant International University-San Diego,#D8674B
110486,California State University-Bakersfield,#D8674B
110495,California State University-Stanislaus,#D8674B
110501,California State University-Chancellors Office,#D8674B
110510,California State University-San Bernardino,#D8674B
110529,California State Polytechnic University-Pomona,#D8674B
110538,California State University-Chico,#D8674B
110547,California State University-Dominguez Hills,#D8684B
110556,California State University-Fresno,#D8684B
110565,California State University-Fullerton,#D8684B
110574,California State University-East Bay,#D8684B
110583,California State University-Long Beach,#D8684B
110592,California State University-Los Angeles,#D8684B
110608,California State University-Northridge,#D8684B
110617,California State University-Sacramento,#D8694B
110635,University of California-Berkeley,#003262
110644,University of California-Davis,#D8694B
110653,University of California-Irvine,#D8694B
110662,University of California-Los Angeles,#2774AE
110671,University of California-Riverside,#D8694B
110680,University of California-San Diego,#D8694B
110699,University of California-San Francisco,#D8694B
110705,University of California-Santa Barbara,#D86A4B
110714,University of California-Santa Cruz,#D86A4B
110778,Sofia University,#D86A4B
110875,California Beauty School,#D86A4B
110918,California Christian College,#D86A4B
111045,Haven University,#D86A4B
111054,California Hair Design Academy,#D86A4B
111081,California Institute of the Arts,#D86B4B
111188,California State University Maritime Academy,#D86B4B
111391,California Western School of Law,#D86B4B
111434,Canada College,#D86B4B
111461,College of the Canyons,#D86B4B
111513,Career Academy of Beauty,#D86B4B
111638,Casa Loma College-Van Nuys,#D86B4B
111708,CET-San Diego,#D86B4B
111717,CET-San Jose,#D86C4B
111726,CET-El Centro,#D86C4B
111744,CET-Colton,#D86C4B
111762,CET-Watsonville,#D86C4B
111799,CET-Salinas,#D86C4B
111887,Cerritos College,#D86C4B
111896,Cerro Coso Community College,#D86C4B
111920,Chabot College,#D86D4B
111939,Chaffey College,#D86D4B
111948,Chapman University,#D86D4B
111966,Charles R Drew University of Medicine and Science,#D86D4B
112075,Concordia University-Irvine,#D86D4B
112084,San Diego Christian College,#D86D4B
112127,Church Divinity School of the Pacific,#D86D4B
112172,Citrus College,#D86E4B
112181,Citrus Heights Beauty College,#D86E4B
112190,City College of San Francisco,#D86E4B
112251,Claremont Graduate University,#D86E4B
112260,Claremont McKenna College,#D86E4B
112288,Milan Institute-Visalia,#D86E4B
112367,Clovis Adult Education,#D86E4B
112376,Coast Community College District Office,#D86E4B
112385,Coastline Community College,#D86F4B
112394,University of Silicon Valley,#D86F4B
112455,Coba Academy,#D86F4B
112525,Western University of Health Sciences,#D86F4B
112561,Columbia College,#D86F4B
112570,Columbia College Hollywood,#D86F4B
112686,Compton College,#D86F4B
112817,Contra Costa Community College District Office,#D8704B
112826,Contra Costa College,#D8704B
113096,Cosumnes River College,#D8704B
113111,Crafton Hills College,#D8704B
113193,Cuesta College,#D8704B
113218,Cuyamaca College,#D8704B
113236,Cypress College,#D8704B
113333,De Anza College,#D8704B
113449,International School of Beauty Inc,#D8714B
113537,Dell'Arte International School of Physical Theatre,#D8714B
113573,College of the Desert,#D8714B
113582,Design Institute of San Diego,#D8714B
113634,Diablo Valley College,#D8714B
113698,Dominican University of California,#D8714B
113704,Dominican School of Philosophy & Theology,#D8714B
113856,East Los Angeles College,#D8724B
113980,El Camino Community College District,#D8724B
114114,Emperor's College of Traditional Oriental Medicine,#D8724B
114123,Empire College,#D8724B
114266,Evergreen Valley College,#D8724B
114354,FIDM-Fashion Institute of Design & Merchandising-Los Angeles,#D8724B
114390,FIDM-Fashion Institute of Design & Merchandising-San Francisco,#D8724B
114433,Feather River Community College District,#D8724B
114460,Federico Beauty Institute,#D8734B
114549,Fielding Graduate University,#D8734B
114585,Five Branches University,#D8734B
114637,Redondo Beach Beauty College,#D8734B
114716,Foothill College,#D8734B
114734,Franciscan School of Theology,#D8734B
114761,Fredrick and Charles Beauty College,#D8734B
114789,Fresno City College,#D8744B
114813,Fresno Pacific University,#D8744B
114831,Foothill-De Anza Community College District,#D8744B
114840,Fuller Theological Seminary,#D8744B
114859,Fullerton College,#D8744B
114938,Gavilan College,#D8744B
114947,Gemological Institute of America-Carlsbad,#D8744B
115001,Glendale Community College,#D8744B
115010,Glendale Career College,#D8754B
115083,Golden Gate University,#D8754B
115126,Golden West College,#D8754B
115214,Graduate Theological Union,#D8754B
115287,Grossmont-Cuyamaca Community College District,#D8754B
115296,Grossmont College,#D8754B
115357,Salon Success Academy-Riverside,#D8754B
115393,Hartnell College,#D8764B
115409,Harvey Mudd College,#D8764B
115658,Hilltop Beauty School,#D8764B
115728,Holy Names University,#D8764B
115746,Pacifica Graduate Institute,#D8764B
115755,California State Polytechnic University-Humboldt,#D8764B
115773,Humphreys University-Stockton and Modesto Campuses,#D8764B
115861,Imperial Valley College,#D8774B
115931,Institute for Business and Technology,#D8774B
116226,Interior Designers Institute,#D8774B
116350,International School of Cosmetology,#D8774B
116439,Irvine Valley College,#D8774B
116563,Bellus Academy-El Cajon,#D8774B
116846,American Jewish University,#D8774B
117052,Reedley College,#D8774B
117104,Life Pacific University,#D8784B
117140,University of La Verne,#D8784B
117168,Laguna College of Art and Design,#D8784B
117195,Lake Tahoe Community College,#D8784B
117238,Lancaster Beauty School,#D8784B
117247,Laney College,#D8784B
117274,Lassen Community College,#D8784B
117283,Latin American Bible Institute,#D8794B
117520,Life Chiropractic College West,#D8794B
117557,Lincoln University,#D8794B
117575,Southern California Seminary,#D8794B
117627,La Sierra University,#D8794B
117636,Loma Linda University,#D8794B
117645,Long Beach City College,#D8794B
117672,Southern California University of Health Sciences,#D8794B
117681,Los Angeles Community College District Office,#D87A4B
117690,Los Angeles Harbor College,#D87A4B
117706,Los Angeles Pierce College,#D87A4B
117715,Los Angeles Southwest College,#D87A4B
117724,Los Angeles Trade Technical College,#D87A4B
117733,Los Angeles Valley College,#D87A4B
117751,The Master's University and Seminary,#D87A4B
117788,Los Angeles City College,#D87B4B
117803,Los Angeles County College of Nursing and Allied Health,#D87B4B
117867,Los Angeles Mission College,#D87B4B
117894,Los Medanos College,#D87B4B
117900,Los Rios Community College District Office,#D87B4B
117946,Loyola Marymount University,#D87B4B
117955,Lu Ross Academy,#D87B4B
118134,Lyle's College of Beauty,#D87B4B
118143,Lyle's College of  Beauty,#D87C4B
118161,Lytles Redwood Empire Beauty College,#D87C4B
118198,MTI College,#D87C4B
118347,College of Marin,#D87C4B
118541,Marymount California University,#D87C4B
118684,Mendocino College,#D87C4B
118693,Menlo College,#D87C4B
118718,Merced College,#D87D4B
118772,Merritt College,#D87D4B
118888,Mills College,#D87D4B
118912,MiraCosta College,#D87D4B
118930,Mission College,#D87D4B
118958,Modern Beauty Academy,#D87D4B
118976,Modesto Junior College,#D87D4B
118994,Moler Barber College,#D87D4B
119058,Middlebury Institute of International Studies at Monterey,#D87E4B
119067,Monterey Peninsula College,#D87E4B
119137,Moorpark College,#D87E4B
119164,Mt San Antonio College,#D87E4B
119173,Mount Saint Mary's University,#D87E4B
119216,Mt San Jacinto Community College District,#D87E4B
119270,Musicians Institute,#D87E4B
119331,Napa Valley College,#D87F4B
119553,National Holistic Institute,#D87F4B
119605,National University,#D87F4B
119678,Naval Postgraduate School,#D87F4B
119775,Newschool of Architecture and Design,#D87F4B
119845,Newberry School of Beauty,#D87F4B
119951,North Adrian's College of Beauty Inc,#D87F4B
120023,North Orange County Community College District,#D8804B
120069,North-West College-Pomona,#D8804B
120078,North-West College-West Covina,#D8804B
120087,North-West College-Van Nuys,#D8804B
120166,San Francisco Bay University,#D8804B
120184,Notre Dame de Namur University,#D8804B
120254,Occidental College,#D8804B
120290,Ohlone College,#D8804B
120342,Orange Coast College,#D8814B
120403,Otis College of Art and Design,#D8814B
120421,Oxnard College,#D8814B
120537,Hope International University,#D8814B
120661,Concorde Career College-San Diego,#D8814B
120698,Palo Alto University,#D8814B
120768,Pacific Oaks College,#D8814B
120795,Pacific School of Religion,#D8824B
120838,Pacific States University,#D8824B
120865,Pacific Union College,#D8824B
120883,University of the Pacific,#D8824B
120953,Palo Verde College,#D8824B
120971,Palomar College,#D8824B
121044,Pasadena City College,#D8824B
121150,Pepperdine University,#D8824B
121178,Peralta Community College System Office,#D8834B
121257,Pitzer College,#D8834B
121275,Platt College-San Diego,#D8834B
121309,Point Loma Nazarene University,#D8834B
121345,Pomona College,#D8834B
121363,Porterville College,#D8834B
121433,Professional Institute of Beauty,#D8834B
121619,Santa Ana College,#D8844B
121628,Pardee RAND Graduate School,#D8844B
121637,Shasta School of Cosmetology,#D8844B
121691,University of Redlands,#D8844B
121707,College of the Redwoods,#D8844B
121859,Salon Success Academy-Upland,#D8844B
121868,Salon Success Academy-Corona,#D8844B
121886,Rio Hondo College,#D8844B
121901,Riverside City College,#D8854B
121992,Rosemead Beauty School,#D8854B
122117,Dongguk University Los Angeles,#D8854B
122180,Sacramento City College,#D8854B
122205,Saddleback College,#D8854B
122296,Samuel Merritt University,#D8854B
122320,San Diego Community College District-District Office,#D8854B
122339,San Diego City College,#D8864B
122375,San Diego Mesa College,#D8864B
122384,San Diego Miramar College,#D8864B
122409,San Diego State University,#D8864B
122436,University of San Diego,#D8864B
122454,San Francisco Art Institute,#D8864B
122506,San Francisco Conservatory of Music,#D8864B
122597,San Francisco State University,#D8874B
122612,University of San Francisco,#D8874B
122649,San Joaquin College of Law,#D8874B
122658,San Joaquin Delta College,#D8874B
122685,San Joaquin Valley College-Visalia,#D8874B
122694,San Joaquin Valley College-Bakersfield,#D8874B
122728,William Jessup University,#D8874B
122737,San Jose-Evergreen Community College District,#D8874B
122746,San Jose City College,#D8884B
122755,San Jose State University,#D8884B
122782,San Mateo County Community College District Office,#D8884B
122791,College of San Mateo,#D8884B
122834,Santa Barbara Business College-Bakersfield,#D8884B
122852,Santa Barbara Business College-Santa Maria,#D8884B
122889,Santa Barbara City College,#D8884B
122931,Santa Clara University,#D8894B
122977,Santa Monica College,#D8894B
123013,Santa Rosa Junior College,#D8894B
123095,Saybrook University,#D8894B
123165,Scripps College,#D8894B
123217,College of the Sequoias,#D8894B
123280,Shasta Bible College and Graduate School,#D8894B
123299,Shasta College,#D8894B
123341,Sierra College,#D88A4B
123350,Sierra College of Beauty,#D88A4B
123448,Trinity Law School,#D88A4B
123457,Simpson University,#D88A4B
123484,College of the Siskiyous,#D88A4B
123493,Charles A Jones Career and Education Center,#D88A4B
123509,Skyline College,#D88A4B
123527,San Bernardino Valley College,#D88B4B
123554,Saint Mary's College of California,#D88B4B
123563,Solano Community College,#D88B4B
123572,Sonoma State University,#D88B4B
123633,South Baylo University,#D88B4B
123642,South Coast College,#D88B4B
123651,Vanguard University of Southern California,#D88B4B
123679,Concorde Career College-Garden Grove,#D88B4B
123800,Southwestern College,#D88C4B
123916,Starr King School for the Ministry,#D88C4B
123925,State Center Community College District,#D88C4B
123943,Marshall B Ketchum University,#D88C4B
123952,Southern California Institute of Architecture,#D88C4B
123961,University of Southern California,#990000
123970,Southwestern Law School,#D88C4B
124113,Taft College,#D88D4B
124283,Claremont School of Theology,#D88D4B
124292,Thomas Aquinas College,#D88D4B
124487,Epic Bible College & Graduate School,#D88D4B
124557,University of California-System Administration Central Office,#D88D4B
124681,United Education Institute-Huntington Park Campus,#D88D4B
124706,Concorde Career College-San Bernardino,#D88D4B
124937,Concorde Career College-North Hollywood,#D88D4B
125019,Ventura County Community College System Office,#D88E4B
125028,Ventura College,#D88E4B
125037,The Santa Barbara and Ventura Colleges of Law at Ventura,#D88E4B
125082,Bridges Beauty College,#D88E4B
125091,Victor Valley College,#D88E4B
125170,Berkeley City College,#D88E4B
125222,West Valley Mission Community College District Office,#D88E4B
125231,Walden University,#D88F4B
125310,Waynes College of Beauty,#D88F4B
125462,West Hills College-Coalinga,#D88F4B
125471,West Los Angeles College,#D88F4B
125499,West Valley College,#D88F4B
125532,Carrington College-Sacramento,#D88F4B
125718,Westminster Theological Seminary in California,#D88F4B
125727,Westmont College,#D8904B
125763,Whittier College,#D8904B
125897,Woodbury University,#D8904B
126012,The Wright Institute,#D8904B
126049,Thomas Jefferson School of Law,#D8904B
126076,Yeshiva Ohr Elchonon Chabad West Coast Talmudical Seminary,#D8904B
126100,Yosemite Community College District Office,#D8904B
126119,Yuba College,#D8904B
126164,The Salon Professional Academy-Grand Junction,#D8914B
126182,Adams State University,#D8914B
126207,Aims Community College,#D8914B
126289,Arapahoe Community College,#D8914B
126359,Bel-Rea Institute of Animal Technology,#D8914B
126562,University of Colorado Denver/Anschutz Medical Campus,#D8914B
126580,University of Colorado Colorado Springs,#D8914B
126605,Spartan College of Aeronautics and Technology,#D8924B
126614,University of Colorado Boulder,#D8924B
126669,Colorado Christian University,#D8924B
126678,Colorado College,#D8924B
126687,Concorde Career College-Aurora,#D8924B
126711,Colorado Mountain College,#D8924B
126748,Colorado Northwestern Community College,#D8924B
126775,Colorado School of Mines,#D8924B
126784,Colorado School of Trades,#D8934B
126818,Colorado State University-Fort Collins,#D8934B
126827,Colorado Technical University-Colorado Springs,#D8934B
126863,Community College of Aurora,#D8934B
126915,Technical College of the Rockies,#D8934B
126942,Community College of Denver,#D8934B
126951,Lincoln College of Technology-Denver,#D8934B
126979,Denver Seminary,#D8944B
127060,University of Denver,#D8944B
127158,Emily Griffith Technical College,#D8944B
127185,Fort Lewis College,#D8944B
127200,Front Range Community College,#D8944B
127273,Iliff School of Theology,#D8944B
127316,International Salon and Spa Academy,#D8944B
127389,Lamar Community College,#D8944B
127556,Colorado Mesa University,#D8954B
127565,Metropolitan State University of Denver,#D8954B
127617,Morgan Community College,#D8954B
127653,Naropa University,#D8954B
127714,Nazarene Bible College,#D8954B
127732,Northeastern Junior College,#D8954B
127741,University of Northern Colorado,#D8954B
127778,Otero Junior College,#D8964B
127820,Pikes Peak Community College,#D8964B
127884,Pueblo Community College,#D8964B
127909,Red Rocks Community College,#D8964B
127918,Regis University,#D8964B
127945,Rocky Mountain College of Art and Design,#D8964B
127954,Montessori Education Center of the Rockies,#D8964B
128106,Colorado State University Pueblo,#D8964B
128151,Pickens Technical College,#D8974B
128179,Intellitec College-Colorado Springs,#D8974B
128188,Intellitec College-Grand Junction,#D8974B
128258,Trinidad State College,#D8974B
128300,University of Colorado System Office,#D8974B
128328,United States Air Force Academy,#D8974B
128337,Empire Beauty School-Thornton,#D8974B
128391,Western Colorado University,#D8984B
128498,Albertus Magnus College,#D8984B
128577,Asnuntuck Community College,#D8984B
128586,Bais Binyomin Academy,#D8984B
128744,University of Bridgeport,#D8984B
128771,Central Connecticut State University,#D8984B
128780,Charter Oak State College,#D8984B
128896,Cortiva Institute,#D8994B
128902,Connecticut College,#D8994B
129002,Porter and Chester Institute of Hamden,#D8994B
129020,University of Connecticut,#D8994B
129154,Goodwin University,#D8994B
129181,Lincoln Technical Institute-East Windsor,#D8994B
129215,Eastern Connecticut State University,#D8994B
129242,Fairfield University,#D8994B
129349,Paul Mitchell the School-North Haven,#D89A4B
129367,Capital Community College,#D89A4B
129428,Rensselaer at Hartford,#D89A4B
129482,American Institute-West Hartford,#D89A4B
129491,Hartford Seminary,#D89A4B
129525,University of Hartford,#D89A4B
129534,Holy Apostles College and Seminary,#D89A4B
129543,Housatonic Community College,#D89B4B
129695,Manchester Community College,#D89B4B
129729,Naugatuck Valley Community College,#D89B4B
129756,Middlesex Community College,#D89B4B
129774,Mitchell College,#D89B4B
129808,Three Rivers Community College,#D89B4B
129923,Lincoln Technical Institute-New Britain,#D89B4B
129932,New England Tractor Trailer Training School of Connecticut,#D89B4B
129941,University of New Haven,#D89C4B
130004,Norwalk Community College,#D89C4B
130040,Northwestern Connecticut Community College,#D89C4B
130110,Paier College,#D89C4B
130174,Porter and Chester Institute,#D89C4B
130183,Post University,#D89C4B
130217,Quinebaug Valley Community College,#D89C4B
130226,Quinnipiac University,#D89D4B
130253,Sacred Heart University,#D89D4B
130314,University of Saint Joseph,#D89D4B
130396,Gateway Community College,#D89D4B
130493,Southern Connecticut State University,#D89D4B
130509,Stone Academy-West Haven,#D89D4B
130590,Trinity College,#D89D4B
130606,Tunxis Community College,#D89D4B
130624,United States Coast Guard Academy,#D89E4B
130697,Wesleyan University,#D89E4B
130776,Western Connecticut State University,#D89E4B
130794,Yale University,#00356B
130837,Margaret H Rollins School of Nursing at Beebe Medical Center,#D89E4B
130873,Dawn Career Institute LLC,#D89E4B
130882,Delaware Technical Community College-Central Office,#D89E4B
130907,Delaware Technical Community College-Terry,#D89F4B
130934,Delaware State University,#D89F4B
130943,University of Delaware,#D89F4B
130989,Goldey-Beacom College,#D89F4B
131061,Schilling-Douglas School of Hair Design LLC,#D89F4B
131098,Wesley College,#D89F4B
131113,Wilmington University,#D89F4B
131159,American University,#D8A04B
131283,The Catholic University of America,#D8A04B
131399,University of the District of Columbia,#D8A04B
131405,Pontifical Faculty of the Immaculate Conception at the Dominican House of Studies,#D8A04B
131450,Gallaudet University,#D8A04B
131469,George Washington University,#D8A04B
131496,Georgetown University,#D8A04B
131520,Howard University,#D8A04B
131803,Strayer University-District of Columbia,#D8A14B
131830,National Conservatory of Dramatic Arts,#D8A14B
131876,Trinity Washington University,#D8A14B
131973,Wesley Theological Seminary,#D8A14B
132374,Atlantic Technical College,#D8A14B
132408,The Baptist College of Florida,#D8A14B
132471,Barry University,#D8A14B
132602,Bethune-Cookman University,#D8A24B
132657,Lynn University,#D8A24B
132675,North Florida Technical College,#D8A24B
132693,Eastern Florida State College,#D8A24B
132709,Broward College,#D8A24B
132842,Albizu University-Miami,#D8A24B
132851,College of Central Florida,#D8A24B
132879,Johnson University Florida,#D8A24B
132903,University of Central Florida,#D8A34B
132976,Charlotte Technical College,#D8A34B
133021,Chipola College,#D8A34B
133155,Lorenzo Walker Technical College,#D8A34B
133386,Daytona State College,#D8A34B
133465,South University-West Palm Beach,#D8A34B
133492,Eckerd College,#D8A34B
133508,Florida SouthWestern State College,#D8A44B
133526,Edward Waters University,#D8A44B
133553,Embry-Riddle Aeronautical University-Daytona Beach,#D8A44B
133650,Florida Agricultural and Mechanical University,#D8A44B
133669,Florida Atlantic University,#D8A44B
133702,Florida State College at Jacksonville,#D8A44B
133711,Flagler College,#D8A44B
133809,Florida College,#D8A44B
133845,Concorde Career Institute-Jacksonville,#D8A54B
133854,Concorde Career Institute-Miramar,#D8A54B
133863,Concorde Career Institute-Tampa,#D8A54B
133872,AdventHealth University,#D8A54B
133881,Florida Institute of Technology,#D8A54B
133942,Florida Institute of Ultrasound Inc,#D8A54B
133951,Florida International University,#D8A54B
133960,The College of the Florida Keys,#D8A64B
133979,Florida Memorial University,#D8A64B
133997,Florida Career College-Miami,#D8A64B
134024,Florida School of Massage,#D8A64B
134079,Florida Southern College,#D8A64B
134097,Florida State University,#D8A64B
134130,University of Florida,#D8A64B
134228,Fort Pierce Beauty Academy,#D8A64B
134237,Full Sail University,#D8A74B
134291,George Stone Technical College,#D8A74B
134307,George T Baker Aviation Technical College,#D8A74B
134343,Gulf Coast State College,#D8A74B
134422,Key College,#D8A74B
134495,Hillsborough Community College,#D8A74B
134510,Hobe Sound Bible College,#D8A74B
134529,Hollywood Institute of Beauty Careers,#D8A84B
134574,Cortiva Institute,#D8A84B
134608,Indian River State College,#D8A84B
134714,International Academy,#D8A84B
134811,AI Miami International University of Art and Design,#D8A84B
134945,Jacksonville University,#D8A84B
135081,Keiser University-Ft Lauderdale,#D8A84B
135142,La Belle Beauty School,#D8A94B
135160,Florida Gateway College,#D8A94B
135179,Lake Technical College,#D8A94B
135188,Lake-Sumter State College,#D8A94B
135267,Fort Myers Technical College,#D8A94B
135276,Lively Technical College,#D8A94B
135294,Lindsey Hopkins Technical College,#D8A94B
135337,Loraines Academy & Spa,#D8A94B
135364,Luther Rice College & Seminary,#D8AA4B
135391,State College of Florida-Manatee-Sarasota,#D8AA4B
135407,Manatee Technical College,#D8AA4B
135522,Traviss Technical College,#D8AA4B
135559,Merryfield School of Pet Grooming,#D8AA4B
135610,Trinity International University-Florida,#D8AA4B
135647,Miami Lakes Educational Center and Technical College,#D8AA4B
135717,Miami Dade College,#D8AB4B
135726,University of Miami,#D8AB4B
135735,Orange Technical College-Mid Florida Campus,#D8AB4B
136109,Paul Mitchell the School-Jacksonville,#D8AB4B
136145,North Florida College,#D8AB4B
136172,University of North Florida,#D8AB4B
136215,Nova Southeastern University,#D8AB4B
136233,Northwest Florida State College,#D8AB4B
136303,Orange Technical College-Orlando Campus,#D8AC4B
136330,Palm Beach Atlantic University,#D8AC4B
136358,Palm Beach State College,#D8AC4B
136400,Pasco-Hernando State College,#D8AC4B
136473,Pensacola State College,#D8AC4B
136491,Pinellas Technical College-Clearwater,#D8AC4B
136516,Polk State College,#D8AC4B
136659,Radford M Locklin Technical College,#D8AD4B
136701,Saint Vincent de Paul Regional Seminary,#D8AD4B
136765,Ridge Technical College,#D8AD4B
136774,Ringling College of Art and Design,#D8AD4B
136826,Robert Morgan Educational Center and Technical College,#D8AD4B
136950,Rollins College,#D8AD4B
137023,First Coast Technical College,#D8AD4B
137032,Saint Leo University,#D8AD4B
137078,St Petersburg College,#D8AE4B
137087,Pinellas Technical College-St. Petersburg,#D8AE4B
137096,Santa Fe College,#D8AE4B
137120,Suncoast Technical College,#D8AE4B
137209,Seminole State College of Florida,#D8AE4B
137245,Sheridan Technical College,#D8AE4B
137272,St. John Vianney College Seminary,#D8AE4B
137281,Saint Johns River State College,#D8AF4B
137315,South Florida State College,#D8AF4B
137351,University of South Florida,#D8AF4B
137476,St. Thomas University,#D8AF4B
137546,Stetson University,#D8AF4B
137564,Southeastern University,#D8AF4B
137591,Bene's Career Academy,#D8AF4B
137713,Riveroak Technical College,#D8B04B
137759,Tallahassee Community College,#D8B04B
137777,Talmudic College of Florida,#D8B04B
137801,Altierus Career College-Tampa,#D8B04B
137847,The University of Tampa,#D8B04B
137856,Big Bend Technical College,#D8B04B
137865,Tom P. Haney Technical College,#D8B04B
137953,Trinity Baptist College,#D8B04B
137962,Trinity College of Florida,#D8B14B
138187,Valencia College,#D8B14B
138275,Warner University,#D8B14B
138284,Florida Panhandle Technical College,#D8B14B
138293,Webber International University,#D8B14B
138309,Rasmussen University-Florida,#D8B14B
138354,The University of West Florida,#D8B14B
138372,Orange Technical College-Westside Campus,#D8B24B
138479,William T McFatter Technical College,#D8B24B
138488,Orange Technical College-Winter Park Campus,#D8B24B
138497,Withlacoochee Technical College,#D8B24B
138558,Abraham Baldwin Agricultural College,#D8B24B
138600,Agnes Scott College,#D8B24B
138655,Interactive College of Technology-Chamblee,#D8B24B
138664,Interactive College of Technology-Morrow,#D8B24B
138682,Albany Technical College,#D8B34B
138716,Albany State University,#D8B34B
138761,Andrew College,#D8B34B
138813,The Art Institute of Atlanta,#D8B34B
138822,Georgia Career Institute,#D8B34B
138840,Atlanta Technical College,#D8B34B
138868,Point University,#D8B34B
138901,Atlanta Metropolitan State College,#D8B44B
138929,Atlanta's John Marshall Law School,#D8B44B
138938,Atlanta School of Massage,#D8B44B
138947,Clark Atlanta University,#D8B44B
138956,Augusta Technical College,#D8B44B
139144,Berry College,#D8B44B
139153,Beulah Heights University,#D8B44B
139199,Brenau University,#D8B44B
139205,Brewton-Parker College,#D8B54B
139250,College of Coastal Georgia,#D8B54B
139278,West Georgia Technical College,#D8B54B
139311,Clayton  State University,#D8B54B
139348,Columbia Theological Seminary,#D8B54B
139357,Columbus Technical College,#D8B54B
139366,Columbus State University,#D8B54B
139384,Georgia Northwestern Technical College,#D8B64B
139393,Covenant College,#D8B64B
139463,Dalton State College,#D8B64B
139506,Pro Way Hair School,#D8B64B
139579,South University-Savannah,#D8B64B
139621,East Georgia State College,#D8B64B
139630,Emmanuel College,#D8B64B
139658,Emory University,#D8B64B
139700,Georgia Highlands College,#D8B74B
139719,Fort Valley State University,#D8B74B
139746,Grady Health System Professional Schools,#D8B74B
139755,Georgia Institute of Technology-Main Campus,#D8B74B
139764,Georgia Southwestern State University,#D8B74B
139861,Georgia College & State University,#D8B74B
139931,Georgia Southern University,#D8B74B
139940,Georgia State University,#D8B84B
139959,University of Georgia,#D8B84B
139968,Gordon State College,#D8B84B
139986,Southern Crescent Technical College,#D8B84B
139995,Gupton Jones College of Funeral Service,#D8B84B
140003,Gwinnett College-Lilburn,#D8B84B
140012,Gwinnett Technical College,#D8B84B
140146,Interdenominational Theological Center,#D8B94B
140234,LaGrange College,#D8B94B
140243,Lanier Technical College,#D8B94B
140252,Life University,#D8B94B
140331,Chattahoochee Technical College,#D8B94B
140340,Herzing University-Atlanta,#D8B94B
140447,Mercer University,#D8B94B
140553,Morehouse College,#D8B94B
140562,Morehouse School of Medicine,#D8BA4B
140678,North Georgia Technical College,#D8BA4B
140696,Oglethorpe University,#D8BA4B
140720,Paine College,#D8BA4B
140818,Piedmont University,#D8BA4B
140827,Miami Ad School-Atlanta,#D8BA4B
140872,Reinhardt University,#D8BA4B
140942,Savannah Technical College,#D8BB4B
140951,Savannah College of Art and Design,#D8BB4B
140960,Savannah State University,#D8BB4B
140988,Shorter University,#D8BB4B
141006,South Georgia Technical College,#D8BB4B
141015,The Creative Circus,#D8BB4B
141060,Spelman College,#D8BB4B
141167,Thomas University,#D8BB4B
141185,Toccoa Falls College,#D8BC4B
141237,Truett McConnell University,#D8BC4B
141255,Wiregrass Georgia Technical College,#D8BC4B
141264,Valdosta State University,#D8BC4B
141325,Wesleyan College,#D8BC4B
141334,University of West Georgia,#D8BC4B
141361,Young Harris College,#D8BC4B
141486,Chaminade University of Honolulu,#D8BD4B
141565,University of Hawaii at Hilo,#D8BD4B
141574,University of Hawaii at Manoa,#D8BD4B
141608,Hawaii Institute of Hair Design,#D8BD4B
141644,Hawaii Pacific University,#D8BD4B
141680,Honolulu Community College,#D8BD4B
141796,Kapiolani Community College,#D8BD4B
141802,Kauai Community College,#D8BD4B
141811,Leeward Community College,#D8BE4B
141839,University of Hawaii Maui College,#D8BE4B
141963,University of Hawaii System Office,#D8BE4B
141981,University of Hawaii-West Oahu,#D8BE4B
141990,Windward Community College,#D8BE4B
142054,Carrington College-Boise,#D8BE4B
142090,Boise Bible College,#D8BE4B
142115,Boise State University,#D8BF4B
142179,College of Eastern Idaho,#D8BF4B
142276,Idaho State University,#D8BF4B
142285,University of Idaho,#D8BF4B
142294,The College of Idaho,#D8BF4B
142328,Lewis-Clark State College,#D8BF4B
142407,Aveda Institute-Twin Falls,#D8BF4B
142416,Mr Leon's School of Hair Design-Moscow,#D8BF4B
142443,North Idaho College,#D8C04B
142461,Northwest Nazarene University,#D8C04B
142489,Nathan Layne Institute of Cosmetology,#D8C04B
142522,Brigham Young University-Idaho,#D8C04B
142559,College of Southern Idaho,#D8C04B
142832,Adler University,#D8C04B
142887,American Academy of Art College,#D8C04B
142957,American Islamic College,#D8C14B
143048,School of the Art Institute of Chicago,#D8C14B
143084,Augustana College,#D8C14B
143118,Aurora University,#D8C14B
143215,Southwestern Illinois College,#D8C14B
143233,Bethany Theological Seminary,#D8C14B
143279,Black Hawk College,#D8C14B
143288,Blackburn College,#D8C24B
143297,Blessing Rieman College of Nursing and Health Sciences,#D8C24B
143303,Blessing Hospital School of Radiologic Technology,#D8C24B
143358,Bradley University,#D8C24B
143376,Paul Mitchell the School-Bradley,#D8C24B
143464,Cameo Beauty Academy,#D8C24B
143473,Cannella School of Hair Design-Villa Park,#D8C24B
143482,Cannella School of Hair Design-Chicago,#D8C24B
143491,Cannella School of Hair Design-Chicago,#D8C34B
143552,Capri Beauty College,#D8C34B
143613,Carl Sandburg College,#D8C34B
143659,Catholic Theological Union at Chicago,#D8C34B
143853,Midwestern University-Downers Grove,#D8C34B
143978,The Chicago School of Professional Psychology at Chicago,#D8C34B
144005,Chicago State University,#D8C34B
144014,Chicago Theological Seminary,#D8C44B
144050,University of Chicago,#800000
144157,City Colleges of Chicago-Kennedy-King College,#D8C44B
144166,City Colleges of Chicago-Malcolm X College,#D8C44B
144175,City Colleges of Chicago-Olive-Harvey College,#D8C44B
144184,City Colleges of Chicago-Harry S Truman College,#D8C44B
144193,City Colleges of Chicago-Richard J Daley College,#D8C44B
144209,City Colleges of Chicago-Harold Washington College,#D8C44B
144218,City Colleges of Chicago-Wilbur Wright College,#D8C54B
144281,Columbia College Chicago,#D8C54B
144351,Concordia University-Chicago,#D8C54B
144485,Coyne College,#D8C54B
144500,City Colleges of Chicago-District Office,#D8C54B
144564,Danville Area Community College,#D8C54B
144573,Tricoci University of Beauty Culture,#D8C54B
144740,DePaul University,#D8C64B
144777,DeVry University-Administrative Office,#D8C64B
144795,Cosmetology & Spa Academy,#D8C64B
144865,College of DuPage,#D8C64B
144883,East-West University,#D8C64B
144892,Eastern Illinois University,#D8C64B
144944,Elgin Community College,#D8C64B
144962,Elmhurst University,#D8C64B
144971,Eureka College,#D8C74B
145099,"First Institute of Travel, Inc.",#D8C74B
145239,Fox College,#D8C74B
145275,Garrett-Evangelical Theological Seminary,#D8C74B
145309,Gem City College,#D8C74B
145336,Governors State University,#D8C74B
145354,Graham Hospital School of Nursing,#D8C74B
145372,Greenville University,#D8C84B
145406,G Skin & Beauty Institute,#D8C84B
145424,Hair Professionals Career College,#D8C84B
145433,Hair Professionals School of Cosmetology,#D8C84B
145497,Hebrew Theological College,#D8C84B
145521,Highland Community College,#D8C84B
145558,Rosalind Franklin University of Medicine and Science,#D8C84B
145600,University of Illinois Chicago,#D8C94B
145619,Benedictine University,#D8C94B
145628,Illinois College of Optometry,#D8C94B
145637,University of Illinois Urbana-Champaign,#D8C94B
145646,Illinois Wesleyan University,#D8C94B
145682,Illinois Central College,#D8C94B
145691,Illinois College,#D8C94B
145707,Olney Central College,#D8C94B
145725,Illinois Institute of Technology,#D8CA4B
145813,Illinois State University,#D8CA4B
145831,Illinois Valley Community College,#D8CA4B
145886,Institute for Clinical Social Work,#D8CA4B
146205,John A Logan College,#D8CA4B
146278,John Wood Community College,#D8CA4B
146296,Joliet Junior College,#D8CA4B
146339,Judson University,#D8CB4B
146348,Kankakee Community College,#D8CB4B
146366,Kaskaskia College,#D8CB4B
146418,Kishwaukee College,#D8CB4B
146427,Knox College,#D8CB4B
146454,Educators of Beauty College of Cosmetology-Peru,#D8CB4B
146472,College of Lake County,#D8CB4B
146481,Lake Forest College,#D8CB4B
146490,Lake Forest Graduate School of Management,#D8CC4B
146506,Lake Land College,#D8CC4B
146533,Lakeview College of Nursing,#D8CC4B
146603,Lewis and Clark Community College,#D8CC4B
146612,Lewis University,#D8CC4B
146667,Lincoln Christian University,#D8CC4B
146676,Lincoln College,#D8CC4B
146685,Lincoln Land Community College,#D8CD4B
146700,Lincoln College of Technology-Melrose Park,#D8CD4B
146719,Loyola University Chicago,#D8CD4B
146728,Lutheran School of Theology at Chicago,#D8CD4B
146755,Trinity College of Nursing & Health Sciences,#D8CD4B
146807,Steven Papageorge Hair Academy,#D8CD4B
146816,MacCormac College,#D8CD4B
146977,McCormick Theological Seminary,#D8CD4B
147004,McHenry County College,#D8CE4B
147013,McKendree University,#D8CE4B
147031,Meadville Theological School of Lombard College,#D8CE4B
147129,Methodist College,#D8CE4B
147244,Millikin University,#D8CE4B
147341,Monmouth College,#D8CE4B
147369,Moody Bible Institute,#D8CE4B
147378,Moraine Valley Community College,#D8CF4B
147396,Morrison Institute of Technology,#D8CF4B
147411,Morton College,#D8CF4B
147536,National Louis University,#D8CF4B
147590,National University of Health Sciences,#D8CF4B
147642,Cosmetology Concepts Niles,#D8CF4B
147660,North Central College,#D8CF4B
147679,North Park University,#D8CF4B
147697,Northern Baptist Theological Seminary,#D8D04B
147703,Northern Illinois University,#D8D04B
147767,Northwestern University,#4E2A84
147776,Northeastern Illinois University,#D8D04B
147800,Oakton Community College,#D8D04B
147819,Oehrlein School of Cosmetology,#D8D04B
147828,Olivet Nazarene University,#D8D04B
147916,Parkland College,#D8D14B
148007,Prairie State College,#D8D14B
148016,Principia College,#D8D14B
148098,Professional's Choice Hair Design Academy,#D8D14B
148131,Quincy University,#D8D14B
148256,Rend Lake College,#D8D14B
148292,Richland Community College,#D8D14B
148380,Rock Valley College,#D8D24B
148405,Rockford University,#D8D24B
148487,Roosevelt University,#D8D24B
148496,Dominican University,#D8D24B
148511,Rush University,#D8D24B
148575,Saint Francis Medical Center College of Nursing,#D8D24B
148584,University of St Francis,#D8D24B
148593,St. John's College-Department of Nursing,#D8D24B
148627,Saint Xavier University,#D8D34B
148654,University of Illinois Springfield,#D8D34B
148672,Sauk Valley Community College,#D8D34B
148821,Shawnee Community College,#D8D34B
148876,St. Augustine College,#D8D34B
148885,University of Saint Mary of the Lake,#D8D34B
148937,Southeastern Illinois College,#D8D34B
148955,National Latino Education Institute,#D8D44B
148982,Spertus College,#D8D44B
148991,Spoon River College,#D8D44B
149028,Saint Anthony College of Nursing,#D8D44B
149204,Educators of Beauty College of Cosmetology-Sterling,#D8D44B
149222,Southern Illinois University-Carbondale,#D8D44B
149231,Southern Illinois University-Edwardsville,#D8D44B
149240,Southern Illinois University-System Office,#D8D44B
149310,Taylor Business Institute,#D8D54B
149329,Telshe Yeshiva-Chicago,#D8D54B
149365,South Suburban College,#D8D54B
149499,Tri-County Beauty Academy,#D8D54B
149505,Trinity Christian College,#D8D54B
149514,Trinity International University-Illinois,#D8D54B
149532,Triton College,#D8D54B
149550,University of Spa & Cosmetology Arts,#D8D64B
149587,University of Illinois System Offices,#D8D64B
149639,VanderCook College of Music,#D8D64B
149727,Waubonsee Community College,#D8D64B
149763,Oak Point University,#D8D64B
149772,Western Illinois University,#D8D64B
149781,Wheaton College,#D8D64B
149842,William Rainey Harper College,#D8D64B
150048,Ancilla College,#D8D74B
150066,Anderson University,#D8D74B
150136,Ball State University,#D8D74B
150145,Bethel University,#D8D74B
150163,Butler University,#D8D74B
150172,Calumet College of Saint Joseph,#D8D74B
150215,Christian Theological Seminary,#D8D74B
150251,College of Court Reporting Inc,#D8D84B
150288,Concordia Theological Seminary,#D8D84B
150303,Tricoci University of Beauty Culture-Highland,#D8D84B
150400,DePauw University,#D8D84B
150428,Don Roberts School of Hair Design,#D8D84B
150455,Earlham College,#D8D84B
150534,University of Evansville,#D8D84B
150604,Franklin College,#D8D84B
150668,Goshen College,#D8D84B
150677,Grace College and Theological Seminary,#D8D84B
150756,Hanover College,#D8D84B
150765,J Michael Harrold Beauty Academy,#D7D84B
150774,Holy Cross College,#D7D84B
150853,PJ's College of Cosmetology-Clarksville,#D7D84B
150941,Huntington University,#D7D84B
150987,Ivy Tech Community College,#D7D84B
151102,Purdue University Fort Wayne,#D7D84B
151111,Indiana University-Purdue University-Indianapolis,#D7D84B
151263,University of Indianapolis,#D7D84B
151290,Indiana Institute of Technology,#D6D84B
151306,University of Southern Indiana,#D6D84B
151324,Indiana State University,#D6D84B
151333,Indiana University-Kokomo,#D6D84B
151342,Indiana University-South Bend,#D6D84B
151351,Indiana University-Bloomington,#D6D84B
151360,Indiana University-Northwest,#D6D84B
151379,Indiana University-Southeast,#D5D84B
151388,Indiana University-East,#D5D84B
151467,International Business College-Indianapolis,#D5D84B
151564,Taylor Institute of Cosmetology II,#D5D84B
151607,Tricoci University of Beauty Culture-Lafayette,#D5D84B
151652,Empire Beauty School-Indianapolis,#D5D84B
151661,Lincoln College of Technology-Indianapolis,#D5D84B
151777,Manchester University,#D5D84B
151786,Marian University,#D4D84B
151801,Indiana Wesleyan University-Marion,#D4D84B
151810,Martin University,#D4D84B
151865,Anabaptist Mennonite Biblical Seminary,#D4D84B
151962,Mid-America College of Funeral Service,#D4D84B
152044,West Michigan College of Barbering and Beauty,#D4D84B
152080,University of Notre Dame,#D4D84B
152099,Oakland City University,#D3D84B
152150,PJ's College of Cosmetology-Richmond,#D3D84B
152275,Ravenscroft Beauty College,#D3D84B
152309,Rogers Academy of Hair Design,#D3D84B
152318,Rose-Hulman Institute of Technology,#D3D84B
152336,University of Saint Francis-Fort Wayne,#D3D84B
152381,Saint Mary-of-the-Woods College,#D3D84B
152390,Saint Mary's College,#D2D84B
152451,Saint Meinrad School of Theology,#D2D84B
152497,Saint Elizabeth School of Nursing,#D2D84B
152530,Taylor University,#D2D84B
152567,Trine University,#D2D84B
152600,Valparaiso University,#D2D84B
152628,Vincennes Beauty College,#D2D84B
152637,Vincennes University,#D2D84B
152673,Wabash College,#D1D84B
152798,Allen College,#D1D84B
152992,Briar Cliff University,#D1D84B
153001,Buena Vista University,#D1D84B
153074,Capri College-Dubuque,#D1D84B
153083,Capri College-Cedar Rapids,#D1D84B
153108,Central College,#D1D84B
153126,Clarke University,#D0D84B
153144,Coe College,#D0D84B
153162,Cornell College,#D0D84B
153214,Des Moines Area Community College,#D0D84B
153241,Divine Word College,#D0D84B
153250,Dordt University,#D0D84B
153269,Drake University,#D0D84B
153278,University of Dubuque,#D0D84B
153296,Ellsworth Community College,#CFD84B
153302,Emmaus Bible College,#CFD84B
153311,Eastern Iowa Community College District,#CFD84B
153320,Faith Baptist Bible College and Theological Seminary,#CFD84B
153366,Graceland University-Lamoni,#CFD84B
153375,Grand View University,#CFD84B
153384,Grinnell College,#CFD84B
153427,Orion Technical College,#CED84B
153445,Hawkeye Community College,#CED84B
153463,American Hair Academy,#CED84B
153472,Indian Hills Community College,#CED84B
153524,Iowa Central Community College,#CED84B
153533,Iowa Lakes Community College,#CED84B
153542,UnityPoint Health-Des Moines School of Radiologic Technology,#CED84B
153597,Iowa School of Beauty-Des Moines,#CED84B
153603,Iowa State University,#CDD84B
153621,Iowa Wesleyan University,#CDD84B
153630,Iowa Western Community College,#CDD84B
153658,University of Iowa,#CDD84B
153737,Kirkwood Community College,#CDD84B
153746,La James International College-Cedar Falls,#CDD84B
153764,La James International College-Johnston,#CDD84B
153773,La James College of Hairstyling and Cosmetology,#CCD84B
153782,La James International College-Ft Dodge,#CCD84B
153825,Loras College,#CCD84B
153834,Luther College,#CCD84B
153861,Maharishi International University,#CCD84B
153922,Marshalltown Community College,#CCD84B
153977,Mercy College of Health Sciences,#CCD84B
154004,Morningside University,#CCD84B
154013,Mount Mercy University,#CBD84B
154022,Ashford University,#CBD84B
154059,North Iowa Area Community College,#CBD84B
154095,University of Northern Iowa,#CBD84B
154101,Northwestern College,#CBD84B
154110,Northeast Iowa Community College,#CBD84B
154129,Northwest Iowa Community College,#CBD84B
154156,Des Moines University-Osteopathic Medical Center,#CAD84B
154165,Iowa School of Beauty-Ottumwa,#CAD84B
154174,Palmer College of Chiropractic,#CAD84B
154208,PCI Academy-Ames,#CAD84B
154235,Saint Ambrose University,#CAD84B
154262,St Luke's College,#CAD84B
154332,La James International College-Davenport,#CAD84B
154341,La James International College-Iowa City,#C9D84B
154350,Simpson College,#C9D84B
154378,Southeastern Community College,#C9D84B
154396,Southwestern Community College,#C9D84B
154448,Capri College-Davenport,#C9D84B
154457,Iowa School of Beauty-Sioux City,#C9D84B
154466,E Q School of Hair Design,#C9D84B
154493,Upper Iowa University,#C9D84B
154518,Waldorf University,#C8D84B
154527,Wartburg College,#C8D84B
154536,Wartburg Theological Seminary,#C8D84B
154545,The Salon Professional Academy-Cedar Falls,#C8D84B
154572,Western Iowa Tech Community College,#C8D84B
154590,William Penn University,#C8D84B
154642,Allen County Community College,#C8D84B
154688,Baker University,#C7D84B
154697,Barton County Community College,#C7D84B
154712,Benedictine College,#C7D84B
154721,Bethany College,#C7D84B
154749,Bethel College-North Newton,#C7D84B
154800,Butler Community College,#C7D84B
154855,Central Christian College of Kansas,#C7D84B
154907,Cloud County Community College,#C7D84B
154925,Coffeyville Community College,#C6D84B
154934,Colby Community College,#C6D84B
154952,Cowley County Community College,#C6D84B
154998,Dodge City Community College,#C6D84B
155007,Donnelly College,#C6D84B
155025,Emporia State University,#C6D84B
155052,Flint Hills Technical College,#C6D84B
155061,Fort Hays State University,#C5D84B
155070,Barclay College,#C5D84B
155089,Friends University,#C5D84B
155098,Fort Scott Community College,#C5D84B
155104,Garden City Community College,#C5D84B
155140,Haskell Indian Nations University,#C5D84B
155159,Hays Academy of Hair Design,#C5D84B
155177,Hesston College,#C5D84B
155186,Highland Community College,#C4D84B
155195,Hutchinson Community College,#C4D84B
155201,Independence Community College,#C4D84B
155210,Johnson County Community College,#C4D84B
155283,Concorde Career College-Kansas City,#C4D84B
155292,Kansas City Kansas Community College,#C4D84B
155308,Kansas Christian College,#C4D84B
155317,University of Kansas,#C3D84B
155335,Newman University,#C3D84B
155353,Old Town Barber College-Wichita,#C3D84B
155399,Kansas State University,#C3D84B
155414,Kansas Wesleyan University,#C3D84B
155423,Washburn Institute of Technology,#C3D84B
155450,Labette Community College,#C3D84B
155487,Manhattan Area Technical College,#C2D84B
155496,Manhattan Christian College,#C2D84B
155511,McPherson College,#C2D84B
155520,MidAmerica Nazarene University,#C2D84B
155566,Neosho County Community College,#C2D84B
155593,North Central Kansas Technical College,#C2D84B
155618,Northwest Kansas Technical College,#C2D84B
155627,Ottawa University-Ottawa,#C2D84B
155636,Ottawa University-Kansas City,#C1D84B
155681,Pittsburg State University,#C1D84B
155715,Pratt Community College,#C1D84B
155812,University of Saint Mary,#C1D84B
155830,Salina Area Technical College,#C1D84B
155858,Seward County Community College,#C1D84B
155900,Southwestern College,#C1D84B
155937,Sterling College,#C0D84B
155973,Tabor College,#C0D84B
156082,Washburn University,#C0D84B
156107,Wichita State University-Campus of Applied Sciences and Technology,#C0D84B
156125,Wichita State University,#C0D84B
156134,Wichita Technical Institute,#C0D84B
156189,Alice Lloyd College,#C0D84B
156213,Asbury University,#C0D84B
156222,Asbury Theological Seminary,#BFD84B
156231,Ashland Community and Technical College,#BFD84B
156277,Barrett and Company School of Hair Design,#BFD84B
156286,Bellarmine University,#BFD84B
156295,Berea College,#BFD84B
156310,PJ's College of Cosmetology-Bowling Green,#BFD84B
156338,Southcentral Kentucky Community and Technical College,#BFD84B
156356,Brescia University,#BED84B
156365,Campbellsville University,#BED84B
156392,Bluegrass Community and Technical College,#BED84B
156408,Centre College,#BED84B
156417,Clear Creek Baptist Bible College,#BED84B
156426,Paul Mitchell the School-Lexington,#BED84B
156471,Galen College of Nursing-Louisville,#BED84B
156541,University of the Cumberlands,#BED84B
156620,Eastern Kentucky University,#BDD84B
156648,Elizabethtown Community and Technical College,#BDD84B
156727,Frontier Nursing University,#BDD84B
156745,Georgetown College,#BDD84B
156754,PJ's College of Cosmetology-Glasgow,#BDD84B
156790,Hazard Community and Technical College,#BDD84B
156842,Paul Mitchell the School-Louisville,#BDD84B
156851,Henderson Community College,#BCD84B
156860,Hopkinsville Community College,#BCD84B
156921,Jefferson Community and Technical College,#BCD84B
156967,Summit Salon Academy-Lexington,#BCD84B
157021,American National University-Pikeville,#BCD84B
157030,Kentucky Mountain Bible College,#BCD84B
157058,Kentucky State University,#BCD84B
157076,Kentucky Wesleyan College,#BCD84B
157085,University of Kentucky,#BBD84B
157100,Kentucky Christian University,#BBD84B
157207,Lexington Theological Seminary,#BBD84B
157216,Lindsey Wilson College,#BBD84B
157289,University of Louisville,#BBD84B
157298,Louisville Presbyterian Theological Seminary,#BBD84B
157304,Madisonville Community College,#BBD84B
157331,Maysville Community and Technical College,#BAD84B
157377,Midway University,#BAD84B
157386,Morehead State University,#BAD84B
157401,Murray State University,#BAD84B
157438,Gateway Community and Technical College,#BAD84B
157447,Northern Kentucky University,#BAD84B
157483,West Kentucky Community and Technical College,#BAD84B
157535,University of Pikeville,#B9D84B
157553,Big Sandy Community and Technical College,#B9D84B
157614,Empire Beauty School-Chenoweth,#B9D84B
157650,Empire Beauty School-Elizabethtown,#B9D84B
157669,Empire Beauty School-Dixie,#B9D84B
157678,Empire Beauty School-Florence,#B9D84B
157711,Somerset Community College,#B9D84B
157739,Southeast Kentucky Community & Technical College,#B9D84B
157748,The Southern Baptist Theological Seminary,#B8D84B
157757,Spalding University,#B8D84B
157793,Sullivan University,#B8D84B
157809,Thomas More University,#B8D84B
157818,Transylvania University,#B8D84B
157854,Kentucky Community and Technical College System,#B8D84B
157863,Union College,#B8D84B
157951,Western Kentucky University,#B7D84B
158088,Central Louisiana Technical Community College,#B7D84B
158246,Ayers Career College,#B7D84B
158325,Baton Rouge General Medical Center School of Nursing & School of Radiologic Technology,#B7D84B
158343,Baton Rouge School of Computers,#B7D84B
158431,Bossier Parish Community College,#B7D84B
158477,Centenary College of Louisiana,#B7D84B
158538,Cloyd's Beauty School 1 Inc,#B7D84B
158617,Crescent City Bartending School,#B6D84B
158662,Delgado Community College,#B6D84B
158778,Avery James School of Cosmetology,#B6D84B
158787,Denham Springs Beauty School,#B6D84B
158802,Dillard University,#B6D84B
158884,Nunez Community College,#B6D84B
159009,Grambling State University,#B6D84B
159027,Guy's Shreveport Academy of Cosmetology Inc,#B5D84B
159197,ITI Technical College,#B5D84B
159328,John Jay Beauty College,#B5D84B
159373,Louisiana State University Health Sciences Center-New Orleans,#B5D84B
159382,Louisiana State University-Alexandria,#B5D84B
159391,Louisiana State University and Agricultural & Mechanical College,#B5D84B
159407,Louisiana State University-Eunice,#B5D84B
159416,Louisiana State University-Shreveport,#B5D84B
159513,Aveda Arts & Sciences Institute-Baton Rouge,#B4D84B
159522,Aveda Arts & Sciences Institute-Lafayette,#B4D84B
159531,Louisiana Academy of Beauty,#B4D84B
159568,Louisiana College,#B4D84B
159601,Opelousas School of Cosmetology,#B4D84B
159647,Louisiana Tech University,#B4D84B
159656,Loyola University New Orleans,#B4D84B
159717,McNeese State University,#B3D84B
159939,University of New Orleans,#B3D84B
159948,New Orleans Baptist Theological Seminary,#B3D84B
159966,Nicholls State University,#B3D84B
159993,University of Louisiana at Monroe,#B3D84B
160010,Northwest Louisiana Technical Community College,#B3D84B
160038,Northwestern State University of Louisiana,#B3D84B
160065,University of Holy Cross,#B3D84B
160074,Franciscan Missionaries of Our Lady University,#B2D84B
160117,Pat Goins Benton Road Beauty School,#B2D84B
160126,Celebrity Stylist Beauty School,#B2D84B
160199,Pineville Beauty School,#B2D84B
160320,Aveda Arts & Sciences Institute-Covington,#B2D84B
160409,Saint Joseph Seminary College,#B2D84B
160472,LaSalle Tech,#B2D84B
160481,Fletcher Technical Community College,#B1D84B
160524,Remington College-Lafayette Campus,#B1D84B
160533,Southern University-Board and System,#B1D84B
160579,SOWELA Technical Community College,#B1D84B
160597,Stevensons Academy of Hair Design,#B1D84B
160612,Southeastern Louisiana University,#B1D84B
160621,Southern University and A & M College,#B1D84B
160630,Southern University at New Orleans,#B0D84B
160649,Southern University at Shreveport,#B0D84B
160658,University of Louisiana at Lafayette,#B0D84B
160667,Northshore Technical Community College,#B0D84B
160755,Tulane University of Louisiana,#B0D84B
160904,Xavier University of Louisiana,#B0D84B
160959,College of the Atlantic,#B0D84B
160977,Bates College,#B0D84B
160995,Beal University,#AFD84B
161004,Bowdoin College,#AFD84B
161022,Maine College of Health Professions,#AFD84B
161077,Central Maine Community College,#AFD84B
161086,Colby College,#AFD84B
161138,Eastern Maine Community College,#AFD84B
161192,Kennebec Valley Community College,#AFD84B
161208,The Landing School,#AED84B
161217,University of Maine at Augusta,#AED84B
161226,University of Maine at Farmington,#AED84B
161235,University of Maine at Fort Kent,#AED84B
161244,University of Maine at Machias,#AED84B
161253,University of Maine,#AED84B
161280,University of Maine-System Central Office,#AED84B
161299,Maine Maritime Academy,#AED84B
161341,University of Maine at Presque Isle,#ADD84B
161457,University of New England,#ADD84B
161484,Northern Maine Community College,#ADD84B
161493,Empire Beauty School-Maine,#ADD84B
161509,Maine College of Art & Design,#ADD84B
161518,Saint Joseph's College of Maine,#ADD84B
161527,Spa Tech Institute-Westbrook,#ADD84B
161545,Southern Maine Community College,#ACD84B
161554,University of Southern Maine,#ACD84B
161563,Thomas College,#ACD84B
161572,Unity College,#ACD84B
161581,Washington County Community College,#ACD84B
161688,Allegany College of Maryland,#ACD84B
161767,Anne Arundel Community College,#ACD84B
161800,Award Beauty School,#ACD84B
161855,Baltimore Studio of Hair Design,#ABD84B
161864,Baltimore City Community College,#ABD84B
161873,University of Baltimore,#ABD84B
162007,Bowie State University,#ABD84B
162061,Capitol Technology University,#ABD84B
162104,Cecil College,#ABD84B
162122,College of Southern Maryland,#ABD84B
162168,Chesapeake College,#AAD84B
162210,Washington Adventist University,#AAD84B
162283,Coppin State University,#AAD84B
162335,Delmarva Beauty Academy,#AAD84B
162371,North American Trade Schools,#AAD84B
162557,Frederick Community College,#AAD84B
162584,Frostburg State University,#AAD84B
162609,Garrett College,#A9D84B
162654,Goucher College,#A9D84B
162690,Hagerstown Community College,#A9D84B
162706,Harford Community College,#A9D84B
162760,Hood College,#A9D84B
162779,Howard Community College,#A9D84B
162830,Aveda Institute-Maryland,#A9D84B
162928,Johns Hopkins University,#A9D84B
163028,Lincoln College of Technology-Columbia,#A8D84B
163046,Loyola University Maryland,#A8D84B
163204,University of Maryland Global Campus,#A8D84B
163259,"University of Maryland, Baltimore",#A8D84B
163268,University of Maryland-Baltimore County,#A8D84B
163286,University of Maryland-College Park,#A8D84B
163295,Maryland Institute College of Art,#A8D84B
163338,University of Maryland Eastern Shore,#A7D84B
163347,Fortis Institute-Towson,#A7D84B
163408,Montgomery Beauty School,#A7D84B
163426,Montgomery College,#A7D84B
163453,Morgan State University,#A7D84B
163462,Mount St. Mary's University,#A7D84B
163532,Ner Israel Rabbinical College,#A7D84B
163541,Hair Academy,#A7D84B
163578,Notre Dame of Maryland University,#A6D84B
163657,Prince George's Community College,#A6D84B
163754,Robert Paul Academy of Cosmetology Arts & Sciences,#A6D84B
163815,Maryland Beauty Academy of Essex,#A6D84B
163851,Salisbury University,#A6D84B
163912,St. Mary's College of Maryland,#A6D84B
163976,St. John's College,#A6D84B
164076,Towson University,#A5D84B
164085,Maryland University of Integrative Health,#A5D84B
164146,University System of Maryland,#A5D84B
164155,United States Naval Academy,#A5D84B
164173,Stevenson University,#A5D84B
164216,Washington College,#A5D84B
164270,McDaniel College,#A5D84B
164313,Wor-Wic Community College,#A5D84B
164368,Hult International Business School,#A4D84B
164447,American International College,#A4D84B
164465,Amherst College,#A4D84B
164492,Anna Maria College,#A4D84B
164535,Assabet Valley Regional Technical School,#A4D84B
164562,Assumption University,#A4D84B
164580,Babson College,#A4D84B
164599,Bancroft School of Massage Therapy,#A3D84B
164614,Boston Baptist College,#A3D84B
164632,Bay Path University,#A3D84B
164641,Bay State College,#A3D84B
164720,Becker College,#A3D84B
164739,Bentley University,#A3D84B
164748,Berklee College of Music,#A3D84B
164775,Berkshire Community College,#A3D84B
164845,Empire Beauty School-Boston,#A2D84B
164872,Boston Architectural College,#A2D84B
164915,Boston Graduate School of Psychoanalysis Inc,#A2D84B
164924,Boston College,#A2D84B
164988,Boston University,#A2D84B
165015,Brandeis University,#A2D84B
165024,Bridgewater State University,#A2D84B
165033,Bristol Community College,#A1D84B
165060,Signature Healthcare Brockton Hospital School of Nursing,#A1D84B
165112,Bunker Hill Community College,#A1D84B
165167,Cambridge College,#A1D84B
165194,Cape Cod Community College,#A1D84B
165255,Catherine Hinds Institute of Esthetics,#A1D84B
165264,Laboure College,#A1D84B
165334,Clark University,#A0D84B
165495,Conway School of Landscape Design,#A0D84B
165529,Curry College,#A0D84B
165556,Lincoln Technical Institute-Somerville,#A0D84B
165574,Dean College,#A0D84B
165608,Diman Regional Technical Institute,#A0D84B
165635,National Aviation Academy of New England,#A0D84B
165644,Eastern Nazarene College,#A0D84B
165662,Emerson College,#9FD84B
165671,Emmanuel College,#9FD84B
165699,Endicott College,#9FD84B
165750,Rob Roy Academy-Fall River,#9FD84B
165802,Fisher College,#9FD84B
165820,Fitchburg State University,#9FD84B
165866,Framingham State University,#9FD84B
165884,Benjamin Franklin Institute of Technology,#9ED84B
165936,Gordon College,#9ED84B
165945,Gordon-Conwell Theological Seminary,#9ED84B
165981,Greenfield Community College,#9ED84B
166018,Hampshire College,#9ED84B
166027,Harvard University,#A51C30
166045,Hebrew College,#9ED84B
166054,Hellenic College-Holy Cross Greek Orthodox School of Theology,#9ED84B
166124,College of the Holy Cross,#9DD84B
166133,Holyoke Community College,#9DD84B
166391,Lasell University,#9DD84B
166407,Lawrence Memorial Hospital School of Nursing,#9DD84B
166452,Lesley University,#9DD84B
166489,Longy School of Music of Bard College,#9DD84B
166498,Lowell Academy Hairstyling Institute,#9DD84B
166513,University of Massachusetts-Lowell,#9CD84B
166629,University of Massachusetts-Amherst,#9CD84B
166638,University of Massachusetts-Boston,#9CD84B
166647,Massachusetts Bay Community College,#9CD84B
166656,MCPHS University,#9CD84B
166665,University of Massachusetts-Central Office,#9CD84B
166674,Massachusetts College of Art and Design,#9CD84B
166683,Massachusetts Institute of Technology,#A31F34
166692,Massachusetts Maritime Academy,#9BD84B
166708,University of Massachusetts Medical School Worcester,#9BD84B
166717,William James College,#9BD84B
166805,Massachusetts School of Barbering,#9BD84B
166823,Massasoit Community College,#9BD84B
166850,Merrimack College,#9BD84B
166869,MGH Institute of Health Professions,#9BD84B
166887,Middlesex Community College,#9AD84B
166911,Montserrat College of Art,#9AD84B
166939,Mount Holyoke College,#9AD84B
166957,Mount Wachusett Community College,#9AD84B
167039,Rob Roy Academy-New Bedford,#9AD84B
167057,The New England Conservatory of Music,#9AD84B
167093,New England College of Optometry,#9AD84B
167215,New England Law-Boston,#9AD84B
167260,Nichols College,#99D84B
167288,Massachusetts College of Liberal Arts,#99D84B
167297,North Bennet Street School,#99D84B
167312,North Shore Community College,#99D84B
167358,Northeastern University,#99D84B
167376,Northern Essex Community College,#99D84B
167394,College of Our Lady of the Elms,#99D84B
167455,Pine Manor College,#98D84B
167464,Pope St John XXIII National Seminary,#98D84B
167525,Quincy College,#98D84B
167534,Quinsigamond Community College,#98D84B
167598,Regis College,#98D84B
167631,Roxbury Community College,#98D84B
167677,Saint John's Seminary,#98D84B
167729,Salem State University,#97D84B
167783,Simmons University,#97D84B
167792,Bard College at Simon's Rock,#97D84B
167835,Smith College,#97D84B
167871,Southeastern Technical Institute,#97D84B
167899,Springfield College,#97D84B
167905,Springfield Technical Community College,#97D84B
167987,University of Massachusetts-Dartmouth,#97D84B
167996,Stonehill College,#96D84B
168005,Suffolk University,#96D84B
168032,Rob Roy Academy-Taunton,#96D84B
168148,Tufts University,#96D84B
168218,Wellesley College,#96D84B
168227,Wentworth Institute of Technology,#96D84B
168254,Western New England University,#96D84B
168263,Westfield State University,#95D84B
168281,Wheaton College (Massachusetts),#95D84B
168342,Williams College,#95D84B
168421,Worcester Polytechnic Institute,#95D84B
168430,Worcester State University,#95D84B
168528,Adrian College,#95D84B
168546,Albion College,#95D84B
168555,Hillsdale Beauty College,#95D84B
168573,Northwestern Technological Institute,#94D84B
168591,Alma College,#94D84B
168607,Alpena Community College,#94D84B
168740,Andrews University,#94D84B
168786,Aquinas College,#94D84B
168847,Baker College,#94D84B
168883,Bay de Noc Community College,#94D84B
168892,Bayshire Academy of Beauty Craft Inc,#93D84B
169080,Calvin University,#93D84B
169099,Calvin Theological Seminary,#93D84B
169187,Carnegie Institute,#93D84B
169220,Michigan School of Psychology,#93D84B
169248,Central Michigan University,#93D84B
169275,Mott Community College,#93D84B
169284,Empire Beauty School-Michigan,#93D84B
169327,Cleary University,#92D84B
169363,Concordia University Ann Arbor,#92D84B
169424,Cranbrook Academy of Art,#92D84B
169442,College for Creative Studies,#92D84B
169479,Davenport University,#92D84B
169503,David Pressley School of Cosmetology,#92D84B
169521,Delta College,#92D84B
169576,Detroit Business Institute-Downriver,#91D84B
169655,MIAT College of Technology,#91D84B
169716,University of Detroit Mercy,#91D84B
169734,Dorsey School of Business-Madison Heights,#91D84B
169761,Dorsey College,#91D84B
169798,Eastern Michigan University,#91D84B
169813,Creative Hair School of Cosmetology,#91D84B
169910,Ferris State University,#90D84B
169947,Flint Institute of Barbering Inc,#90D84B
169974,Glen Oaks Community College,#90D84B
169983,Kettering University,#90D84B
169992,Gogebic Community College,#90D84B
170000,Grace Christian University,#90D84B
170037,Cornerstone University,#90D84B
170055,Grand Rapids Community College,#90D84B
170082,Grand Valley State University,#8FD84B
170091,Great Lakes Christian College,#8FD84B
170240,Henry Ford College,#8FD84B
170286,Hillsdale College,#8FD84B
170301,Hope College,#8FD84B
170444,Jackson College,#8FD84B
170532,Kalamazoo College,#8FD84B
170541,Kalamazoo Valley Community College,#8ED84B
170550,Kellogg Community College,#8ED84B
170587,Kirtland Community College,#8ED84B
170611,Michigan College of Beauty-Monroe,#8ED84B
170620,Lake Michigan College,#8ED84B
170639,Lake Superior State University,#8ED84B
170657,Lansing Community College,#8ED84B
170675,Lawrence Technological University,#8ED84B
170736,M J Murphy Beauty College of Mount Pleasant,#8DD84B
170790,Macomb Community College,#8DD84B
170806,Madonna University,#8DD84B
170967,Rochester University,#8DD84B
170976,University of Michigan-Ann Arbor,#00274C
171012,The Michigan Barber School,#8DD84B
171100,Michigan State University,#8DD84B
171128,Michigan Technological University,#8CD84B
171137,University of Michigan-Dearborn,#8CD84B
171146,University of Michigan-Flint,#8CD84B
171155,Mid Michigan College,#8CD84B
171225,Monroe County Community College,#8CD84B
171234,Montcalm Community College,#8CD84B
171304,Muskegon Community College,#8CD84B
171395,North Central Michigan College,#8CD84B
171456,Northern Michigan University,#8BD84B
171483,Northwestern Michigan College,#8BD84B
171492,Northwood University,#8BD84B
171535,Oakland Community College,#8BD84B
171571,Oakland University,#8BD84B
171599,Olivet College,#8BD84B
171775,Port Huron Cosmetology College,#8BD84B
171881,Kuyper College,#8AD84B
171988,Ross Medical Education Center-Lansing,#8AD84B
171997,Ross Medical Education Center-Warren,#8AD84B
172015,Ross Medical Education Center-Flint,#8AD84B
172033,Sacred Heart Major Seminary,#8AD84B
172051,Saginaw Valley State University,#8AD84B
172200,Schoolcraft College,#8AD84B
172264,Siena Heights University,#8AD84B
172291,St Clair County Community College,#89D84B
172307,Southwestern Michigan College,#89D84B
172325,Specs Howard School of Media Arts,#89D84B
172334,Spring Arbor University,#89D84B
172422,Michigan Career and Technical Institute,#89D84B
172440,Finlandia University,#89D84B
172477,Western Michigan University-Thomas M. Cooley Law School,#89D84B
172495,Twin City Beauty College,#88D84B
172608,Walsh College,#88D84B
172617,Washtenaw Community College,#88D84B
172635,Wayne County Community College District,#88D84B
172644,Wayne State University,#88D84B
172671,West Shore Community College,#88D84B
172680,Paul Mitchell the School-Grand Rapids,#88D84B
172699,Western Michigan University,#87D84B
172705,Western Theological Seminary,#87D84B
172866,Academy College,#87D84B
172918,Alexandria Technical & Community College,#87D84B
172927,American Indian OIC Inc,#87D84B
172954,Anoka Technical College,#87D84B
172963,Anoka-Ramsey Community College,#87D84B
173045,Augsburg University,#87D84B
173063,Riverland Community College,#86D84B
173115,Northwest Technical College,#86D84B
173124,Bemidji State University,#86D84B
173142,Bethany Lutheran College,#86D84B
173160,Bethel University,#86D84B
173203,Central Lakes College-Brainerd,#86D84B
173258,Carleton College,#86D84B
173300,Concordia College at Moorhead,#85D84B
173328,Concordia University-Saint Paul,#85D84B
173416,Dakota County Technical College,#85D84B
173452,Martin Luther College,#85D84B
173461,Lake Superior College,#85D84B
173470,Cosmetology Careers Unlimited College of Hair Skin and Nails,#85D84B
173559,Minnesota State Community and Technical College,#85D84B
173638,Minnesota West Community and Technical College,#85D84B
173647,Gustavus Adolphus College,#84D84B
173665,Hamline University,#84D84B
173683,Hazelden Betty Ford Graduate School of Addiction Studies,#84D84B
173708,Hennepin Technical College,#84D84B
173735,Hibbing Community College,#84D84B
173744,Aveda Arts & Sciences Institute Minneapolis,#84D84B
173799,Inver Hills Community College,#84D84B
173805,Itasca Community College,#83D84B
173896,Luther Seminary,#83D84B
173902,Macalester College,#83D84B
173911,South Central College,#83D84B
173920,Minnesota State University-Mankato,#83D84B
173957,Mayo Clinic College of Medicine and Science,#83D84B
173993,Mesabi Range College,#83D84B
174020,Metropolitan State University,#83D84B
174066,University of Minnesota-Twin Cities,#82D84B
174075,University of Minnesota-Crookston,#82D84B
174127,Minneapolis College of Art and Design,#82D84B
174136,Minneapolis Community and Technical College,#82D84B
174154,Herzing University-Minneapolis,#82D84B
174190,Minnesota School of Cosmetology-Woodbury Campus,#82D84B
174233,University of Minnesota-Duluth,#82D84B
174251,University of Minnesota-Morris,#81D84B
174321,Model College of Hair Design,#81D84B
174358,Minnesota State University Moorhead,#81D84B
174376,North Hennepin Community College,#81D84B
174428,Normandale Community College,#81D84B
174437,North Central University,#81D84B
174473,Northland Community and Technical College,#81D84B
174491,University of Northwestern-St Paul,#81D84B
174507,Northwestern Health Sciences University,#80D84B
174525,Oak Hills Christian College,#80D84B
174570,Pine Technical & Community College,#80D84B
174604,Rainy River Community College,#80D84B
174738,Rochester Community and Technical College,#80D84B
174747,College of Saint Benedict,#80D84B
174756,St Cloud Technical and Community College,#80D84B
174783,Saint Cloud State University,#7FD84B
174792,Saint Johns University,#7FD84B
174817,Saint Mary's University of Minnesota,#7FD84B
174844,St Olaf College,#7FD84B
174862,Crown College,#7FD84B
174899,The College of Saint Scholastica,#7FD84B
174914,University of St Thomas,#7FD84B
174978,Empire Beauty School-Bloomington,#7ED84B
175005,St Catherine University,#7ED84B
175014,Rasmussen University-Minnesota,#7ED84B
175041,Saint Paul College,#7ED84B
175078,Southwest Minnesota State University,#7ED84B
175120,Summit Academy Opportunities Industrialization Center,#7ED84B
175139,United Theological Seminary of the Twin Cities,#7ED84B
175157,Vermilion Community College,#7ED84B
175227,Dunwoody College of Technology,#7DD84B
175236,Ridgewater College,#7DD84B
175263,Minnesota State College Southeast,#7DD84B
175272,Winona State University,#7DD84B
175281,Mitchell Hamline School of Law,#7DD84B
175315,Century College,#7DD84B
175342,Alcorn State University,#7DD84B
175421,Belhaven University,#7CD84B
175430,Blue Mountain College,#7CD84B
175494,Chris Beauty College,#7CD84B
175519,Coahoma Community College,#7CD84B
175573,Copiah-Lincoln Community College,#7CD84B
175607,Delta Beauty College,#7CD84B
175616,Delta State University,#7CD84B
175643,East Central Community College,#7CD84B
175652,East Mississippi Community College,#7BD84B
175698,Fosters Cosmetology College,#7BD84B
175722,Academy of Hair Design-Grenada,#7BD84B
175786,Hinds Community College,#7BD84B
175810,Holmes Community College,#7BD84B
175829,Itawamba Community College,#7BD84B
175856,Jackson State University,#7BD84B
175883,Jones County Junior College,#7AD84B
175935,Meridian Community College,#7AD84B
175980,Millsaps College,#7AD84B
175999,Board of Trustees-Mississippi State Institutions of Higher Learning,#7AD84B
176008,Mississippi Delta Community College,#7AD84B
176017,University of Mississippi,#7AD84B
176035,Mississippi University for Women,#7AD84B
176044,Mississippi Valley State University,#7AD84B
176053,Mississippi College,#79D84B
176062,Hatfield's Mississippi College of Beauty Culture,#79D84B
176071,Mississippi Gulf Coast Community College,#79D84B
176080,Mississippi State University,#79D84B
176169,Northeast Mississippi Community College,#79D84B
176178,Northwest Mississippi Community College,#79D84B
176239,Pearl River Community College,#79D84B
176318,Rust College,#78D84B
176336,Southeastern Baptist College,#78D84B
176354,Southwest Mississippi Community College,#78D84B
176372,University of Southern Mississippi,#78D84B
176390,Magnolia College of Cosmetology,#78D84B
176406,Tougaloo College,#78D84B
176433,Vaughn Beauty College,#78D84B
176451,Wesley Biblical Seminary,#77D84B
176479,William Carey University,#77D84B
176600,Aquinas Institute of Theology,#77D84B
176628,Avila University,#77D84B
176664,Baptist Bible College,#77D84B
176716,House of Heavilin Beauty College-Blue Springs,#77D84B
176770,Cox College,#77D84B
176789,Calvary University,#77D84B
176798,Cape Girardeau Career and Technology Center,#76D84B
176910,Central Christian College of the Bible,#76D84B
176947,Central Methodist University-College of Liberal Arts and Sciences,#76D84B
176965,University of Central Missouri,#76D84B
176983,Grand River Technical School,#76D84B
177038,Cleveland University-Kansas City,#76D84B
177065,Columbia College,#76D84B
177083,Conception Seminary College,#75D84B
177092,Concordia Seminary,#75D84B
177117,Cottey College,#75D84B
177126,Covenant Theological Seminary,#75D84B
177135,Crowder College,#75D84B
177144,Culver-Stockton College,#75D84B
177214,Drury University,#75D84B
177250,East Central College,#75D84B
177278,Eden Theological Seminary,#74D84B
177302,Pinnacle Career Institute,#74D84B
177339,Evangel University,#74D84B
177418,Fontbonne University,#74D84B
177436,Four Rivers Career Center,#74D84B
177472,Ozarks Technical Community College,#74D84B
177542,Hannibal-LaGrange University,#74D84B
177551,Harris-Stowe State University,#73D84B
177588,House of Heavilin Beauty College-Kansas City,#73D84B
177603,Summit Salon Academy Kansas City,#73D84B
177676,Jefferson College,#73D84B
177685,Paul Mitchell the School-Missouri Columbia,#73D84B
177719,Barnes-Jewish College Goldfarb School of Nursing,#73D84B
177746,Kansas City Art Institute,#73D84B
177816,Kenrick Glennon Seminary,#73D84B
177834,A T Still University of Health Sciences,#72D84B
177870,Lake Career and Technical Center,#72D84B
177931,Lex La-Ray Technical Center,#72D84B
177940,Lincoln University,#72D84B
177968,Lindenwood University,#72D84B
177977,State Technical College of Missouri,#72D84B
177986,Logan University,#72D84B
177995,Metropolitan Community College-Kansas City,#71D84B
178004,Lutheran School of Nursing,#71D84B
178059,Maryville University of Saint Louis,#71D84B
178077,Missouri College of Cosmetology and Esthetics,#71D84B
178183,Midwest Institute,#71D84B
178208,Midwestern Baptist Theological Seminary,#71D84B
178217,Mineral Area College,#71D84B
178244,Missouri Baptist University,#71D84B
178341,Missouri Southern State University,#70D84B
178369,Missouri Valley College,#70D84B
178387,Missouri Western State University,#70D84B
178396,University of Missouri-Columbia,#70D84B
178402,University of Missouri-Kansas City,#70D84B
178411,Missouri University of Science and Technology,#70D84B
178420,University of Missouri-St Louis,#70D84B
178439,University of Missouri-System Office,#6FD84B
178448,Moberly Area Community College,#6FD84B
178518,Nazarene Theological Seminary,#6FD84B
178527,Neosho Beauty College,#6FD84B
178615,Truman State University,#6FD84B
178624,Northwest Missouri State University,#6FD84B
178679,Ozark Christian College,#6FD84B
178697,College of the Ozarks,#6ED84B
178721,Park University,#6ED84B
178767,Stevens-The Institute of Business & Arts,#6ED84B
178828,Poplar Bluff Technical Career Center,#6ED84B
178891,Ranken Technical College,#6ED84B
178989,Research College of Nursing,#6ED84B
179043,Rockhurst University,#6ED84B
179052,Rolla Technical Institute/Center,#6ED84B
179159,Saint Louis University,#6DD84B
179195,Salem College of Hairstyling,#6DD84B
179229,American College of Hair Design Inc,#6DD84B
179256,Saint Louis Christian College,#6DD84B
179265,University of Health Sciences and Pharmacy in St. Louis,#6DD84B
179308,Saint Louis Community College,#6DD84B
179317,Saint Paul School of Theology,#6DD84B
179326,Southwest Baptist University,#6CD84B
179344,Missouri State University-West Plains,#6CD84B
179511,St Louis College of Health Careers-St Louis,#6CD84B
179539,State Fair Community College,#6CD84B
179548,Stephens College,#6CD84B
179557,Southeast Missouri State University,#6CD84B
179566,Missouri State University-Springfield,#6CD84B
179645,Three Rivers College,#6CD84B
179715,North Central Missouri College,#6BD84B
179812,Kansas City University,#6BD84B
179867,Washington University in St Louis,#6BD84B
179894,Webster University,#6BD84B
179946,Westminster College,#6BD84B
179955,William Jewell College,#6BD84B
179964,William Woods University,#6BD84B
179991,Academy of Cosmetology Inc,#6AD84B
180054,Blackfeet Community College,#6AD84B
180063,Butte Academy of Beauty Culture,#6AD84B
180081,Highlands College of Montana Tech,#6AD84B
180090,Crevier's Academy of Cosmetology Arts,#6AD84B
180106,Carroll College,#6AD84B
180151,Dawson Community College,#6AD84B
180160,Chief Dull Knife College,#6AD84B
180179,Montana State University Billings,#69D84B
180197,Flathead Valley Community College,#69D84B
180203,Aaniiih Nakoda College,#69D84B
180212,Fort Peck Community College,#69D84B
180249,Great Falls College Montana State University,#69D84B
180258,University of Providence,#69D84B
180276,Helena College University of Montana,#69D84B
180328,Little Big Horn College,#68D84B
180373,Miles Community College,#68D84B
180416,Montana Technological University,#68D84B
180461,Montana State University,#68D84B
180489,The University of Montana,#68D84B
180522,Montana State University-Northern,#68D84B
180595,Rocky Mountain College,#68D84B
180647,Salish Kootenai College,#67D84B
180692,The University of Montana-Western,#67D84B
180717,Yellowstone Christian College,#67D84B
180814,Bellevue University,#67D84B
180832,Clarkson College,#67D84B
180878,Bryan College of Health Sciences,#67D84B
180902,Central Community College,#67D84B
180948,Chadron State College,#67D84B
180957,College of Hair Design-Downtown,#66D84B
180984,Concordia University-Nebraska,#66D84B
181002,Creighton University,#66D84B
181020,Doane University,#66D84B
181127,Hastings College,#66D84B
181145,CHI Health School of Radiologic Technology,#66D84B
181190,Joseph's College Cosmetology,#66D84B
181215,University of Nebraska at Kearney,#65D84B
181297,Nebraska Methodist College of Nursing & Allied Health,#65D84B
181303,Metropolitan Community College Area,#65D84B
181312,Mid-Plains Community College,#65D84B
181330,Midland University,#65D84B
181394,University of Nebraska at Omaha,#65D84B
181419,Nebraska Indian Community College,#65D84B
181428,University of Nebraska Medical Center,#65D84B
181446,Nebraska Wesleyan University,#64D84B
181464,University of Nebraska-Lincoln,#64D84B
181491,Northeast Community College,#64D84B
181534,Peru State College,#64D84B
181543,Summit Christian College,#64D84B
181604,College of Saint Mary,#64D84B
181640,Southeast Community College Area,#64D84B
181738,Union College,#63D84B
181747,University of Nebraska-Central Administration System Office,#63D84B
181765,Nebraska College of Technical Agriculture,#63D84B
181783,Wayne State College,#63D84B
181817,Western Nebraska Community College,#63D84B
181853,York College,#63D84B
181880,Academy of Hair Design-Las Vegas,#63D84B
181941,Career College of Northern Nevada,#63D84B
182005,College of Southern Nevada,#62D84B
182148,Las Vegas College,#62D84B
182281,University of Nevada-Las Vegas,#62D84B
182290,University of Nevada-Reno,#62D84B
182306,Great Basin College,#62D84B
182458,Sierra Nevada University,#62D84B
182500,Truckee Meadows Community College,#62D84B
182519,Nevada System of Higher Education-System Office,#61D84B
182564,Western Nevada College,#61D84B
182634,Colby-Sawyer College,#61D84B
182652,Continental Academie of Hair Design-Hudson,#61D84B
182670,Dartmouth College,#00693E
182704,Empire Beauty School-Laconia,#61D84B
182722,Empire Beauty School-Somersworth,#61D84B
182795,Franklin Pierce University,#61D84B
182829,University of New Hampshire-Franklin Pierce School of Law,#60D84B
182892,Keene Beauty Academy,#60D84B
182917,Magdalen College,#60D84B
182953,Michael's School of Hair Design & Esthetics,#60D84B
182980,New England College,#60D84B
182999,New England School of Hair Design,#60D84B
183026,Southern New Hampshire University,#60D84B
183035,New Hampshire Institute for Therapeutic Arts,#5FD84B
183044,University of New Hampshire-Main Campus,#5FD84B
183062,Keene State College,#5FD84B
183071,University of New Hampshire at Manchester,#5FD84B
183080,Plymouth State University,#5FD84B
183099,NHTI-Concord's Community College,#5FD84B
183105,White Mountains Community College,#5FD84B
183114,River Valley Community College,#5ED84B
183123,Lakes Region Community College,#5ED84B
183132,Manchester Community College,#5ED84B
183141,Nashua Community College,#5ED84B
183150,Great Bay Community College,#5ED84B
183202,Paul Mitchell the School-Portsmouth,#5ED84B
183211,Rivier University,#5ED84B
183239,Saint Anselm College,#5ED84B
183248,St Joseph School of Nursing,#5DD84B
183257,Granite State College,#5DD84B
183275,Thomas More College of Liberal Arts,#5DD84B
183327,University System of New Hampshire System Office,#5DD84B
183488,Eastwick College-Hackensack,#5DD84B
183600,Assumption College for Sisters,#5DD84B
183655,Atlantic Cape Community College,#5DD84B
183725,Fortis Institute-Wayne,#5CD84B
183743,Bergen Community College,#5CD84B
183789,Berkeley College-Woodland Park,#5CD84B
183804,Beth Medrash Govoha,#5CD84B
183822,Bloomfield College,#5CD84B
183859,Brookdale Community College,#5CD84B
183877,Rowan College at Burlington County,#5CD84B
183910,Caldwell University,#5CD84B
183938,Camden County College,#5BD84B
183974,Centenary University,#5BD84B
183983,Adult and Continuing Education-BCTS,#5BD84B
184056,Lincoln Technical Institute-Iselin,#5BD84B
184092,American Institute-Clifton,#5BD84B
184180,County College of Morris,#5BD84B
184205,Rowan College South Jersey Cumberland Campus,#5BD84B
184278,Divers Academy International,#5AD84B
184348,Drew University,#5AD84B
184427,Lincoln Technical Institute-South Plainfield,#5AD84B
184481,Essex County College,#5AD84B
184506,Empire Beauty School-Union,#5AD84B
184603,Fairleigh Dickinson University-Metropolitan Campus,#5AD84B
184612,Felician University,#5AD84B
184694,Fairleigh Dickinson University-Florham Campus,#5AD84B
184746,Hohokus School of Trade and Technical Sciences,#59D84B
184773,Georgian Court University,#59D84B
184782,Rowan University,#59D84B
184791,Rowan College of South Jersey Gloucester Campus,#59D84B
184816,Empire Beauty School-Cherry Hill,#59D84B
184959,Eastwick College-Ramsey,#59D84B
184968,Holy Name Medical Center-Sister Claire Tynan School of Nursing,#59D84B
184995,Hudson County Community College,#58D84B
185129,New Jersey City University,#58D84B
185174,Joe Kubert School of Cartoon and Graphic Art,#58D84B
185262,Kean University,#58D84B
185396,Lincoln Technical Institute-Union,#58D84B
185466,Rizzieri Aveda School for Beauty and Wellness,#58D84B
185509,Mercer County Community College,#58D84B
185536,Middlesex College,#58D84B
185572,Monmouth University,#57D84B
185590,Montclair State University,#57D84B
185679,JFK Muhlenberg Harold B. and Dorothy A. Snyder Schools,#57D84B
185721,Eastwick College-Nutley,#57D84B
185758,New Brunswick Theological Seminary,#57D84B
185767,Robert Fiance Beauty Schools-West New York,#57D84B
185828,New Jersey Institute of Technology,#57D84B
185873,Ocean County College,#56D84B
185970,P B Cosmetology Education Center,#56D84B
186016,Parisian Beauty School,#56D84B
186034,Passaic County Community College,#56D84B
186052,Pennco Tech-Blackwood,#56D84B
186122,Princeton Theological Seminary,#56D84B
186131,Princeton University,#EE7F2D
186186,Rabbinical College of America,#55D84B
186201,Ramapo College of New Jersey,#55D84B
186274,Robert Fiance Beauty Schools,#55D84B
186283,Rider University,#55D84B
186371,Rutgers University-Camden,#55D84B
186380,Rutgers University-New Brunswick,#55D84B
186399,Rutgers University-Newark,#55D84B
186405,St Francis Medical Center-School of Radiologic Technology,#55D84B
186423,Saint Francis Medical Center School of Nursing,#54D84B
186432,Saint Peter's University,#54D84B
186469,Salem Community College,#54D84B
186584,Seton Hall University,#54D84B
186593,Shore Beauty School,#54D84B
186618,Saint Elizabeth University,#54D84B
186645,Raritan Valley Community College,#54D84B
186867,Stevens Institute of Technology,#53D84B
186876,Stockton University,#53D84B
186900,Talmudical Academy-New Jersey,#53D84B
187000,Aviation Institute of Maintenance-Teterboro,#53D84B
187046,Thomas Edison State University,#53D84B
187134,The College of New Jersey,#53D84B
187198,Union County College,#53D84B
187444,William Paterson University of New Jersey,#53D84B
187505,Olympian Academy of Cosmetology,#52D84B
187532,Central New Mexico Community College,#52D84B
187596,Navajo Technical University,#52D84B
187620,New Mexico State University-Dona Ana,#52D84B
187639,Clovis Community College,#52D84B
187648,Eastern New Mexico University-Main Campus,#52D84B
187666,Eastern New Mexico University-Roswell Campus,#52D84B
187745,Institute of American Indian and Alaska Native Culture and Arts Development,#51D84B
187897,New Mexico Highlands University,#51D84B
187903,New Mexico Junior College,#51D84B
187912,New Mexico Military Institute,#51D84B
187958,University of New Mexico-Gallup Campus,#51D84B
187967,New Mexico Institute of Mining and Technology,#51D84B
187976,University of New Mexico-Los Alamos Campus,#51D84B
187985,University of New Mexico-Main Campus,#51D84B
187994,New Mexico State University-Alamogordo,#50D84B
188003,Southeast New Mexico College,#50D84B
188021,New Mexico State University-Grants,#50D84B
188030,New Mexico State University-Main Campus,#50D84B
188049,University of New Mexico-Valencia County Campus,#50D84B
188058,Northern New Mexico College,#50D84B
188100,San Juan College,#50D84B
188137,Santa Fe Community College,#4FD84B
188182,University of the Southwest,#4FD84B
188207,Southwestern College,#4FD84B
188216,Southwestern Indian Polytechnic Institute,#4FD84B
188225,University of New Mexico-Taos Campus,#4FD84B
188261,Mesalands Community College,#4FD84B
188289,Vogue College of Cosmetology-Santa Fe,#4FD84B
188304,Western New Mexico University,#4ED84B
188340,Vaughn College of Aeronautics and Technology,#4ED84B
188429,Adelphi University,#4ED84B
188438,SUNY Adirondack,#4ED84B
188517,Bryant & Stratton College-Albany,#4ED84B
188526,Albany College of Pharmacy and Health Sciences,#4ED84B
188535,Albany Law School,#4ED84B
188580,Albany Medical College,#4ED84B
188641,Alfred University,#4DD84B
188650,Allen School-Brooklyn,#4DD84B
188669,The Ailey School,#4DD84B
188678,American Academy of Dramatic Arts-New York,#4DD84B
188687,American Academy McAllister Institute of Funeral Service,#4DD84B
188696,Joffrey Ballet School,#4DD84B
188854,American Musical and Dramatic Academy,#4DD84B
188890,Apex Technical School,#4CD84B
188915,Arnot Ogden Medical Center,#4CD84B
188942,Associated Beth Rivkah Schools,#4CD84B
189015,Bank Street College of Education,#4CD84B
189088,Bard College,#4CD84B
189097,Barnard College,#4CD84B
189219,Berk Trade and Business School,#4CD84B
189228,Berkeley College-New York,#4CD84B
189255,Berkowits School of Electrolysis,#4BD84B
189273,Beth Hamedrash Shaarei Yosher Institute,#4BD84B
189282,Phillips School of Nursing at Mount Sinai Beth Israel,#4BD84C
189404,Brittany Beauty Academy,#4BD84C
189413,Boricua College,#4BD84C
189468,Brittany Beauty Academy,#4BD84C
189477,American Beauty School,#4BD84C
189501,Brooklyn Law School,#4BD84C
189547,SUNY Broome Community College,#4BD84C
189565,Bryant & Stratton College-Syracuse North,#4BD84D
189583,Bryant & Stratton College-Buffalo,#4BD84D
189592,Bryant & Stratton College-Greece,#4BD84D
189705,Canisius College,#4BD84D
189714,Capri Cosmetology Learning Centers,#4BD84D
189811,St Paul's School of Nursing-Queens,#4BD84D
189839,Cayuga County Community College,#4BD84D
189848,Cazenovia College,#4BD84D
189857,Central Yeshiva Tomchei Tmimim Lubavitz,#4BD84E
189981,Christ the King Seminary,#4BD84E
189990,"Christine Valmy International School for Esthetics, Skin Care & Makeup",#4BD84E
190008,Circle in the Square Theatre School,#4BD84E
190035,CUNY System Office,#4BD84E
190044,Clarkson University,#4BD84E
190053,Clinton Community College,#4BD84E
190071,Cochran School of Nursing,#4BD84F
190080,Colgate Rochester Crozer Divinity School,#4BD84F
190099,Colgate University,#4BD84F
190114,Metropolitan College of New York,#4BD84F
190150,Columbia University in the City of New York,#9BDDFF
190169,Columbia-Greene Community College,#4BD84F
190239,Empire Beauty School-Queens,#4BD84F
190248,Concordia College,#4BD84F
190318,Continental School of Beauty Culture-Rochester,#4BD850
190372,Cooper Union for the Advancement of Science and Art,#4BD850
190415,Cornell University,#B31B1B
190424,Weill Medical College of Cornell University,#4BD850
190442,SUNY Corning Community College,#4BD850
190451,Pomeroy College of Nursing at Crouse Hospital,#4BD850
190503,Culinary Institute of America,#4BD850
190512,CUNY Bernard M Baruch College,#4BD851
190521,CUNY Borough of Manhattan Community College,#4BD851
190530,CUNY Bronx Community College,#4BD851
190549,CUNY Brooklyn College,#4BD851
190558,College of Staten Island CUNY,#4BD851
190567,CUNY City College,#4BD851
190576,CUNY Graduate School and University Center,#4BD851
190585,CUNY Hostos Community College,#4BD852
190594,CUNY Hunter College,#4BD852
190600,CUNY John Jay College of Criminal Justice,#4BD852
190619,CUNY Kingsborough Community College,#4BD852
190628,CUNY LaGuardia Community College,#4BD852
190637,CUNY Lehman College,#4BD852
190646,CUNY Medgar Evers College,#4BD852
190655,CUNY New York City College of Technology,#4BD852
190664,CUNY Queens College,#4BD853
190673,CUNY Queensborough Community College,#4BD853
190682,CUNY School of Law,#4BD853
190691,CUNY York College,#4BD853
190707,CVPH Medical Center School of Radiologic Technology,#4BD853
190716,D'Youville College,#4BD853
190725,Daemen University,#4BD853
190752,Yeshiva of Far Rockaway Derech Ayson Rabbinical Seminary,#4BD854
190761,Dominican College of Blauvelt,#4BD854
190840,Dutchess Community College,#4BD854
190956,Belanger School of Nursing,#4BD854
190974,Elmira Business Institute,#4BD854
190983,Elmira College,#4BD854
191083,Erie Community College,#4BD854
191126,Fashion Institute of Technology,#4BD854
191199,Finger Lakes Community College,#4BD855
191205,Five Towns College,#4BD855
191241,Fordham University,#4BD855
191287,The International Culinary Center,#4BD855
191302,Fulton-Montgomery Community College,#4BD855
191311,Gemological Institute of America-New York,#4BD855
191320,The General Theological Seminary,#4BD855
191339,Genesee Community College,#4BD856
191515,Hamilton College,#4BD856
191533,Hartwick College,#4BD856
191597,Helene Fuld College of Nursing,#4BD856
191612,Herkimer County Community College,#4BD856
191621,Hilbert College,#4BD856
191630,Hobart William Smith Colleges,#4BD856
191649,Hofstra University,#4BD856
191676,Houghton College,#4BD857
191719,Hudson Valley Community College,#4BD857
191728,Hunter Business School,#4BD857
191931,Iona College,#4BD857
191940,Isabella Graham Hart School of Practical Nursing,#4BD857
191959,Island Drafting and Technical Institute,#4BD857
191968,Ithaca College,#4BD857
191986,Jamestown Community College,#4BD858
192004,Jamestown Business College,#4BD858
192022,Jefferson Community College,#4BD858
192040,Jewish Theological Seminary of America,#4BD858
192110,The Juilliard School,#4BD858
192165,Kehilath Yakov Rabbinical Seminary,#4BD858
192192,Keuka College,#4BD858
192271,LIM College,#4BD858
192323,Le Moyne College,#4BD859
192448,Long Island University,#4BD859
192484,Long Island Beauty School-Hempstead,#4BD859
192509,Long Island Business Institute,#4BD859
192624,Machzikei Hadath Rabbinical College,#4BD859
192688,Mandl School-The College of Allied Health,#4BD859
192703,Manhattan College,#4BD859
192712,Manhattan School of Music,#4BD85A
192749,Manhattanville College,#4BD85A
192785,Maria College of Albany,#4BD85A
192800,Marion S Whelan School of Nursing of Geneva General Hospital,#4BD85A
192819,Marist College,#4BD85A
192864,Marymount Manhattan College,#4BD85A
192925,Medaille College,#4BD85A
192961,St. Peter's Hospital College of Nursing,#4BD85B
192970,Memorial Hospital School of Radiation Therapy Technology,#4BD85B
193016,Mercy College,#4BD85B
193052,Mesivta Torah Vodaath Rabbinical Seminary,#4BD85B
193061,Mesivta of Eastern Parkway-Yeshiva Zichron Meilech,#4BD85B
193070,Mesivtha Tifereth Jerusalem of America,#4BD85B
193122,Southern Westchester BOCES-Practical Nursing Program,#4BD85B
193186,Midway Paris Beauty School,#4BD85B
193201,Mildred Elley School-Albany Campus,#4BD85C
193247,Mirrer Yeshiva Cent Institute,#4BD85C
193265,Modern Welding School,#4BD85C
193283,Mohawk Valley Community College,#4BD85C
193292,Molloy College,#4BD85C
193308,Monroe College,#4BD85C
193326,Monroe Community College,#4BD85C
193353,Mount Saint Mary College,#4BD85D
193380,Montefiore School of Nursing,#4BD85D
193399,College of Mount Saint Vincent,#4BD85D
193405,Icahn School of Medicine at Mount Sinai,#4BD85D
193478,Nassau Community College,#4BD85D
193584,Nazareth College,#4BD85D
193609,Neighborhood Playhouse School of the Theater,#4BD85D
193654,The New School,#4BD85D
193672,The New School Center for Media,#4BD85E
193751,Northeast College of Health Sciences,#4BD85E
193821,New York Law School,#4BD85E
193830,New York Medical College,#4BD85E
193858,New York School for Medical and Dental Assistants,#4BD85E
193894,New York Theological Seminary,#4BD85E
193900,New York University,#57068C
193946,Niagara County Community College,#4BD85F
193973,Niagara University,#4BD85F
193991,Empire Beauty School-Peekskill,#4BD85F
194028,North Country Community College,#4BD85F
194073,New York College of Podiatric Medicine,#4BD85F
194091,New York Institute of Technology,#4BD85F
194116,New York School of Interior Design,#4BD85F
194161,Nyack College,#4BD85F
194189,Ohr Hameir Theological Seminary,#4BD860
194222,Onondaga Community College,#4BD860
194240,Orange County Community College,#4BD860
194259,Otsego Area BOCES-Practical Nursing Program,#4BD860
194310,Pace University,#4BD860
194392,Paul Smiths College of Arts and Science,#4BD860
194435,Continental School of Beauty Culture-West Seneca,#4BD860
194499,Plaza College,#4BD861
194569,Davis College,#4BD861
194578,Pratt Institute-Main,#4BD861
194657,Rabbinical Academy Mesivta Rabbi Chaim Berlin,#4BD861
194666,Rabbinical College Bobover Yeshiva Bnei Zion,#4BD861
194693,Rabbinical College Beth Shraga,#4BD861
194718,Rabbinical Seminary Mkor Chaim,#4BD861
194736,Rabbinical College of Long Island,#4BD861
194763,Rabbinical Seminary of America,#4BD862
194824,Rensselaer Polytechnic Institute,#4BD862
194958,Roberts Wesleyan College,#4BD862
195003,Rochester Institute of Technology,#4BD862
195030,University of Rochester,#4BD862
195049,Rockefeller University,#4BD862
195058,Rockland Community College,#4BD862
195067,Empire Beauty School-Manhattan,#4BD863
195128,Russell Sage College,#4BD863
195155,St Bernard's School of Theology and Ministry,#4BD863
195164,St Bonaventure University,#4BD863
195173,St. Francis College,#4BD863
195191,St. Joseph's College of Nursing,#4BD863
195216,St Lawrence University,#4BD863
195234,The College of Saint Rose,#4BD864
195243,St. Thomas Aquinas College,#4BD864
195289,Samaritan Hospital School of Nursing,#4BD864
195304,Sarah Lawrence College,#4BD864
195322,Schenectady County Community College,#4BD864
195438,Sh'or Yoshuv Rabbinical College,#4BD864
195474,Siena College,#4BD864
195526,Skidmore College,#4BD864
195544,St. Joseph's University-New York,#4BD865
195580,Saint Vladimirs Orthodox Theological Seminary,#4BD865
195702,Saint Elizabeth College of Nursing,#4BD865
195720,Saint John Fisher College,#4BD865
195784,St Paul's School of Nursing-Staten Island,#4BD865
195809,St. John's University-New York,#4BD865
195827,SUNY-System Office,#4BD865
195988,Sullivan County Community College,#4BD866
196006,SUNY College of Technology at Alfred,#4BD866
196015,SUNY College of Technology at Canton,#4BD866
196024,SUNY College of Technology at Delhi,#4BD866
196033,SUNY College of Agriculture and Technology at Cobleskill,#4BD866
196042,Farmingdale State College,#4BD866
196051,SUNY Morrisville,#4BD866
196060,SUNY at Albany,#4BD866
196079,Binghamton University,#4BD867
196088,University at Buffalo,#4BD867
196097,Stony Brook University,#4BD867
196103,SUNY College of Environmental Science and Forestry,#4BD867
196112,SUNY Polytechnic Institute,#4BD867
196121,SUNY Brockport,#4BD867
196130,SUNY Buffalo State,#4BD867
196149,SUNY Cortland,#4BD868
196158,SUNY at Fredonia,#4BD868
196167,SUNY College at Geneseo,#4BD868
196176,State University of New York at New Paltz,#4BD868
196185,SUNY Oneonta,#4BD868
196194,SUNY College at Oswego,#4BD868
196200,SUNY College at Potsdam,#4BD868
196219,SUNY at Purchase College,#4BD868
196228,SUNY College of Optometry,#4BD869
196237,SUNY College at Old Westbury,#4BD869
196246,SUNY College at Plattsburgh,#4BD869
196255,SUNY Downstate Health Sciences University,#4BD869
196264,SUNY Empire State College,#4BD869
196291,SUNY Maritime College,#4BD869
196307,Upstate Medical University,#4BD869
196389,Swedish Institute a College of Health Sciences,#4BD86A
196413,Syracuse University,#4BD86A
196431,Talmudical Seminary Oholei Torah,#4BD86A
196440,Talmudical Institute of Upstate New York,#4BD86A
196468,Teachers College at Columbia University,#4BD86A
196565,Tompkins Cortland Community College,#4BD86A
196583,Torah Temimah Talmudical Seminary,#4BD86A
196592,Touro College,#4BD86B
196653,Trocaire College,#4BD86B
196680,Excelsior College,#4BD86B
196699,Ulster County Community College,#4BD86B
196866,Union College,#4BD86B
196884,Union Theological Seminary in the City of New York,#4BD86B
197018,United Talmudical Seminary,#4BD86B
197027,United States Merchant Marine Academy,#4BD86B
197036,United States Military Academy,#4BD86C
197045,Utica University,#4BD86C
197133,Vassar College,#4BD86C
197142,Villa Maria College,#4BD86C
197151,School of Visual Arts,#4BD86C
197197,Wagner College,#4BD86C
197221,Webb Institute,#4BD86C
197230,Wells College,#4BD86D
197285,The College of Westchester,#4BD86D
197294,SUNY Westchester Community College,#4BD86D
197337,Westchester School of Beauty Culture,#4BD86D
197531,Word of Life Bible Institute,#4BD86D
197601,Yeshiva Karlin Stolin,#4BD86D
197647,Yeshiva Derech Chaim,#4BD86D
197674,Yeshiva of Nitra Rabbinical College,#4BD86D
197692,Yeshiva Shaar Hatorah,#4BD86E
197708,Yeshiva University,#4BD86E
197735,Yeshivath Viznitz,#4BD86E
197744,Yeshivath Zichron Moshe,#4BD86E
197814,College of the Albemarle,#4BD86E
197850,South Piedmont Community College,#4BD86E
197869,Appalachian State University,#4BD86E
197887,Asheville-Buncombe Technical Community College,#4BD86F
197911,Barton College,#4BD86F
197966,Beaufort County Community College,#4BD86F
197984,Belmont Abbey College,#4BD86F
197993,Bennett College,#4BD86F
198011,Bladen Community College,#4BD86F
198039,Blue Ridge Community College,#4BD86F
198066,Brevard College,#4BD86F
198084,Brunswick Community College,#4BD870
198109,Cabarrus College of Health Sciences,#4BD870
198118,Caldwell Community College and Technical Institute,#4BD870
198136,Campbell University,#4BD870
198154,Cape Fear Community College,#4BD870
198190,Carolina School of Broadcasting,#4BD870
198206,Carteret Community College,#4BD870
198215,Catawba College,#4BD871
198233,Catawba Valley Community College,#4BD871
198251,Central Carolina Community College,#4BD871
198260,Central Piedmont Community College,#4BD871
198303,Chowan University,#4BD871
198321,Cleveland Community College,#4BD871
198330,Coastal Carolina Community College,#4BD871
198367,Craven Community College,#4BD871
198376,Davidson-Davie Community College,#4BD872
198385,Davidson College,#4BD872
198419,Duke University,#012169
198455,Durham Technical Community College,#4BD872
198464,East Carolina University,#4BD872
198491,Edgecombe Community College,#4BD872
198507,Elizabeth City State University,#4BD872
198516,Elon University,#4BD873
198534,Fayetteville Technical Community College,#4BD873
198543,Fayetteville State University,#4BD873
198552,Forsyth Technical Community College,#4BD873
198561,Gardner-Webb University,#4BD873
198570,Gaston College,#4BD873
198598,Greensboro College,#4BD873
198613,Guilford College,#4BD874
198622,Guilford Technical Community College,#4BD874
198640,Halifax Community College,#4BD874
198668,Haywood Community College,#4BD874
198677,Heritage Bible College,#4BD874
198695,High Point University,#4BD874
198710,Isothermal Community College,#4BD874
198729,James Sprunt Community College,#4BD874
198756,Johnson C Smith University,#4BD875
198774,Johnston Community College,#4BD875
198808,Lees-McRae College,#4BD875
198817,Lenoir Community College,#4BD875
198835,Lenoir-Rhyne University,#4BD875
198844,Leons Beauty School Inc,#4BD875
198862,Livingstone College,#4BD875
198871,Louisburg College,#4BD876
198899,Mars Hill University,#4BD876
198905,Martin Community College,#4BD876
198914,Mayland Community College,#4BD876
198923,McDowell Technical Community College,#4BD876
198950,Meredith College,#4BD876
198969,Methodist University,#4BD876
198978,Miller-Motte College-Wilmington,#4BD876
198987,Mitchell Community College,#4BD877
199005,Mitchells Academy,#4BD877
199023,Montgomery Community College,#4BD877
199032,Montreat College,#4BD877
199069,University of Mount Olive,#4BD877
199078,College of Wilmington,#4BD877
199087,Nash Community College,#4BD877
199102,North Carolina A & T State University,#4BD878
199111,University of North Carolina at Asheville,#4BD878
199120,University of North Carolina at Chapel Hill,#4BD878
199139,University of North Carolina at Charlotte,#4BD878
199148,University of North Carolina at Greensboro,#4BD878
199157,North Carolina Central University,#4BD878
199175,University of North Carolina System,#4BD878
199184,University of North Carolina School of the Arts,#4BD878
199193,North Carolina State University at Raleigh,#4BD879
199209,North Carolina Wesleyan College,#4BD879
199218,University of North Carolina Wilmington,#4BD879
199263,Pamlico Community College,#4BD879
199272,William Peace University,#4BD879
199281,University of North Carolina at Pembroke,#4BD879
199306,Pfeiffer University,#4BD879
199324,Piedmont Community College,#4BD87A
199333,Pitt Community College,#4BD87A
199412,Queens University of Charlotte,#4BD87A
199421,Randolph Community College,#4BD87A
199449,Richmond Community College,#4BD87A
199458,Mid-Atlantic Christian University,#4BD87A
199467,Roanoke-Chowan Community College,#4BD87A
199476,Robeson Community College,#4BD87A
199485,Rockingham Community College,#4BD87B
199494,Rowan-Cabarrus Community College,#4BD87B
199582,Saint Augustine's University,#4BD87B
199607,Salem College,#4BD87B
199625,Sampson Community College,#4BD87B
199634,Sandhills Community College,#4BD87B
199643,Shaw University,#4BD87B
199689,Paul Mitchell the School-Fayetteville,#4BD87C
199698,St. Andrews University,#4BD87C
199722,Southeastern Community College,#4BD87C
199731,Southwestern Community College,#4BD87C
199740,Stanly Community College,#4BD87C
199759,Southeastern Baptist Theological Seminary,#4BD87C
199768,Surry Community College,#4BD87C
199786,Alamance Community College,#4BD87D
199795,Tri-County Community College,#4BD87D
199838,Vance-Granville Community College,#4BD87D
199847,Wake Forest University,#4BD87D
199856,Wake Technical Community College,#4BD87D
199865,Warren Wilson College,#4BD87D
199883,Watts School of Nursing,#4BD87D
199892,Wayne Community College,#4BD87D
199908,Western Piedmont Community College,#4BD87E
199926,Wilkes Community College,#4BD87E
199953,Wilson Community College,#4BD87E
199962,Wingate University,#4BD87E
199971,Carolina Christian College,#4BD87E
199980,Winston Salem Barber School,#4BD87E
199999,Winston-Salem State University,#4BD87E
200004,Western Carolina University,#4BD87F
200013,Rasmussen University-North Dakota,#4BD87F
200022,Bismarck State College,#4BD87F
200059,Dickinson State University,#4BD87F
200086,Nueta Hidatsa Sahnish College,#4BD87F
200110,"Josef's School of Hair, Skin & Body-Grand Forks",#4BD87F
200156,University of Jamestown,#4BD87F
200192,Lake Region State College,#4BD87F
200208,Cankdeska Cikana Community College,#4BD880
200217,University of Mary,#4BD880
200226,Mayville State University,#4BD880
200253,Minot State University,#4BD880
200280,University of North Dakota,#4BD880
200305,North Dakota State College of Science,#4BD880
200314,Dakota College at Bottineau,#4BD880
200332,North Dakota State University-Main Campus,#4BD881
200341,Williston State College,#4BD881
200466,Sitting Bull College,#4BD881
200484,Trinity Bible College and Graduate School,#4BD881
200527,Turtle Mountain Community College,#4BD881
200554,United Tribes Technical College,#4BD881
200572,Valley City State University,#4BD881
200590,ETI Technical College,#4BD881
200697,Air Force Institute of Technology-Graduate School of Engineering & Management,#4BD882
200785,Herzing University-Akron,#4BD882
200800,University of Akron Main Campus,#4BD882
200846,University of Akron Wayne College,#4BD882
200873,Allegheny Wesleyan College,#4BD882
201034,Apollo Career Center,#4BD882
201061,Art Academy of Cincinnati,#4BD882
201098,Ashland County-West Holmes Career Center,#4BD883
201104,Ashland University,#4BD883
201131,Ashtabula County Technical and Career Campus,#4BD883
201140,Athenaeum of Ohio,#4BD883
201159,Auburn Career Center,#4BD883
201177,Aultman College of Nursing and Health Sciences,#4BD883
201195,Baldwin Wallace University,#4BD883
201283,Belmont College,#4BD884
201371,Bluffton University,#4BD884
201432,Bowling Green State University-Firelands,#4BD884
201441,Bowling Green State University-Main Campus,#4BD884
201469,Bryant & Stratton College-Parma,#4BD884
201478,Buckeye Hills Career Center,#4BD884
201496,Butler Technology and Career Development Schools,#4BD884
201539,Canton City Schools Adult Career and Technical Education,#4BD884
201548,Capital University,#4BD885
201645,Case Western Reserve University,#4BD885
201654,Cedarville University,#4BD885
201672,Central Ohio Technical College,#4BD885
201681,Central School of Practical Nursing,#4BD885
201690,Central State University,#4BD885
201751,Chatfield College,#4BD885
201803,Choffin Career  and Technical Center,#4BD886
201821,The Christ College of Nursing and Health Sciences,#4BD886
201867,Cincinnati College of Mortuary Science,#4BD886
201885,University of Cincinnati-Main Campus,#4BD886
201928,Cincinnati State Technical and Community College,#4BD886
201946,University of Cincinnati-Clermont College,#4BD886
201955,University of Cincinnati-Blue Ash College,#4BD886
201964,Ohio Christian University,#4BD886
201973,Clark State College,#4BD887
202046,Cleveland Institute of Art,#4BD887
202073,Cleveland Institute of Music,#4BD887
202134,Cleveland State University,#4BD887
202152,Columbiana County Career and Technical Center,#4BD887
202170,Columbus College of Art and Design,#4BD887
202222,Columbus State Community College,#4BD887
202356,Cuyahoga Community College District,#4BD888
202435,Davis College,#4BD888
202453,Dayton Barber College,#4BD888
202480,University of Dayton,#4BD888
202514,Defiance College,#4BD888
202523,Denison University,#4BD888
202648,Edison State Community College,#4BD888
202657,EHOVE Career Center,#4BD888
202763,The University of Findlay,#4BD889
202806,Franklin University,#4BD889
202888,Gerbers Akron Beauty School,#4BD889
202903,Gods Bible School and College,#4BD889
202912,Good Samaritan College of Nursing and Health Science,#4BD889
202949,Great Oaks Career Campuses,#4BD889
202985,Hannah E Mullins School of Practical Nursing,#4BD889
203030,Adult and Community Education-Hudson,#4BD88A
203067,Hebrew Union College-Jewish Institute of Religion,#4BD88A
203085,Heidelberg University,#4BD88A
203128,Hiram College,#4BD88A
203146,Hobart Institute of Welding Technology,#4BD88A
203155,Hocking College,#4BD88A
203234,Ross Medical Education Center-Cincinnati,#4BD88A
203289,International College of Broadcasting,#4BD88A
203331,Eastern Gateway Community College,#4BD88B
203368,John Carroll University,#4BD88B
203386,Hondros College of Nursing,#4BD88B
203438,Casal Aveda Institute,#4BD88B
203447,Kent State University at Ashtabula,#4BD88B
203456,Kent State University at East Liverpool,#4BD88B
203465,Kent State University at Stark,#4BD88B
203474,Kent State University at Trumbull,#4BD88C
203483,Kent State University at Tuscarawas,#4BD88C
203492,Kent State University at Salem,#4BD88C
203517,Kent State University at Kent,#4BD88C
203526,Kent State University at Geauga,#4BD88C
203535,Kenyon College,#4BD88C
203544,Kettering College,#4BD88C
203580,Lake Erie College,#4BD88D
203599,Lakeland Community College,#4BD88D
203614,O C Collins Career Center,#4BD88D
203678,James A. Rhodes State College,#4BD88D
203720,Ohio Business College-Sheffield,#4BD88D
203739,Ohio Business College-Sandusky,#4BD88D
203748,Lorain County Community College,#4BD88D
203757,Lourdes University,#4BD88D
203775,Malone University,#4BD88E
203845,Marietta College,#4BD88E
203881,Marion Technical College,#4BD88E
203942,Medina County Career Center,#4BD88E
203960,Mercy College of Ohio,#4BD88E
203997,Methodist Theological School in Ohio,#4BD88E
204006,Miami University-Hamilton,#4BD88E
204015,Miami University-Middletown,#4BD88F
204024,Miami University-Oxford,#4BD88F
204121,Moler Hollywood Beauty Academy,#4BD88F
204158,Miami Valley Career Technology Center,#4BD88F
204176,Mount Carmel College of Nursing,#4BD88F
204185,University of Mount Union,#4BD88F
204194,Mount Vernon Nazarene University,#4BD88F
204200,Mount Saint Joseph University,#4BD88F
204255,Zane State College,#4BD890
204264,Muskingum University,#4BD890
204334,National Beauty College,#4BD890
204422,North Central State College,#4BD890
204431,Northern Institute of Cosmetology,#4BD890
204440,Northwest State Community College,#4BD890
204459,Toledo Public Schools Adult and Continuing Education,#4BD890
204468,Notre Dame College,#4BD891
204477,Northeast Ohio Medical University,#4BD891
204486,University of Northwestern Ohio,#4BD891
204501,Oberlin College,#4BD891
204608,Ohio Technical College,#4BD891
204617,Ohio Dominican University,#4BD891
204635,Ohio Northern University,#4BD891
204662,Ohio State University Agricultural Technical Institute,#4BD891
204671,Ohio State University-Lima Campus,#4BD892
204680,Ohio State University-Mansfield Campus,#4BD892
204699,Ohio State University-Marion Campus,#4BD892
204705,Ohio State University-Newark Campus,#4BD892
204714,Ohio State Beauty Academy,#4BD892
204723,Ohio State College of Barber Styling,#4BD892
204769,The Spa School,#4BD892
204778,Ohio State School of Cosmetology-Canal Winchester,#4BD893
204796,Ohio State University-Main Campus,#4BD893
204802,Ohio University-Eastern Campus,#4BD893
204820,Ohio University-Chillicothe Campus,#4BD893
204839,Ohio University-Southern Campus,#4BD893
204848,Ohio University-Lancaster Campus,#4BD893
204857,Ohio University-Main Campus,#4BD893
204866,Ohio University-Zanesville Campus,#4BD893
204884,East Ohio College,#4BD894
204893,Trinity Health System School of Nursing,#4BD894
204909,Ohio Wesleyan University,#4BD894
204936,Otterbein University,#4BD894
204945,Owens Community College,#4BD894
204963,Paramount Beauty Academy,#4BD894
204981,Cuyahoga Valley Career Center,#4BD894
204990,Payne Theological Seminary,#4BD895
205027,Pontifical College Josephinum,#4BD895
205054,Professional Skills Institute,#4BD895
205090,Firelands Regional Medical Center School of Nursing,#4BD895
205124,Rabbinical College Telshe,#4BD895
205142,Raphael's School of Beauty Culture Inc-Niles,#4BD895
205179,Fortis College-Centerville,#4BD895
205203,University of Rio Grande,#4BD896
205391,The Modern College of Design,#4BD896
205443,Shawnee State University,#4BD896
205470,Sinclair Community College,#4BD896
205559,Hussian College-Daymar College Columbus,#4BD896
205841,Stark State College,#4BD896
205887,Stautzenberger College-Maumee,#4BD896
205957,Franciscan University of Steubenville,#4BD896
205966,Southern State Community College,#4BD897
206011,Terra State Community College,#4BD897
206039,Tiffin Academy of Hair Design,#4BD897
206048,Tiffin University,#4BD897
206084,University of Toledo,#4BD897
206154,Tri-State Bible College,#4BD897
206172,Tri-County Adult Career Center,#4BD897
206181,Tri-Rivers Career Center,#4BD898
206279,Union Institute & University,#4BD898
206288,United Theological Seminary,#4BD898
206321,Upper Valley Career Center,#4BD898
206349,Ursuline College,#4BD898
206394,The North Coast College,#4BD898
206437,Walsh University,#4BD898
206446,Washington State Community College,#4BD898
206491,Wilberforce University,#4BD899
206507,Wilmington College,#4BD899
206516,Winebrenner Theological Seminary,#4BD899
206525,Wittenberg University,#4BD899
206589,The College of Wooster,#4BD899
206604,Wright State University-Main Campus,#4BD899
206613,Wright State University-Lake Campus,#4BD899
206622,Xavier University,#4BD89A
206695,Youngstown State University,#4BD89A
206817,Bacone College,#4BD89A
206835,Oklahoma Wesleyan University,#4BD89A
206862,Southern Nazarene University,#4BD89A
206905,Pontotoc Technology Center,#4BD89A
206914,Cameron University,#4BD89A
206923,Carl Albert State College,#4BD89A
206932,Central Oklahoma College,#4BD89B
206941,University of Central Oklahoma,#4BD89B
206996,Connors State College,#4BD89B
207041,East Central University,#4BD89B
207050,Eastern Oklahoma State College,#4BD89B
207069,Redlands Community College,#4BD89B
207087,Enid Beauty College,#4BD89B
207102,Eves College of Hairstyling,#4BD89C
207157,Randall University,#4BD89C
207209,Langston University,#4BD89C
207236,Murray State College,#4BD89C
207254,Spartan College of Aeronautics and Technology,#4BD89C
207263,Northeastern State University,#4BD89C
207272,Beauty Technical College Inc,#4BD89C
207281,Northern Oklahoma College,#4BD89D
207290,Northeastern Oklahoma A&M College,#4BD89D
207306,Northwestern Oklahoma State University,#4BD89D
207315,Oklahoma State University Center for Health Sciences,#4BD89D
207324,Oklahoma Christian University,#4BD89D
207342,University of Oklahoma-Health Sciences Center,#4BD89D
207351,Oklahoma Panhandle State University,#4BD89D
207388,Oklahoma State University-Main Campus,#4BD89D
207397,Oklahoma State University-Oklahoma City,#4BD89E
207403,Oklahoma Baptist University,#4BD89E
207449,Oklahoma City Community College,#4BD89E
207458,Oklahoma City University,#4BD89E
207500,University of Oklahoma-Norman Campus,#4BD89E
207564,Oklahoma State University Institute of Technology,#4BD89E
207582,Oral Roberts University,#4BD89E
207661,Rogers State University,#4BD89F
207670,Rose State College,#4BD89F
207704,Jenks Beauty College,#4BD89F
207722,University of Science and Arts of Oklahoma,#4BD89F
207740,Seminole State College,#4BD89F
207786,Southern School of Beauty Inc,#4BD89F
207847,Southeastern Oklahoma State University,#4BD89F
207856,Southwestern Christian University,#4BD89F
207865,Southwestern Oklahoma State University,#4BD8A0
207935,Tulsa Community College,#4BD8A0
207962,Tulsa Welding School-Tulsa,#4BD8A0
207971,University of Tulsa,#4BD8A0
208035,Western Oklahoma State College,#4BD8A0
208044,Formations Institute of Cosmetology & Barbering,#4BD8A0
208053,High Plains Technology Center,#4BD8A0
208275,Blue Mountain Community College,#4BD8A1
208318,Central Oregon Community College,#4BD8A1
208390,Chemeketa Community College,#4BD8A1
208406,Clackamas Community College,#4BD8A1
208415,Clatsop Community College,#4BD8A1
208433,College of Hair Design Careers,#4BD8A1
208479,Concorde Career College-Portland,#4BD8A1
208512,Sumner College,#4BD8A1
208637,East West College of the Healing Arts,#4BD8A2
208646,Eastern Oregon University,#4BD8A2
208725,New Hope Christian College-Eugene,#4BD8A2
208822,George Fox University,#4BD8A2
208859,Phagans Grants Pass College of Beauty,#4BD8A2
209038,Lane Community College,#4BD8A2
209056,Lewis & Clark College,#4BD8A2
209065,Linfield University-McMinnville Campus,#4BD8A3
209074,Linn-Benton Community College,#4BD8A3
209083,Northwest College-Beaverton,#4BD8A3
209153,Phagans Medford Beauty School,#4BD8A3
209205,Northwest College-Clackamas,#4BD8A3
209241,Mount Angel Seminary,#4BD8A3
209250,Mt Hood Community College,#4BD8A3
209287,Multnomah University,#4BD8A3
209296,National University of Natural Medicine,#4BD8A4
209409,Bushnell University,#4BD8A4
209490,Oregon Health & Science University,#4BD8A4
209506,Oregon Institute of Technology,#4BD8A4
209542,Oregon State University,#4BD8A4
209551,University of Oregon,#4BD8A4
209603,Pacific Northwest College of Art,#4BD8A4
209612,Pacific University,#4BD8A5
209667,Phagans Beauty College,#4BD8A5
209676,Phagans Central Oregon Beauty College,#4BD8A5
209694,Phagans School of Beauty,#4BD8A5
209700,Phagans School of Hair Design,#4BD8A5
209719,Summit Salon Academy-Portland,#4BD8A5
209746,Portland Community College,#4BD8A5
209807,Portland State University,#4BD8A6
209825,University of Portland,#4BD8A6
209922,Reed College,#4BD8A6
209940,Rogue Community College,#4BD8A6
210146,Southern Oregon University,#4BD8A6
210155,Southwestern Oregon Community College,#4BD8A6
210234,Treasure Valley Community College,#4BD8A6
210270,Umpqua Community College,#4BD8A6
210304,Warner Pacific University,#4BD8A7
210331,Corban University,#4BD8A7
210340,College of Cosmetology,#4BD8A7
210368,Western Seminary,#4BD8A7
210401,Willamette University,#4BD8A7
210429,Western Oregon University,#4BD8A7
210438,University of Western States,#4BD8A7
210474,Jolie Hair and Beauty Academy-Hazleton,#4BD8A8
210492,Bryn Athyn College of the New Church,#4BD8A8
210508,Academy of Vocal Arts,#4BD8A8
210571,Albright College,#4BD8A8
210599,All-State Career School,#4BD8A8
210605,Community College of Allegheny County,#4BD8A8
210669,Allegheny College,#4BD8A8
210711,The  Beauty Institute,#4BD8A8
210739,DeSales University,#4BD8A9
210748,Altoona Beauty School Inc,#4BD8A9
210775,Alvernia University,#4BD8A9
210784,The Beauty Institute-Ambler,#4BD8A9
210809,American College of Financial Services,#4BD8A9
211006,Automotive Training Center-Exton,#4BD8A9
211024,Clarks Summit University,#4BD8A9
211079,Community College of Beaver County,#4BD8AA
211088,Arcadia University,#4BD8AA
211130,Missio Theological Seminary,#4BD8AA
211158,Bloomsburg University of Pennsylvania,#4BD8AA
211273,Bryn Mawr College,#4BD8AA
211291,Bucknell University,#4BD8AA
211307,Bucks County Community College,#4BD8AA
211316,Bucks County School of Beauty Culture Inc,#4BD8AA
211334,Butler Beauty Academy,#4BD8AB
211343,Butler County Community College,#4BD8AB
211352,Cabrini University,#4BD8AB
211361,California University of Pennsylvania,#4BD8AB
211431,Carlow University,#4BD8AB
211440,Carnegie Mellon University,#4BD8AB
211468,Cedar Crest College,#4BD8AB
211477,Central Penn College,#4BD8AC
211556,Chatham University,#4BD8AC
211583,Chestnut Hill College,#4BD8AC
211608,Cheyney University of Pennsylvania,#4BD8AC
211635,Citizens School of Nursing,#4BD8AC
211644,Clarion University of Pennsylvania,#4BD8AC
211802,DLP Conemaugh Memorial Medical Center,#4BD8AC
211893,Curtis Institute of Music,#4BD8AC
211927,Delaware County Community College,#4BD8AD
211981,Delaware Valley University,#4BD8AD
212009,Dickinson College,#4BD8AD
212045,Douglas Education Center,#4BD8AD
212054,Drexel University,#4BD8AD
212106,Duquesne University,#4BD8AD
212115,East Stroudsburg University of Pennsylvania,#4BD8AD
212133,Eastern University,#4BD8AE
212160,Edinboro University of Pennsylvania,#4BD8AE
212197,Elizabethtown College,#4BD8AE
212230,Empire Beauty School-Lebanon,#4BD8AE
212267,Empire Beauty School-York,#4BD8AE
212276,Empire Beauty School-Lancaster,#4BD8AE
212294,Empire Beauty School-Shamokin Dam,#4BD8AE
212300,Empire Beauty School-Pottsville,#4BD8AF
212328,Empire Beauty  School-Lehigh Valley,#4BD8AF
212337,Empire Beauty School-Gwinnett,#4BD8AF
212355,Empire Beauty School-Wyoming Valley,#4BD8AF
212382,Empire Beauty School-Harrisburg,#4BD8AF
212391,Empire Beauty School-Reading,#4BD8AF
212434,Erie Institute of Technology Inc,#4BD8AF
212443,Evangelical Theological Seminary,#4BD8AF
212577,Franklin and Marshall College,#4BD8B0
212601,Gannon University,#4BD8B0
212656,Geneva College,#4BD8B0
212674,Gettysburg College,#4BD8B0
212753,Empire Beauty School-NE Philadelphia,#4BD8B0
212771,Gratz College,#4BD8B0
212805,Grove City College,#4BD8B0
212832,Gwynedd Mercy University,#4BD8B1
212869,Harcum College,#4BD8B1
212878,Harrisburg Area Community College,#4BD8B1
212911,Haverford College,#4BD8B1
212975,Commonwealth Technical Institute,#4BD8B1
212984,Holy Family University,#4BD8B1
212993,Hussian College-Philadelphia,#4BD8B1
213011,Immaculata University,#4BD8B1
213020,Indiana University of Pennsylvania-Main Campus,#4BD8B2
213163,UPMC Jameson School of Nursing,#4BD8B2
213181,Great Lakes Institute of Technology,#4BD8B2
213215,Jolie Hair and Beauty Academy-Wilkes-Barre,#4BD8B2
213233,Johnson College,#4BD8B2
213251,Juniata College,#4BD8B2
213303,Keystone College,#4BD8B2
213321,King's College,#4BD8B3
213330,Butler Beauty Academy-Kittanning Beauty Academy,#4BD8B3
213349,Kutztown University of Pennsylvania,#4BD8B3
213358,La Roche University,#4BD8B3
213367,La Salle University,#4BD8B3
213376,Lackawanna College,#4BD8B3
213385,Lafayette College,#4BD8B3
213400,Lancaster Bible College,#4BD8B3
213446,Lancaster Theological Seminary,#4BD8B4
213455,Lancaster School of Cosmetology & Therapeutic Bodywork,#4BD8B4
213473,Lansdale School of Business,#4BD8B4
213491,Lansdale School of Cosmetology Inc,#4BD8B4
213507,Lebanon Valley College,#4BD8B4
213525,Lehigh Carbon Community College,#4BD8B4
213534,Miller-Motte College-Berks Technical Institute,#4BD8B4
213543,Lehigh University,#4BD8B5
213552,Levittown Beauty Academy,#4BD8B5
213570,Lincoln Technical Institute-Allentown,#4BD8B5
213589,Lincoln Technical Institute-Philadelphia,#4BD8B5
213598,Lincoln University,#4BD8B5
213613,Lock Haven University,#4BD8B5
213622,UPMC St. Margaret School of Nursing,#4BD8B5
213631,United Lutheran Seminary,#4BD8B6
213659,Luzerne County Community College,#4BD8B6
213668,Lycoming College,#4BD8B6
213774,Manor College,#4BD8B6
213783,Mansfield University of Pennsylvania,#4BD8B6
213826,Marywood University,#4BD8B6
213914,Vet Tech Institute,#4BD8B6
213932,Roxborough Memorial Hospital School of Nursing,#4BD8B6
213987,Mercyhurst University,#4BD8B7
213996,Messiah University,#4BD8B7
214023,ASPIRA City College,#4BD8B7
214041,Millersville University of Pennsylvania,#4BD8B7
214069,Misericordia University,#4BD8B7
214111,Montgomery County Community College,#4BD8B7
214148,Moore College of Art and Design,#4BD8B7
214157,Moravian University,#4BD8B8
214166,Mount Aloysius College,#4BD8B8
214175,Muhlenberg College,#4BD8B8
214272,Neumann University,#4BD8B8
214290,New Castle School of Trades,#4BD8B8
214379,Northampton County Area Community College,#4BD8B8
214476,Heritage Valley Kennedy School of Nursing,#4BD8B8
214528,Orleans Technical College,#4BD8B8
214564,Salus University,#4BD8B9
214582,Pennsylvania Institute of Technology,#4BD8B9
214661,Pennsylvania State System of Higher Education-Central Office,#4BD8B9
214883,Peirce College,#4BD8B9
214892,Penn Commercial Business/Technical School,#4BD8B9
214944,Pennco Tech-Bristol,#4BD8B9
214971,Pennsylvania Academy of the Fine Arts,#4BD8B9
215008,Pennsylvania Gunsmith School,#4BD8BA
215044,Cortiva Institute,#4BD8BA
215053,Pennsylvania College of Art and Design,#4BD8BA
215062,University of Pennsylvania,#01256E
215105,The University of the Arts,#4BD8BA
215114,Cairn University-Langhorne,#4BD8BA
215123,Philadelphia College of Osteopathic Medicine,#4BD8BA
215132,University of the Sciences,#4BD8BA
215239,Community College of Philadelphia,#4BD8BB
215266,University of Pittsburgh-Bradford,#4BD8BB
215275,University of Pittsburgh-Greensburg,#4BD8BB
215284,University of Pittsburgh-Johnstown,#4BD8BB
215293,University of Pittsburgh-Pittsburgh Campus,#4BD8BB
215309,University of Pittsburgh-Titusville,#4BD8BB
215336,Beaver Falls Beauty Academy,#4BD8BB
215381,Pittsburgh Institute of Aeronautics,#4BD8BC
215390,Pittsburgh Institute of Mortuary Science Inc,#4BD8BC
215415,Pittsburgh Technical College,#4BD8BC
215424,Pittsburgh Theological Seminary,#4BD8BC
215442,Point Park University,#4BD8BC
215479,Joseph F McCloskey School of Nursing,#4BD8BC
215530,The Salon Professional Academy-Altoona,#4BD8BC
215585,Reading Area Community College,#4BD8BC
215594,Reading Hospital School of Health Sciences,#4BD8BD
215619,Reconstructionist Rabbinical College,#4BD8BD
215637,Walnut Hill College,#4BD8BD
215655,Robert Morris University,#4BD8BD
215682,Rosedale Technical College,#4BD8BD
215691,Rosemont College,#4BD8BD
215743,Saint Francis University,#4BD8BD
215770,Saint Joseph's University,#4BD8BE
215798,Saint Vincent College,#4BD8BE
215813,Saint Vincent Seminary,#4BD8BE
215886,Schuylkill Technology Center,#4BD8BE
215929,University of Scranton,#4BD8BE
215947,Seton Hill University,#4BD8BE
215974,UPMC Shadyside School of Nursing,#4BD8BE
215983,Sharon Regional School of Nursing,#4BD8BF
215992,Laurel Technical Institute,#4BD8BF
216010,Shippensburg University of Pennsylvania,#4BD8BF
216038,Slippery Rock University of Pennsylvania,#4BD8BF
216047,Saint Charles Borromeo Seminary-Overbrook,#4BD8BF
216074,South Hills Beauty Academy,#4BD8BF
216083,South Hills School of Business & Technology,#4BD8BF
216162,St Lukes Hospital School of Nursing,#4BD8BF
216223,The Beauty Institute,#4BD8C0
216278,Susquehanna University,#4BD8C0
216287,Swarthmore College,#4BD8C0
216296,Thaddeus Stevens College of Technology,#4BD8C0
216311,Talmudical Yeshiva of Philadelphia,#4BD8C0
216339,Temple University,#4BD8C0
216348,Theological Seminary of the Reformed Episcopal Church,#4BD8C0
216357,Thiel College,#4BD8C1
216366,Thomas Jefferson University,#4BD8C1
216436,Triangle Tech Inc-Pittsburgh,#4BD8C1
216445,Triangle Tech Inc-Greensburg,#4BD8C1
216454,Triangle Tech Inc-Dubois,#4BD8C1
216463,Trinity Episcopal School for Ministry,#4BD8C1
216524,Ursinus College,#4BD8C1
216542,University of Valley Forge,#4BD8C1
216551,Valley Forge Military College,#4BD8C2
216579,Venus Beauty Academy,#4BD8C2
216597,Villanova University,#4BD8C2
216630,Washington Health System School of Nursing,#4BD8C2
216667,Washington & Jefferson College,#4BD8C2
216694,Waynesburg University,#4BD8C2
216746,Welder Training and Testing Institute,#4BD8C2
216764,West Chester University of Pennsylvania,#4BD8C3
216773,Western Pennsylvania Hospital School of Nursing,#4BD8C3
216782,Pittsburgh Career Institute,#4BD8C3
216807,Westminster College,#4BD8C3
216816,Westminster Theological Seminary,#4BD8C3
216825,Westmoreland County Community College,#4BD8C3
216852,Widener University,#4BD8C3
216931,Wilkes University,#4BD8C3
216940,Williamson College of the Trades,#4BD8C4
217013,Wilson College,#4BD8C4
217040,Yeshivath Beth Moshe,#4BD8C4
217059,York College of Pennsylvania,#4BD8C4
217077,YTI Career Institute-York,#4BD8C4
217156,Brown University,#4E3629
217165,Bryant University,#4BD8C4
217235,Johnson & Wales University-Providence,#4BD8C5
217305,New England Institute of Technology,#4BD8C5
217323,New England Tractor Trailer Training School of Rhode Island,#4BD8C5
217402,Providence College,#4BD8C5
217420,Rhode Island College,#4BD8C5
217475,Community College of Rhode Island,#4BD8C5
217484,University of Rhode Island,#4BD8C5
217493,Rhode Island School of Design,#4BD8C5
217518,Roger Williams University,#4BD8C6
217536,Salve Regina University,#4BD8C6
217581,Empire Beauty School-Warwick,#4BD8C6
217606,Northpoint Bible College,#4BD8C6
217615,Aiken Technical College,#4BD8C6
217624,Allen University,#4BD8C6
217633,Anderson University,#4BD8C6
217688,Charleston Southern University,#4BD8C7
217712,Technical College of the Lowcountry,#4BD8C7
217721,Benedict College,#4BD8C7
217749,Bob Jones University,#4BD8C7
217776,Southern Wesleyan University,#4BD8C7
217794,Charleston Cosmetology Institute,#4BD8C7
217819,College of Charleston,#4BD8C7
217828,Charzanne Beauty College,#4BD8C8
217837,Northeastern Technical College,#4BD8C8
217864,Citadel Military College of South Carolina,#4BD8C8
217873,Claflin University,#4BD8C8
217882,Clemson University,#4BD8C8
217891,Clinton College,#4BD8C8
217907,Coker University,#4BD8C8
217925,Columbia International University,#4BD8C8
217934,Columbia College,#4BD8C9
217961,Converse University,#4BD8C9
217989,Denmark Technical College,#4BD8C9
217998,Erskine College,#4BD8C9
218025,Florence-Darlington Technical College,#4BD8C9
218061,Francis Marion University,#4BD8C9
218070,Furman University,#4BD8C9
218113,Greenville Technical College,#4BD8CA
218140,Horry-Georgetown Technical College,#4BD8CA
218159,Kenneth Shuler School of Cosmetology-North Augusta,#4BD8CA
218195,Kenneth Shuler School of Cosmetology and Nails-Columbia,#4BD8CA
218229,Lander University,#4BD8CA
218238,Limestone University,#4BD8CA
218335,Medical University of South Carolina,#4BD8CA
218353,Midlands Technical College,#4BD8CA
218399,Morris College,#4BD8CB
218414,Newberry College,#4BD8CB
218441,North Greenville University,#4BD8CB
218487,Orangeburg Calhoun Technical College,#4BD8CB
218520,Piedmont Technical College,#4BD8CB
218539,Presbyterian College,#4BD8CB
218645,University of South Carolina Aiken,#4BD8CB
218654,University of South Carolina Beaufort,#4BD8CC
218663,University of South Carolina-Columbia,#4BD8CC
218672,University of South Carolina-Lancaster,#4BD8CC
218681,University of South Carolina-Salkehatchie,#4BD8CC
218690,University of South Carolina-Sumter,#4BD8CC
218706,University of South Carolina-Union,#4BD8CC
218724,Coastal Carolina University,#4BD8CC
218733,South Carolina State University,#4BD8CC
218742,University of South Carolina-Upstate,#4BD8CD
218751,Sherman College of Chiropractic,#4BD8CD
218821,Spartanburg Methodist College,#4BD8CD
218830,Spartanburg Community College,#4BD8CD
218858,Central Carolina Technical College,#4BD8CD
218867,Sumter Beauty College,#4BD8CD
218885,Tri-County Technical College,#4BD8CD
218894,Trident Technical College,#4BD8CE
218919,Voorhees College,#4BD8CE
218955,Williamsburg Technical College,#4BD8CE
218964,Winthrop University,#4BD8CE
218973,Wofford College,#4BD8CE
218991,York Technical College,#4BD8CE
219000,Augustana University,#4BD8CE
219037,The Salon Professional Academy,#4BD8CF
219046,Black Hills State University,#4BD8CF
219082,Dakota State University,#4BD8CF
219091,Dakota Wesleyan University,#4BD8CF
219125,Paul Mitchell the School-Rapid City,#4BD8CF
219143,Lake Area Technical College,#4BD8CF
219170,Avera McKennan Hospital School of Radiologic Technology,#4BD8CF
219189,Mitchell Technical College,#4BD8CF
219198,Mount Marty University,#4BD8D0
219204,National American University-Rapid City,#4BD8D0
219240,Sioux Falls Seminary,#4BD8D0
219259,Northern State University,#4BD8D0
219277,Oglala Lakota College,#4BD8D0
219295,Presentation College,#4BD8D0
219338,Avera Sacred Heart Hospital,#4BD8D0
219347,South Dakota School of Mines and Technology,#4BD8D1
219356,South Dakota State University,#4BD8D1
219374,Sinte Gleska University,#4BD8D1
219383,University of Sioux Falls,#4BD8D1
219392,Sanford Medical Center,#4BD8D1
219408,Sisseton Wahpeton College,#4BD8D1
219426,Southeast Technical College,#4BD8D1
219453,Stewart School,#4BD8D1
219471,University of South Dakota,#4BD8D2
219480,Western Dakota Technical College,#4BD8D2
219505,American Baptist College,#4BD8D2
219587,Arnolds Beauty School,#4BD8D2
219596,Tennessee College of Applied Technology-Athens,#4BD8D2
219602,Austin Peay State University,#4BD8D2
219639,Baptist Health Sciences University,#4BD8D2
219709,Belmont University,#4BD8D3
219718,Bethel University,#4BD8D3
219790,Bryan College-Dayton,#4BD8D3
219806,Carson-Newman University,#4BD8D3
219824,Chattanooga State Community College,#4BD8D3
219833,Christian Brothers University,#4BD8D3
219842,Pentecostal Theological Seminary,#4BD8D3
219851,Austin's Beauty College Inc,#4BD8D3
219879,Cleveland State Community College,#4BD8D4
219888,Columbia State Community College,#4BD8D4
219903,Concorde Career College-Memphis,#4BD8D4
219921,Tennessee College of Applied Technology-Covington,#4BD8D4
219949,Cumberland University,#4BD8D4
219976,Lipscomb University,#4BD8D4
219994,Tennessee College of Applied Technology-Dickson,#4BD8D4
220002,Hussian College-Daymar College Nashville,#4BD8D5
220057,Dyersburg State Community College,#4BD8D5
220075,East Tennessee State University,#4BD8D5
220118,Chattanooga College Medical Dental and Technical Careers,#4BD8D5
220127,Tennessee College of Applied Technology-Elizabethton,#4BD8D5
220163,The Hair Academy LLC,#4BD8D5
220181,Fisk University,#4BD8D5
220206,Welch College,#4BD8D5
220215,Freed-Hardeman University,#4BD8D6
220251,Tennessee College of Applied Technology-Harriman,#4BD8D6
220279,Tennessee College of Applied Technology-Hartsville,#4BD8D6
220321,Tennessee College of Applied Technology-Hohenwald,#4BD8D6
220394,Tennessee College of Applied Technology-Jacksboro,#4BD8D6
220400,Jackson State Community College,#4BD8D6
220464,John A Gupton College,#4BD8D6
220473,Johnson University,#4BD8D7
220491,Paul Mitchell the School-Murfreesboro,#4BD8D7
220516,King University,#4BD8D7
220552,South College,#4BD8D7
220598,Lane College,#4BD8D7
220604,Le Moyne-Owen College,#4BD8D7
220613,Lee University,#4BD8D7
220631,Lincoln Memorial University,#4BD8D8
220640,Tennessee College of Applied Technology-Livingston,#4BD8D8
220701,The University of Tennessee Southern,#4BD8D8
220710,Maryville College,#4BD8D8
220756,Tennessee College of Applied Technology-McKenzie,#4BD8D8
220765,Genesis Career College-Cookeville,#4BD8D8
220792,Meharry Medical College,#4BD8D8
220853,Tennessee College of Applied Technology-Memphis,#4BD8D8
220862,University of Memphis,#4BD8D8
220871,Memphis Theological Seminary,#4BD8D8
220978,Middle Tennessee State University,#4BD8D8
220996,Middle Tennessee School of Anesthesia Inc,#4BD8D8
221050,Tennessee College of Applied Technology-Morristown,#4BD7D8
221096,Motlow State Community College,#4BD7D8
221102,Tennessee College of Applied Technology-Murfreesboro,#4BD7D8
221148,Lincoln College of Technology-Nashville,#4BD7D8
221184,Nashville State Community College,#4BD7D8
221236,Tennessee College of Applied Technology-Newbern,#4BD7D8
221281,Tennessee College of Applied Technology-Paris,#4BD7D8
221333,Tennessee College of Applied Technology-Pulaski,#4BD6D8
221351,Rhodes College,#4BD6D8
221388,Tennessee College of Applied Technology-Ripley,#4BD6D8
221397,Roane State Community College,#4BD6D8
221430,Tennessee College of Applied Technology-Crump,#4BD6D8
221485,Southwest Tennessee Community College,#4BD6D8
221494,Tennessee College of Applied Technology-Shelbyville,#4BD6D8
221519,The University of the South,#4BD5D8
221582,Tennessee College of Applied Technology-Oneida-Huntsville,#4BD5D8
221591,Tennessee College of Applied Technology-Crossville,#4BD5D8
221607,Tennessee College of Applied Technology-McMinnville,#4BD5D8
221616,Tennessee College of Applied Technology-Jackson,#4BD5D8
221625,Tennessee College of Applied Technology-Knoxville,#4BD5D8
221634,Tennessee College of Applied Technology-Whiteville,#4BD5D8
221643,Pellissippi State Community College,#4BD5D8
221661,Southern Adventist University,#4BD4D8
221670,Southern College of Optometry,#4BD4D8
221731,Tennessee Wesleyan University,#4BD4D8
221740,The University of Tennessee-Chattanooga,#4BD4D8
221759,The University of Tennessee-Knoxville,#4BD4D8
221768,The University of Tennessee-Martin,#4BD4D8
221829,Tennessee School of Beauty of Knoxville Inc,#4BD4D8
221838,Tennessee State University,#4BD3D8
221847,Tennessee Technological University,#4BD3D8
221892,Trevecca Nazarene University,#4BD3D8
221908,Northeast State Community College,#4BD3D8
221953,Tusculum University,#4BD3D8
221971,Union University,#4BD3D8
221999,Vanderbilt University,#4BD3D8
222053,Volunteer State Community College,#4BD3D8
222062,Walters State Community College,#4BD2D8
222105,William R Moore College of Technology,#4BD2D8
222178,Abilene Christian University,#4BD2D8
222497,Alamo Community College District Central Office,#4BD2D8
222567,Alvin Community College,#4BD2D8
222576,Amarillo College,#4BD2D8
222628,Amberton University,#4BD2D8
222822,Angelina College,#4BD1D8
222831,Angelo State University,#4BD1D8
222877,Arlington Baptist University,#4BD1D8
222886,Arlington Career Institute,#4BD1D8
222938,The Art Institute of Houston,#4BD1D8
222983,Austin College,#4BD1D8
222992,Austin Community College District,#4BD1D8
223001,Austin Presbyterian Theological Seminary,#4BD1D8
223056,Baldwin Beauty School-South Austin,#4BD0D8
223083,Baptist Health System School of Health Professions,#4BD0D8
223117,Baptist Missionary Association Theological Seminary,#4BD0D8
223223,Baylor College of Medicine,#4BD0D8
223232,Baylor University,#4BD0D8
223320,Coastal Bend College,#4BD0D8
223427,Blinn College,#4BD0D8
223463,Remington College-Dallas Campus,#4BCFD8
223472,Vet Tech Institute of Houston,#4BCFD8
223506,Brazosport College,#4BCFD8
223816,Central Texas College,#4BCFD8
223852,Charles and Sues School of Hair Design,#4BCFD8
223898,Cisco College,#4BCFD8
223922,Clarendon College,#4BCFD8
224004,Concordia University Texas,#4BCFD8
224013,BK Cosmo College of Cosmetology,#4BCED8
224110,North Central Texas College,#4BCED8
224147,Texas A & M University-Corpus Christi,#4BCED8
224156,Paul Mitchell the School-Dallas,#4BCED8
224226,Dallas Baptist University,#4BCED8
224244,Dallas Christian College,#4BCED8
224271,Dallas Institute of Funeral Service,#4BCED8
224305,Dallas Theological Seminary,#4BCDD8
224323,University of Dallas,#4BCDD8
224350,Del Mar College,#4BCDD8
224527,East Texas Baptist University,#4BCDD8
224545,Texas A&M University-Texarkana,#4BCDD8
224554,Texas A & M University-Commerce,#4BCDD8
224615,Dallas College,#4BCDD8
224642,El Paso Community College,#4BCCD8
224660,Western Technical College,#4BCCD8
224679,Western Technical College,#4BCCD8
224712,Episcopal Theological Seminary of the Southwest,#4BCCD8
224758,Exposito School of Hair Design,#4BCCD8
224776,Miami International University of Art & Design-Art Institute Dallas,#4BCCD8
224828,Fort Worth Beauty School,#4BCCD8
224891,Frank Phillips College,#4BCCD8
224961,Galveston College,#4BCBD8
225070,Grayson College,#4BCBD8
225201,Hallmark University,#4BCBD8
225247,Hardin-Simmons University,#4BCBD8
225308,Trinity Valley Community College,#4BCBD8
225371,Hill College,#4BCBD8
225399,Houston Baptist University,#4BCBD8
225414,University of Houston-Clear Lake,#4BCAD8
225423,Houston Community College,#4BCAD8
225432,University of Houston-Downtown,#4BCAD8
225502,University of Houston-Victoria,#4BCAD8
225511,University of Houston,#4BCAD8
225520,Howard College,#4BCAD8
225548,Howard Payne University,#4BCAD8
225575,Huston-Tillotson University,#4BCAD8
225627,University of the Incarnate Word,#4BC9D8
225876,Jacksonville College-Main Campus,#4BC9D8
225885,Jarvis Christian University,#4BC9D8
225991,KD Conservatory College of Film and Dramatic Arts,#4BC9D8
226019,Kilgore College,#4BC9D8
226091,Lamar University,#4BC9D8
226107,Lamar State College-Orange,#4BC9D8
226116,Lamar State College-Port Arthur,#4BC8D8
226125,Laredo Beauty College Inc,#4BC8D8
226134,Laredo College,#4BC8D8
226152,Texas A & M International University,#4BC8D8
226204,Lee College,#4BC8D8
226231,LeTourneau University,#4BC8D8
226277,Lincoln College of Technology-Grand Prairie,#4BC8D8
226383,Lubbock Christian University,#4BC8D8
226408,College of the Mainland,#4BC7D8
226471,University of Mary Hardin-Baylor,#4BC7D8
226578,McLennan Community College,#4BC7D8
226587,McMurry University,#4BC7D8
226675,Covenant School of Nursing and Allied Health,#4BC7D8
226806,Midland College,#4BC7D8
226833,Midwestern State University,#4BC7D8
226860,William Edge Institute,#4BC6D8
226879,Wade College,#4BC6D8
226903,Southern Careers Institute-Austin,#4BC6D8
227058,Tint School of Makeup & Cosmetology,#4BC6D8
227146,Navarro College,#4BC6D8
227182,Lone Star College System,#4BC6D8
227216,University of North Texas,#4BC6D8
227225,Northeast Texas Community College,#4BC5D8
227289,Oblate School of Theology,#4BC5D8
227298,Ocean Corporation,#4BC5D8
227304,Odessa College,#4BC5D8
227313,Ogle School Hair Skin Nails-Arlington,#4BC5D8
227322,Ogle School Hair Skin Nails-Ft Worth,#4BC5D8
227331,Our Lady of the Lake University,#4BC5D8
227368,The University of Texas Rio Grande Valley,#4BC5D8
227377,Texas Southmost College,#4BC4D8
227386,Panola College,#4BC4D8
227401,Paris Junior College,#4BC4D8
227429,Paul Quinn College,#4BC4D8
227526,Prairie View A & M University,#4BC4D8
227687,Ranger College,#4BC4D8
227748,Aviation Institute of Maintenance-Houston,#4BC4D8
227757,Rice University,#4BC3D8
227845,Saint Edward's University,#4BC3D8
227854,St Philip's College,#4BC3D8
227863,University of St Thomas,#4BC3D8
227881,Sam Houston State University,#4BC3D8
227924,San Antonio College,#4BC3D8
227979,San Jacinto Community College,#4BC3D8
228042,Schreiner University,#4BC3D8
228088,Seguin Beauty School-Seguin,#4BC2D8
228149,St. Mary's University,#4BC2D8
228158,South Plains College,#4BC2D8
228185,South Texas Barber College Inc,#4BC2D8
228194,South Texas College of Law Houston,#4BC2D8
228200,South Texas Vocational Technical Institute-Weslaco,#4BC2D8
228219,Miller-Motte College-STVT-McAllen,#4BC2D8
228246,Southern Methodist University,#4BC1D8
228282,Southwest School of Business and Technical Careers-San Antonio,#4BC1D8
228316,Southwest Texas Junior College,#4BC1D8
228325,Southwestern Assemblies of God University,#4BC1D8
228343,Southwestern University,#4BC1D8
228431,Stephen F Austin State University,#4BC1D8
228459,Texas State University,#4BC1D8
228468,Southwestern Adventist University,#4BC1D8
228486,Southwestern Christian College,#4BC0D8
228501,Sul Ross State University,#4BC0D8
228529,Tarleton State University,#4BC0D8
228547,Tarrant County College District,#4BC0D8
228608,Temple College,#4BC0D8
228635,University of Texas Southwestern Medical Center,#4BC0D8
228644,The University of Texas Health Science Center at San Antonio,#4BC0D8
228653,The University of Texas Medical Branch at Galveston,#4BBFD8
228699,Texarkana College,#4BBFD8
228705,Texas A & M University-Kingsville,#4BBFD8
228723,Texas A & M University-College Station,#4BBFD8
228732,Texas A & M University-System Office,#4BBFD8
228769,The University of Texas at Arlington,#4BBFD8
228778,The University of Texas at Austin,#4BBFD8
228787,The University of Texas at Dallas,#4BBFD8
228796,The University of Texas at El Paso,#4BBED8
228802,The University of Texas at Tyler,#4BBED8
228866,Texas Chiropractic College Foundation Inc,#4BBED8
228875,Texas Christian University,#4BBED8
228884,Texas College,#4BBED8
228909,University of North Texas Health Science Center,#4BBED8
228981,Texas Lutheran University,#4BBED8
229018,The University of Texas Permian Basin,#4BBDD8
229027,The University of Texas at San Antonio,#4BBDD8
229063,Texas Southern University,#4BBDD8
229090,The University of Texas System Office,#4BBDD8
229115,Texas Tech University,#4BBDD8
229160,Texas Wesleyan University,#4BBDD8
229179,Texas Woman's University,#4BBDD8
229267,Trinity University,#4BBCD8
229300,The University of Texas Health Science Center at Houston,#4BBCD8
229337,Texas Tech University Health Sciences Center,#4BBCD8
229355,Tyler Junior College,#4BBCD8
229407,University of Houston-System Administration,#4BBCD8
229416,Universal Technical Institute of Texas Inc.,#4BBCD8
229425,UCAS University of Cosmetology Arts & Sciences-McAllen,#4BBCD8
229504,Vernon College,#4BBCD8
229522,Victoria Beauty College Inc,#4BBBD8
229540,Victoria College,#4BBBD8
229656,Vogue College of Cosmetology-McAllen,#4BBBD8
229780,Wayland Baptist University,#4BBBD8
229799,Weatherford College,#4BBBD8
229814,West Texas A & M University,#4BBBD8
229832,Western Texas College,#4BBBD8
229841,Wharton County Junior College,#4BBAD8
229887,Wiley College,#4BBAD8
230010,Bridgerland Technical College,#4BBAD8
230038,Brigham Young University,#4BBAD8
230047,Brigham Young University-Hawaii,#4BBAD8
230056,Broadview College,#4BBAD8
230065,Cameo College of Essential Beauty,#4BBAD8
230144,Collectiv Academy,#4BBAD8
230162,Davis Technical College,#4BB9D8
230171,Dixie State University,#4BB9D8
230199,Evans Hairstyling College-Cedar City,#4BB9D8
230205,Evans Hairstyling College-St George,#4BB9D8
230214,Paul Mitchell the School-Salt Lake City,#4BB9D8
230366,Eagle Gate College-Murray,#4BB9D8
230418,Ensign College,#4BB9D8
230490,Ogden-Weber Technical College,#4BB8D8
230597,Snow College,#4BB8D8
230603,Southern Utah University,#4BB8D8
230621,Stevens-Henager College,#4BB8D8
230676,Uintah Basin Technical College,#4BB8D8
230728,Utah State University,#4BB8D8
230737,Utah Valley University,#4BB8D8
230746,Salt Lake Community College,#4BB8D8
230764,University of Utah,#4BB7D8
230782,Weber State University,#4BB7D8
230807,Westminster College,#4BB7D8
230816,Bennington College,#4BB7D8
230834,Castleton University,#4BB7D8
230852,Champlain College,#4BB7D8
230861,Community College of Vermont,#4BB7D8
230889,Goddard College,#4BB6D8
230913,Northern Vermont University,#4BB6D8
230959,Middlebury College,#4BB6D8
230977,New England Culinary Institute,#4BB6D8
230995,Norwich University,#4BB6D8
231004,O'Briens Aveda Institute,#4BB6D8
231059,Saint Michael's College,#4BB6D8
231068,SIT Graduate Institute,#4BB6D8
231095,Sterling College,#4BB5D8
231147,Vermont Law School,#4BB5D8
231156,Vermont State Colleges-Office of the Chancellor,#4BB5D8
231165,Vermont Technical College,#4BB5D8
231174,University of Vermont,#4BB5D8
231280,Paul Mitchell the School-Roanoke,#4BB5D8
231411,Advanced Technology Institute,#4BB5D8
231420,Averett University,#4BB4D8
231536,Blue Ridge Community College,#4BB4D8
231554,Bluefield University,#4BB4D8
231581,Bridgewater College,#4BB4D8
231624,William & Mary,#4BB4D8
231651,Regent University,#4BB4D8
231688,Central School of Practical Nursing,#4BB4D8
231697,Central Virginia Community College,#4BB3D8
231712,Christopher Newport University,#4BB3D8
231721,Allegiance Beauty School,#4BB3D8
231785,Bryant & Stratton College-Virginia Beach,#4BB3D8
231873,Dabney S Lancaster Community College,#4BB3D8
231882,Danville Community College,#4BB3D8
231970,Eastern Virginia Medical School,#4BB3D8
232016,Centura College-Virginia Beach,#4BB3D8
232025,Emory & Henry College,#4BB2D8
232043,Eastern Mennonite University,#4BB2D8
232052,Eastern Shore Community College,#4BB2D8
232089,Ferrum College,#4BB2D8
232186,George Mason University,#4BB2D8
232195,Germanna Community College,#4BB2D8
232256,Hampden-Sydney College,#4BB2D8
232265,Hampton University,#4BB1D8
232308,Hollins University,#4BB1D8
232414,J Sargeant Reynolds Community College,#4BB1D8
232423,James Madison University,#4BB1D8
232450,Brightpoint Community College,#4BB1D8
232557,Liberty University,#4BB1D8
232566,Longwood University,#4BB1D8
232575,Laurel Ridge Community College,#4BB1D8
232609,University of Lynchburg,#4BB0D8
232618,Centra College,#4BB0D8
232672,Mary Baldwin University,#4BB0D8
232681,University of Mary Washington,#4BB0D8
232706,Marymount University,#4BB0D8
232724,Sovah School of Health Professions,#4BB0D8
232788,Mountain Empire Community College,#4BB0D8
232797,American National University,#4BAFD8
232867,New River Community College,#4BAFD8
232885,Sentara College of Health Sciences,#4BAFD8
232919,Tidewater Tech-Trades,#4BAFD8
232937,Norfolk State University,#4BAFD8
232946,Northern Virginia Community College,#4BAFD8
232982,Old Dominion University,#4BAFD8
233019,Patrick Henry Community College,#4BAFD8
233037,Paul D Camp Community College,#4BAED8
233082,Southside College of Health Sciences,#4BAED8
233116,Piedmont Virginia Community College,#4BAED8
233277,Radford University,#4BAED8
233286,Sylvain Melloul International Hair Academy,#4BAED8
233295,Randolph-Macon College,#4BAED8
233301,Randolph College,#4BAED8
233310,Rappahannock Community College,#4BADD8
233329,Fortis College-Norfolk,#4BADD8
233338,Richard Bland College,#4BADD8
233356,Bon Secours Memorial College of Nursing,#4BADD8
233374,University of Richmond,#4BADD8
233408,Riverside College of Health Careers,#4BADD8
233426,Roanoke College,#4BADD8
233480,Bon Secours St Mary's Hospital School of Medical Imaging,#4BACD8
233541,Shenandoah University,#4BACD8
233602,Southeastern Free Will Baptist Bible College,#4BACD8
233611,Southern Virginia University,#4BACD8
233639,Southside Virginia Community College,#4BACD8
233648,Southwest Virginia Community College,#4BACD8
233666,Staunton School of Cosmetology,#4BACD8
233684,Strayer University-Virginia,#4BACD8
233718,Sweet Briar College,#4BABD8
233754,Virginia Peninsula Community College,#4BABD8
233772,Tidewater Community College,#4BABD8
233842,Union Presbyterian Seminary,#4BABD8
233897,University of Virginia's College at Wise,#4BABD8
233903,Virginia Highlands Community College,#4BABD8
233921,Virginia Polytechnic Institute and State University,#4BABD8
233949,Virginia Western Community College,#4BAAD8
234030,Virginia Commonwealth University,#4BAAD8
234076,University of Virginia-Main Campus,#4BAAD8
234085,Virginia Military Institute,#4BAAD8
234119,Asher Institute of Hampton,#4BAAD8
234137,Virginia University of Lynchburg,#4BAAD8
234155,Virginia State University,#4BAAD8
234164,Virginia Union University,#4BAAD8
234173,Virginia Wesleyan University,#4BA9D8
234207,Washington and Lee University,#4BA9D8
234377,Wytheville Community College,#4BA9D8
234669,Bellevue College,#4BA9D8
234696,Bellingham Technical College,#4BA9D8
234711,Big Bend Community College,#4BA9D8
234827,Central Washington University,#4BA9D8
234845,Centralia College,#4BA8D8
234915,City University of Seattle,#4BA8D8
234924,Paul Mitchell the School-Richland,#4BA8D8
234933,Clark College,#4BA8D8
234951,Clover Park Technical College,#4BA8D8
234979,Columbia Basin College,#4BA8D8
235024,Cornish College of the Arts,#4BA8D8
235088,Divers Institute of Technology,#4BA8D8
235097,Eastern Washington University,#4BA7D8
235103,Edmonds College,#4BA7D8
235149,Everett Community College,#4BA7D8
235158,Paroba College of Cosmetology,#4BA7D8
235167,The Evergreen State College,#4BA7D8
235237,Pierce College District,#4BA7D8
235307,Glen Dow Academy of Hair Design,#4BA7D8
235316,Gonzaga University,#4BA6D8
235334,Grays Harbor College,#4BA6D8
235343,Green River College,#4BA6D8
235352,Toni & Guy Hairdressing Academy-Shoreline,#4BA6D8
235422,Heritage University,#4BA6D8
235431,Highline College,#4BA6D8
235501,International Air and Hospitality Academy,#4BA6D8
235547,Bastyr University,#4BA6D8
235583,Highlights Beauty Schools,#4BA5D8
235671,Bates Technical College,#4BA5D8
235699,Lake Washington Institute of Technology,#4BA5D8
235750,Lower Columbia College,#4BA5D8
236018,BJ's Beauty & Barber College,#4BA5D8
236072,North Seattle College,#4BA5D8
236133,Northwest University,#4BA5D8
236188,Olympic College,#4BA4D8
236212,Perry Technical Institute,#4BA4D8
236230,Pacific Lutheran University,#4BA4D8
236258,Peninsula College,#4BA4D8
236328,University of Puget Sound,#4BA4D8
236382,Renton Technical College,#4BA4D8
236452,Saint Martin's University,#4BA4D8
236504,South Seattle College,#4BA3D8
236513,Seattle Central College,#4BA3D8
236577,Seattle Pacific University,#4BA3D8
236595,Seattle University,#4BA3D8
236610,Shoreline Community College,#4BA3D8
236638,Skagit Valley College,#4BA3D8
236656,South Puget Sound Community College,#4BA3D8
236692,Spokane Community College,#4BA3D8
236708,Spokane Falls Community College,#4BA2D8
236744,Stylemaster College of Hair Design,#4BA2D8
236753,Tacoma Community College,#4BA2D8
236887,Walla Walla Community College,#4BA2D8
236896,Walla Walla University,#4BA2D8
236939,Washington State University,#4BA2D8
236948,University of Washington-Seattle Campus,#4BA2D8
236975,Wenatchee Valley College,#4BA1D8
237011,Western Washington University,#4BA1D8
237039,Whatcom Community College,#4BA1D8
237057,Whitman College,#4BA1D8
237066,Whitworth University,#4BA1D8
237109,Yakima Valley College,#4BA1D8
237118,Alderson Broaddus University,#4BA1D8
237127,Appalachian Beauty School,#4BA1D8
237136,Appalachian Bible College,#4BA0D8
237145,B M Spurr School of Practical Nursing,#4BA0D8
237172,Ben Franklin Career Center,#4BA0D8
237181,Bethany College,#4BA0D8
237215,Bluefield State College,#4BA0D8
237242,Cabell County Career Technology Center,#4BA0D8
237303,Charleston School of Beauty Culture,#4BA0D8
237312,University of Charleston,#4B9FD8
237321,Clarksburg Beauty Academy and School of Massage Therapy,#4B9FD8
237330,Concord University,#4B9FD8
237358,Davis & Elkins College,#4B9FD8
237367,Fairmont State University,#4B9FD8
237385,Glenville State University,#4B9FD8
237437,Huntington Junior College,#4B9FD8
237473,James Rumsey Technical Institute,#4B9FD8
237491,Ralph R Willis Career and Technical Center,#4B9ED8
237525,Marshall University,#4B9ED8
237543,Mercer County Technical Education Center,#4B9ED8
237552,Meredith Manor International Equestrian Center,#4B9ED8
237561,Monongalia County Technical Education Center,#4B9ED8
237570,Morgantown Beauty College Inc,#4B9ED8
237598,Mountain State College,#4B9ED8
237640,Ohio Valley University,#4B9DD8
237686,West Virginia University at Parkersburg,#4B9DD8
237701,Potomac State College of West Virginia University,#4B9DD8
237729,Academy of Careers and Technology,#4B9DD8
237783,Salem University,#4B9DD8
237792,Shepherd University,#4B9DD8
237817,Southern West Virginia Community and Technical College,#4B9DD8
237844,Fred W Eberle Technical Center,#4B9DD8
237880,West Virginia School of Osteopathic Medicine,#4B9CD8
237899,West Virginia State University,#4B9CD8
237905,West Virginia University Hospital Departments of Rad Tech and Nutrition,#4B9CD8
237932,West Liberty University,#4B9CD8
237950,West Virginia University Institute of Technology,#4B9CD8
237969,West Virginia Wesleyan College,#4B9CD8
237987,West Virginia Junior College-Charleston,#4B9CD8
237996,West Virginia Junior College-Morgantown,#4B9BD8
238005,International Beauty School 4,#4B9BD8
238014,West Virginia Northern Community College,#4B9BD8
238032,West Virginia University,#4B9BD8
238078,Wheeling University,#4B9BD8
238096,Wood County School of Practical Nursing,#4B9BD8
238175,VICI Beauty School,#4B9BD8
238193,Alverno College,#4B9AD8
238263,Madison Area Technical College,#4B9AD8
238324,Bellin College,#4B9AD8
238333,Beloit College,#4B9AD8
238397,Blackhawk Technical College,#4B9AD8
238430,Cardinal Stritch University,#4B9AD8
238458,Carroll University,#4B9AD8
238476,Carthage College,#4B9AD8
238573,Columbia College of Nursing,#4B99D8
238616,Concordia University-Wisconsin,#4B99D8
238661,Edgewood College,#4B99D8
238722,Fox Valley Technical College,#4B99D8
238759,Gateway Technical College,#4B99D8
238810,The Professional Hair Design Academy,#4B99D8
238980,Lakeland University,#4B99D8
239008,Lakeshore Technical College,#4B98D8
239017,Lawrence University,#4B98D8
239071,Maranatha Baptist University,#4B98D8
239080,Marian University,#4B98D8
239105,Marquette University,#4B98D8
239169,Medical College of Wisconsin,#4B98D8
239220,Mid-State Technical College,#4B98D8
239248,Milwaukee Area Technical College,#4B98D8
239309,Milwaukee Institute of Art & Design,#4B97D8
239318,Milwaukee School of Engineering,#4B97D8
239372,Moraine Park Technical College,#4B97D8
239390,Mount Mary University,#4B97D8
239424,Nashotah House,#4B97D8
239442,Nicolet Area Technical College,#4B97D8
239460,Northcentral Technical College,#4B97D8
239488,Northeast Wisconsin Technical College,#4B96D8
239512,Northland College,#4B96D8
239628,Ripon College,#4B96D8
239637,Sacred Heart Seminary and School of Theology,#4B96D8
239716,Saint Norbert College,#4B96D8
239877,State College of Beauty Culture Inc,#4B96D8
239910,Southwest Wisconsin Technical College,#4B96D8
240107,Viterbo University,#4B96D8
240116,Chippewa Valley Technical College,#4B95D8
240125,Waukesha County Technical College,#4B95D8
240170,Western Technical College,#4B95D8
240189,University of Wisconsin-Whitewater,#4B95D8
240198,Northwood Technical College,#4B95D8
240213,Wisconsin School of Professional Psychology,#4B95D8
240268,University of Wisconsin-Eau Claire,#4B95D8
240277,University of Wisconsin-Green Bay,#4B94D8
240329,University of Wisconsin-La Crosse,#4B94D8
240338,Wisconsin Lutheran College,#4B94D8
240365,University of Wisconsin-Oshkosh,#4B94D8
240374,University of Wisconsin-Parkside,#4B94D8
240392,Herzing University-Madison,#4B94D8
240417,University of Wisconsin-Stout,#4B94D8
240426,University of Wisconsin-Superior,#4B93D8
240435,University of Wisconsin-System Administration,#4B93D8
240444,University of Wisconsin-Madison,#4B93D8
240453,University of Wisconsin-Milwaukee,#4B93D8
240462,University of Wisconsin-Platteville,#4B93D8
240471,University of Wisconsin-River Falls,#4B93D8
240480,University of Wisconsin-Stevens Point,#4B93D8
240505,Casper College,#4B93D8
240514,Central Wyoming College,#4B92D8
240596,Eastern Wyoming College,#4B92D8
240620,Laramie County Community College,#4B92D8
240657,Northwest College,#4B92D8
240666,Northern Wyoming Community College District,#4B92D8
240693,Western Wyoming Community College,#4B92D8
240709,Cheeks Beauty Academy,#4B92D8
240718,WyoTech,#4B91D8
240727,University of Wyoming,#4B91D8
240736,American Samoa Community College,#4B91D8
240745,Guam Community College,#4B91D8
240754,University of Guam,#4B91D8
240790,Northern Marianas College,#4B91D8
240879,Institute of Beauty Careers,#4B91D8
240985,Educational Technical College-Recinto de Bayamon,#4B91D8
241100,American University of Puerto Rico,#4B90D8
241128,American University of Puerto Rico,#4B90D8
241146,American Educational College,#4B90D8
241182,Antilles School of Technical Careers,#4B90D8
241191,Universidad Adventista de las Antillas,#4B90D8
241216,Atlantic University College,#4B90D8
241225,Universidad Central de Bayamon,#4B90D8
241304,Columbia Central University-Caguas,#4B8FD8
241331,Albizu University-San Juan,#4B8FD8
241377,Caribbean University-Bayamon,#4B8FD8
241386,Caribbean University-Carolina,#4B8FD8
241395,Pontifical Catholic University of Puerto Rico-Arecibo,#4B8FD8
241410,Pontifical Catholic University of Puerto Rico-Ponce,#4B8FD8
241517,CEM College-San Juan,#4B8FD8
241614,Universidad Teologica del Caribe,#4B8FD8
241720,Colegio Universitario de San Juan,#4B8ED8
241739,Universidad Ana G. Mendez-Cupey Campus,#4B8ED8
241766,Conservatory of Music of Puerto Rico,#4B8ED8
241793,Center for Advanced Studies On Puerto Rico and the Caribbean,#4B8ED8
241836,EDP University of Puerto Rico Inc-San Sebastian,#4B8ED8
241906,Emma's Beauty Academy-Mayaguez,#4B8ED8
241951,Escuela de Artes Plasticas y Diseno de Puerto Rico,#4B8ED8
242042,Instituto Tecnologico de Puerto Rico-Recinto de Manati,#4B8DD8
242060,Sistema Universitario Ana G. Mendez,#4B8DD8
242112,Huertas College,#4B8DD8
242121,Humacao Community College,#4B8DD8
242130,ICPR Junior College-Arecibo,#4B8DD8
242149,ICPR Junior College-Mayaguez,#4B8DD8
242413,Richport Technical College,#4B8DD8
242556,Instituto Tecnologico de Puerto Rico-Recinto de Guayama,#4B8DD8
242565,Instituto Tecnologico de Puerto Rico-Recinto de Ponce,#4B8CD8
242583,Instituto Tecnologico de Puerto Rico-Recinto de San Juan,#4B8CD8
242617,Inter American University of Puerto Rico-San German,#4B8CD8
242626,Inter American University of Puerto Rico-Aguadilla,#4B8CD8
242635,Inter American University of Puerto Rico-Arecibo,#4B8CD8
242644,Inter American University of Puerto Rico-Barranquitas,#4B8CD8
242653,Inter American University of Puerto Rico-Metro,#4B8CD8
242662,Inter American University of Puerto Rico-Ponce,#4B8BD8
242671,Inter American University of Puerto Rico-Central Office,#4B8BD8
242680,Inter American University of Puerto Rico-Fajardo,#4B8BD8
242699,Inter American University of Puerto Rico-Guayama,#4B8BD8
242705,Inter American University of Puerto Rico-Bayamon,#4B8BD8
242723,Inter American University of Puerto Rico-School of Law,#4B8BD8
242750,International Technical College,#4B8BD8
242820,Liceo de Arte y Tecnologia,#4B8AD8
242945,Modern Hairstyling Institute-Bayamon,#4B8AD8
242954,Modern Hairstyling Institute-Arecibo,#4B8AD8
242972,NUC University,#4B8AD8
243081,Ponce Health Sciences University,#4B8AD8
243106,University of Puerto Rico-Aguadilla,#4B8AD8
243115,University of Puerto Rico-Arecibo,#4B8AD8
243133,University of Puerto Rico-Bayamon,#4B8AD8
243142,University of Puerto Rico-Carolina,#4B89D8
243151,University of Puerto Rico-Cayey,#4B89D8
243160,University of Puerto Rico-Central Administration,#4B89D8
243179,University of Puerto Rico-Humacao,#4B89D8
243188,University of Puerto Rico-Utuado,#4B89D8
243197,University of Puerto Rico-Mayaguez,#4B89D8
243203,University of Puerto Rico-Medical Sciences,#4B89D8
243212,University of Puerto Rico at Ponce,#4B88D8
243221,University of Puerto Rico-Rio Piedras,#4B88D8
243346,Universidad Ana G. Mendez-Carolina Campus,#4B88D8
243443,Universidad del Sagrado Corazon,#4B88D8
243498,Seminario Evangelico de Puerto Rico,#4B88D8
243568,Universidad Central Del Caribe,#4B88D8
243577,Universidad Politecnica de Puerto Rico,#4B88D8
243586,Pontifical Catholic University of Puerto Rico-Mayaguez,#4B88D8
243601,Universidad Ana G. Mendez-Gurabo Campus,#4B87D8
243638,College of Micronesia-FSM,#4B87D8
243647,Palau Community College,#4B87D8
243665,University of the Virgin Islands,#4B87D8
243744,Stanford University,#8C1515
243780,Purdue University-Main Campus,#4B87D8
243799,Blue Hills Regional Technical School,#4B87D8
243823,Parker University,#4B86D8
243832,EDP University of Puerto Rico Inc-San Juan,#4B86D8
243841,ICPR Junior College,#4B86D8
244233,City College-Fort Lauderdale,#4B86D8
244279,Meridian College,#4B86D8
244437,Georgia State University-Perimeter College,#4B86D8
244446,Georgia Piedmont Technical College,#4B86D8
244613,ETI School of Skilled Trades,#4B86D8
245281,Traxlers School of Hair,#4B85D8
245625,Warren County Community College,#4B85D8
245652,St. John's College,#4B85D8
245777,Bais Medrash Elyon,#4B85D8
245838,Antioch University-Los Angeles,#4B85D8
245847,Antioch University-Santa Barbara,#4B85D8
245865,Antioch University-New England,#4B85D8
245883,Antioch University-Seattle,#4B84D8
245892,Antioch University,#4B84D8
245953,Mid-America Christian University,#4B84D8
245962,Miller-Motte College-Platt College-Tulsa,#4B84D8
245980,Ponca City Beauty College,#4B84D8
245999,Francis Tuttle Technology Center,#4B84D8
246017,Central Technology Center,#4B84D8
246035,Carrington College-Portland,#4B84D8
246071,Career Technology Center of Lackawanna County,#4B83D8
246345,Houston Graduate School of Theology,#4B83D8
246354,Palo Alto College,#4B83D8
246406,Sebring Career Schools-Huntsville,#4B83D8
246415,UCAS University of Cosmetology Arts & Sciences-San Antonio 410,#4B83D8
246460,Central Texas Beauty College-Round Rock,#4B83D8
246789,Unification Theological Seminary,#4B83D8
246813,Athens Technical College,#4B82D8
246895,GateWay Community College-Central City,#4B82D8
246974,Carrington College-San Leandro Campus,#4B82D8
247010,Headmasters School of Hair Design,#4B82D8
247047,The Salon Professional Academy-Nampa,#4B82D8
247065,Beckfield College-Florence,#4B82D8
247083,University of Louisiana-System Administration,#4B82D8
247153,Dorsey College-Wayne,#4B81D8
247162,Ecumenical Theological Seminary,#4B81D8
247409,Ross Medical Education Center-Saginaw,#4B81D8
247603,Sussex County Community College,#4B81D8
247649,Landmark College,#4B81D8
247737,Mississippi Community College Board,#4B81D8
247773,Yeshiva Gedolah of Greater Detroit,#4B81D8
247825,Austin Graduate School of Theology,#4B81D8
247834,Collin County Community College District,#4B80D8
247940,Owensboro Community and Technical College,#4B80D8
248192,Allure Beauty College,#4B80D8
248527,Cloyd's Beauty School 3 Inc,#4B80D8
248606,Moore Norman Technology Center,#4B80D8
248624,Fayette County Career & Technical Institute Practical Nursing Program,#4B80D8
248633,Franklin County Career and Technology Center,#4B80D8
248660,Paul Mitchell the School-Knoxville,#4B7FD8
248703,Ogle School Hair Skin Nails-Hurst,#4B7FD8
248925,Tennessee College of Applied Technology Nashville,#4B7FD8
248934,ECPI University,#4B7FD8
249061,Ms Roberts Academy of Beauty Culture,#4B7FD8
249238,Paul Mitchell the School-Houston,#4B7FD8
249566,TDDS Technical Institute,#4B7FD8
249609,Fortis Institute-Forty Fort,#4B7FD8
250027,Laurel Business Institute,#4B7ED8
250285,Aviation Institute of Maintenance-Philadelphia,#4B7ED8
250744,Dorsey College-Roseville,#4B7ED8
250902,Moler-Pickens Beauty Academy,#4B7ED8
250993,Red River Technology Center,#4B7ED8
251260,Southern Union State Community College,#4B7ED8
251312,South University-Columbia,#4B7ED8
260336,Clinton Technical School,#4B7DD8
260363,Greene County Career and Technology Center,#4B7DD8
260372,Lac Courte Oreilles Ojibwe College,#4B7DD8
260664,Diesel Driving Academy-Shreveport,#4B7DD8
260691,Pima Medical Institute-Mesa,#4B7DD8
260789,Platt College-Los Angeles,#4B7DD8
260813,Platt College-Aurora,#4B7DD8
260929,Paul Mitchell the School-Boise,#4B7DD8
260965,Educators of Beauty College of Cosmetology-Rockford,#4B7CD8
260992,Northwestern College,#4B7CD8
261436,Douglas J Aveda Institute,#4B7CD8
261676,Ross Medical Education Center-Brighton,#4B7CD8
261685,Ross Medical Education Center-Ann Arbor,#4B7CD8
261719,Taylortown School of Beauty Inc,#4B7CD8
261773,Pike-Lincoln Technical Center,#4B7CD8
261861,West Virginia Junior College-United Career Institute,#4B7BD8
262022,Bethel Seminary-San Diego,#4B7BD8
262031,St Charles Community College,#4B7BD8
262086,University of Massachusetts Global,#4B7BD8
262129,New College of Florida,#4B7BD8
262165,Montana Bible College,#4B7BD8
262341,Conservatory of Recording Arts and Sciences,#4B7BD8
262369,Adrian's Beauty College of Turlock,#4B7AD8
262402,California Career School,#4B7AD8
262457,San Joaquin Valley College-Fresno,#4B7AD8
262466,Dr. Ida Rolf Institute,#4B7AD8
362700,Sunstate Academy,#4B7AD8
362782,Elizabeth Grady School of Esthetics and Massage Therapy,#4B7AD8
363013,Ross Medical Education Center-Port Huron,#4B7AD8
363077,Capri Institute of Hair Design-Clifton,#4B7AD8
363147,Raphael's School of Beauty Culture Inc-Alliance,#4B79D8
363165,Metro Technology Centers,#4B79D8
363439,Hussian College-Daymar College Bowling Green,#4B79D8
363633,Luna Community College,#4B79D8
363679,Grabber School of Hair Design,#4B79D8
363712,Yeshivah Gedolah Rabbinical College,#4B79D8
363721,University of the District of Columbia-David A Clarke School of Law,#4B79D8
363882,Raphael's School of Beauty Culture Inc-Brunswick,#4B78D8
363907,Caribbean University-Ponce,#4B78D8
363916,Caribbean University-Vega Baja,#4B78D8
363934,University of Advancing Technology,#4B78D8
364016,Paradise Valley Community College,#4B78D8
364025,Chandler-Gilbert Community College,#4B78D8
364548,Great Plains Technology Center,#4B78D8
364575,Roane-Jackson Technical Center,#4B78D8
364627,Pioneer Technology Center,#4B77D8
364636,Portage Lakes Career Center,#4B77D8
364751,Eastern College of Health Vocations-New Orleans,#4B77D8
364760,Bell Mar Beauty College,#4B77D8
364946,Caddo Kiowa Technology Center,#4B77D8
364964,"Center for Instruction, Technology & Innovation",#4B77D8
365091,International School of Skin Nailcare & Massage Therapy,#4B77D8
365125,Palomar Institute of Cosmetology,#4B76D8
365198,Southern Oklahoma Technology Center,#4B76D8
365204,Vista College,#4B76D8
365213,Autry Technology Center,#4B76D8
365240,Greene County Career Center,#4B76D8
365374,Canadian Valley Technology Center,#4B76D8
365383,Wilkes-Barre Area Career and Technical Center Practical Nursing,#4B76D8
365480,Meridian Technology Center,#4B76D8
365505,Waynesville Career Center,#4B75D8
365693,Capitol School of Hairstyling and Esthetics,#4B75D8
365763,Morris County Vocational School District,#4B75D8
365824,Ross Medical Education Center-Roosevelt Park,#4B75D8
365833,Ross Medical Education Center-Kentwood,#4B75D8
366003,South Florida Bible College and Theological Seminary,#4B75D8
366155,Cloyd's Barber School 2 Inc,#4B75D8
366191,Universal Technical Institute of Illinois Inc,#4B74D8
366252,Pennsylvania College of Technology,#4B74D8
366261,Commonwealth Institute of Funeral Service,#4B74D8
366270,Delta College of Arts & Technology,#4B74D8
366289,InterCoast Colleges-Santa Ana,#4B74D8
366340,Stone Child College,#4B74D8
366368,New York Academy of Art,#4B74D8
366395,Suffolk County Community College,#4B74D8
366401,Las Positas College,#4B73D8
366438,Blades School of Hair Design,#4B73D8
366465,Ogeechee Technical College,#4B73D8
366535,Remington College-Mobile Campus,#4B73D8
366553,Southern Technical College,#4B73D8
366571,Mercy-St Luke's School of Radiologic Technology,#4B73D8
366605,Southwest Acupuncture College-Santa Fe,#4B73D8
366623,Northwest Technology Center-Alva,#4B72D8
366632,Mercer County Career Center,#4B72D8
366711,California State University-San Marcos,#4B72D8
367051,Hairmasters Institute of Cosmetology,#4B72D8
367088,Tricoci University of Beauty Culture LLC-Bloomington,#4B72D8
367103,Interactive College of Technology-Newport,#4B72D8
367112,Miller-Motte College-McCann-Monroe,#4B72D8
367158,Ross Medical Education Center-Taylor,#4B71D8
367334,National Tractor Trailer School Inc-Liverpool,#4B71D8
367361,Interactive College of Technology,#4B71D8
367431,Butler Beauty Academy-New Castle Beauty Academy,#4B71D8
367459,NorthWest Arkansas Community College,#4B71D8
367875,Brewster Technical College,#4B71D8
367884,Hodges University,#4B71D8
367954,University of St. Augustine for Health Sciences,#4B71D8
367972,Capital Area School of Practical Nursing,#4B70D8
367981,Hair Professionals Career College,#4B70D8
368036,Alexandria School of Scientific Therapeutics,#4B70D8
368230,Empire Beauty School-Bloomfield,#4B70D8
368364,Southwest Technology Center,#4B70D8
368407,Western Area Career & Technology Center,#4B70D8
368443,Hussian College-Daymar College Clarksville,#4B70D8
368452,Nossi College of Art,#4B6FD8
368540,Seguin Beauty School-New Braunfels,#4B6FD8
368629,Pima Medical Institute-Seattle,#4B6FD8
368647,Mineral County Vocational Technical Center,#4B6FD8
368771,Hypnosis Motivation Institute,#4B6FD8
368832,Thanh Le College School of Cosmetology,#4B6FD8
368911,Southeastern Technical College,#4B6FD8
369002,Massachusetts School of Law,#4B6FD8
369109,Alliance Career Center,#4B6ED8
369400,Universal Technical Institute-Auto Motorcycle & Marine Mechanics Institute Division-Orlando,#4B6ED8
369419,Erwin Technical College,#4B6ED8
369446,Rosel School of Cosmetology,#4B6ED8
369455,Worsham College of Mortuary Science,#4B6ED8
369516,Bryan University,#4B6ED8
369659,Oregon College of Oriental Medicine,#4B6ED8
369668,Central Pennsylvania Institute of Science and Technology,#4B6DD8
369686,Northwest Educational Center,#4B6DD8
369695,Sebring Career Schools-Houston,#4B6DD8
369783,PCI Health Training Center,#4B6DD8
369950,Hamrick School,#4B6DD8
371034,Alabama State College of Barber Styling,#4B6DD8
371052,Fortis College,#4B6DD8
371690,Downey Adult School,#4B6DD8
371830,CRU Institute of Cosmetology and Barbering,#4B6CD8
371928,Modern Technology School,#4B6CD8
371964,National Career Education,#4B6CD8
372028,North-West College-Glendale,#4B6CD8
372073,Fremont College,#4B6CD8
372082,Pomona Unified School District Adult and Career Education,#4B6CD8
372240,Universal College of Beauty Inc-Los Angeles 2,#4B6CD8
372329,IBMC College,#4B6BD8
372356,Avalon Institute-Aurora,#4B6BD8
372462,Academy of Cosmetology,#4B6BD8
372718,Sunstate Academy,#4B6BD8
372921,Fortis College-Smyrna,#4B6BD8
373085,Ross College-Davenport,#4B6BD8
373216,Pivot Point Academy,#4B6BD8
373456,Blalock's Professional Beauty College,#4B6BD8
373526,Diesel Driving Academy-Baton Rouge,#4B6AD8
373678,New England Hair Academy,#4B6AD8
373696,Rob Roy Academy-Worcester,#4B6AD8
373711,Upper Cape Cod Regional Technical School,#4B6AD8
373784,All-State Career-Baltimore,#4B6AD8
374024,Adler Graduate School,#4B6AD8
374316,Academy of Hair Design-Jackson,#4B6AD8
374343,KC's School of Hair Design,#4B69D8
374574,Lincoln Technical Institute-Moorestown,#4B69D8
374592,MCVSD,#4B69D8
374990,Continental School of Beauty Culture-Olean,#4B69D8
375106,National Tractor Trailer School Inc-Buffalo,#4B69D8
375230,Yeshiva Gedolah Imrei Yosef D'spinka,#4B69D8
375373,Knox County Career Center,#4B69D8
375407,Madison Adult Career Center,#4B68D8
375416,Remington College-Cleveland Campus,#4B68D8
375540,Toledo Academy of Beauty Culture-East,#4B68D8
375568,Brown & Clermont Adult Career Campuses,#4B68D8
375656,Chisholm Trail Technology Center,#4B68D8
375683,Gordon Cooper Technology Center,#4B68D8
375726,Kiamichi Technology Center-McAlester,#4B68D8
375939,YTI Career Institute-Altoona,#4B68D8
375966,Eastern Center for Arts and Technology,#4B67D8
375984,Empire Beauty School-Center City Philadelphia,#4B67D8
376224,CEM College-Humacao,#4B67D8
376242,Colegio Mayor de Tecnologia Inc,#4B67D8
376288,Institucion Chaviano de Mayaguez,#4B67D8
376321,EDIC College,#4B67D8
376330,Liceo de Arte-Dise-O y Comercio,#4B67D8
376385,Universal Technology College of Puerto Rico,#4B66D8
376446,Academy of Hair Technology,#4B66D8
376631,Mr Wayne's School of Unisex Hair Design,#4B66D8
376677,Queen City College,#4B66D8
376695,College of the Marshall Islands,#4B66D8
377111,Remington College-Fort Worth Campus,#4B66D8
377193,UCAS University of Cosmetology Arts & Sciences,#4B66D8
377218,School of Automotive Machinists & Technology,#4B66D8
377272,Nuvani Institute,#4B65D8
377281,Nuvani Institute,#4B65D8
377315,Texas College of Cosmetology-Abilene,#4B65D8
377342,Vista College-Online,#4B65D8
377449,Centura College-Newport News,#4B65D8
377458,Centura College-Norfolk,#4B65D8
377485,Virginia Beach City Public Schools School of Practical Nursing,#4B65D8
377546,Northwest College of Art & Design,#4B64D8
377555,University of Washington-Bothell Campus,#4B64D8
377564,University of Washington-Tacoma Campus,#4B64D8
377643,Huntington School of Beauty Culture,#4B64D8
377652,Valley College-Beckley,#4B64D8
377661,Valley College-Martinsburg,#4B64D8
377722,Bellus Academy-Poway,#4B64D8
377759,Capstone College,#4B64D8
378105,Central Coast College,#4B63D8
378576,Pacific College of Health and Science,#4B63D8
378886,Artistic Nails and Beauty Academy-Tampa,#4B63D8
378956,National Aviation Academy of Tampa Bay,#4B63D8
379621,Madison Oneida BOCES-Practical Nursing Program,#4B63D8
379746,College of Health Care Professions,#4B63D8
379782,Center for Advanced Legal Studies,#4B63D8
380067,Houston Training School-Main Campus,#4B62D8
380359,Bay Mills Community College,#4B62D8
380368,Fond du Lac Tribal and Community College,#4B62D8
380377,Northwest Indian College,#4B62D8
380438,Provo College,#4B62D8
380465,University of Phoenix-Utah,#4B62D8
381255,CET-Coachella,#4B62D8
381282,CET-Oxnard,#4B61D8
381325,CET-Santa Maria,#4B61D8
381352,Colorado School of Traditional Chinese Medicine,#4B61D8
381370,Michigan College of Beauty-Troy,#4B61D8
381404,Ogle School Hair Skin Nails-Dallas,#4B61D8
381459,Phoenix Seminary,#4B61D8
381486,Faust Institute of Cosmetology-Spirit Lake,#4B61D8
381699,Cheeks Beauty Academy,#4B61D8
381732,Colorado School of Healing Arts,#4B60D8
382258,Mt. Diablo Adult Education-Mt. Diablo USD,#4B60D8
382416,Greater Lowell Technical School,#4B60D8
382461,Academy of Hair Design-Pearl,#4B60D8
382780,Genesis Career College-Lebanon,#4B60D8
382911,Southwest Collegiate Institute for the Deaf,#4B60D8
382957,Fortis College-Richmond,#4B60D8
383020,Midwest College of Oriental Medicine-Racine,#4B5FD8
383084,Hacienda La Puente Adult Education,#4B5FD8
383163,La Belle Beauty Academy,#4B5FD8
383190,Hawaii Community College,#4B5FD8
383279,Robert Fiance Beauty Schools-North Plainfield,#4B5FD8
383297,Long Island Beauty School-Hauppauge,#4B5FD8
383312,Buckeye Joint Vocational School,#4B5FD8
383330,Sandusky Career Center,#4B5FD8
383367,Greater Altoona Career & Technology Center,#4B5ED8
383464,Central Texas Beauty College-Temple,#4B5ED8
383525,Erie 2 Chautauqua Cattaraugus BOCES-Practical Nursing Program,#4B5ED8
383765,Empire Beauty School-Brooklyn,#4B5ED8
383996,Eastern New Mexico University Ruidoso Branch Community College,#4B5ED8
384236,United Education Institute-Ontario,#4B5ED8
384245,United Education Institute-Encino,#4B5ED8
384254,Beacon College,#4B5DD8
384306,Acupuncture and Integrative Medicine College-Berkeley,#4B5DD8
384333,Estrella Mountain Community College,#4B5DD8
384342,Heartland Community College,#4B5DD8
384412,University of the Potomac-Washington DC Campus,#4B5DD8
384421,Rabbi Jacob Joseph School,#4B5DD8
385132,The Salon Professional Academy-Melbourne,#4B5DD8
385415,Albert Einstein College of Medicine,#4B5DD8
385503,Fortis Institute-Scranton,#4B5CD8
385619,Everglades University,#4B5CD8
386153,Seminar L'moros Bais Yaakov,#4B5CD8
386472,Herzing University-Orlando,#4B5CD8
387925,Cortiva Institute,#4B5CD8
388520,College of Biblical Studies-Houston,#4B5CD8
388663,Inner State Beauty School,#4B5CD8
389860,Mid-EastCTC-Adult Education,#4B5BD8
390905,Polaris Career Center,#4B5BD8
391005,P&A Scholars Beauty School,#4B5BD8
391546,ASM Beauty World Academy,#4B5BD8
391759,Sharp's Academy of Hairstyling,#4B5BD8
392257,The College of Health Care Professions-Northwest,#4B5BD8
392354,"School of Professional Horticulture, New York Botanical Garden",#4B5BD8
392415,Fortis College,#4B5BD8
393524,Alhambra Beauty College,#4B5AD8
393649,UEI College-Gardena,#4B5AD8
393861,Asian-American International Beauty College,#4B5AD8
395362,Copper Mountain Community College,#4B5AD8
395690,Diversified Vocational College,#4B5AD8
397942,UEI College-Fresno,#4B5AD8
399212,Santiago Canyon College,#4B5AD8
399869,Southern California Institute of Technology,#4B59D8
399911,Soka University of America,#4B59D8
400080,Summit College,#4B59D8
400187,Advance Beauty College,#4B59D8
400558,Los Angeles Pacific College,#4B59D8
401223,World Mission University,#4B59D8
401250,Yo San University of Traditional Chinese Medicine,#4B59D8
401481,Cannella School of Hair Design-Blue Island,#4B58D8
401764,John Amico School of Hair Design,#4B58D8
402563,Delta College Inc,#4B58D8
402776,Southwest University of Visual Arts-Albuquerque,#4B58D8
402800,Tri-State Cosmetology Institute,#4B58D8
403469,Frontier Community College,#4B58D8
403478,Lincoln Trail College,#4B58D8
403487,Wabash Valley College,#4B58D8
404037,American Institute of Interior Design,#4B57D8
404055,Brookline College-Tempe,#4B57D8
404222,Inter American University of Puerto Rico-School of Optometry,#4B57D8
404338,Schiller International University,#4B57D8
404426,Coconino Community College,#4B57D8
404480,University System of Maryland-Research Centers,#4B57D8
404684,Emma's Beauty Academy-Juana Diaz,#4B57D8
404718,Brillare Beauty Institute,#4B56D8
404806,Columbia Central University-Yauco,#4B56D8
404912,Pima Medical Institute-Denver,#4B56D8
404994,ASA College,#4B56D8
405012,Ohio State School of Cosmetology-Heath,#4B56D8
405058,Yeshivas Novominsk,#4B56D8
405076,Southern Careers Institute-Corpus Christi,#4B56D8
405854,Rabbinical College of Ohr Shimon Yisroel,#4B56D8
405872,Carroll Community College,#4B55D8
406024,Galen College of Nursing-Tampa Bay,#4B55D8
406033,Galen College of Nursing-San Antonio,#4B55D8
406149,Sarasota School of Massage Therapy,#4B55D8
406325,Schuyler Steuben Chemung Tioga Allegany BOCES,#4B55D8
406361,Delaware Chenango Madison Otsego BOCES-Practical Nursing Program,#4B55D8
406413,DCI Career Institute,#4B55D8
406422,Central Susquehanna Intermediate Unit LPN Career,#4B54D8
406486,Myotherapy College of Utah,#4B54D8
406547,City College-Gainesville,#4B54D8
407090,G Skin & Beauty Institute,#4B54D8
407142,Cosmetology Training Center,#4B54D8
407151,Stage One-The Hair School,#4B54D8
407179,Empire Beauty School-Malden,#4B54D8
407355,Xenon International Academy-Omaha,#4B54D8
407391,Capri Institute of Hair Design-Brick,#4B53D8
407407,Capri Institute of Hair Design-Kenilworth,#4B53D8
407425,Capri Institute of Hair Design-Paramus,#4B53D8
407434,Orlo School of Hair Design and Cosmetology,#4B53D8
407461,Eastland-Fairfield Career and Technical Schools,#4B53D8
407470,Empire Beauty School-Cincinnati,#4B53D8
407489,Mahoning County Career and Technical Center,#4B53D8
407513,Pickaway Ross Joint Vocational School District,#4B52D8
407522,Pioneer Career and Technology Center,#4B52D8
407568,Raphael's School of Beauty Culture Inc-Boardman,#4B52D8
407577,Scioto County Career Technical Center,#4B52D8
407595,Trumbull Career & Technical Center,#4B52D8
407610,Pacific Bible College,#4B52D8
407629,Lake Erie College of Osteopathic Medicine,#4B52D8
407683,UCAS University of Cosmetology Arts & Sciences-Harlingen,#4B52D8
407708,Highlights Beauty Schools,#4B51D8
407735,Empire Beauty School-Green Bay,#4B51D8
407832,Warren County Career Center,#4B51D8
408066,Paul Mitchell the School-Wichita,#4B51D8
408163,Pinnacle Institute of Cosmetology,#4B51D8
408385,Southern Careers Institute-Pharr,#4B51D8
408729,Laurel Technical Institute,#4B51D8
408844,Florida National University-Main Campus,#4B50D8
408862,Georgia Institute of Cosmetology,#4B50D8
409032,Nouvelle Institute,#4B50D8
409120,Franklin Technology Center Adult Education,#4B50D8
409193,Professional Technical Institution,#4B50D8
409254,Erikson Institute,#4B50D8
409315,South Texas College,#4B50D8
409379,Tennessee Board of Regents,#4B4FD8
409537,Pike County Joint Vocational School District,#4B4FD8
409591,Lorain County Joint Vocational School District,#4B4FD8
409616,Roger Williams University School of Law,#4B4FD8
409698,California State University-Monterey Bay,#4B4FD8
410797,Ohio Media School-Valley View,#4B4FD8
410964,EINE Inc,#4B4FD8
411684,Marian Health Careers Center-Los Angeles Campus,#4B4FD8
411754,Cleveland Clinic Health System-School of Diagnostic Imaging,#4B4ED8
412173,Academy for Nursing and Health Occupations,#4B4ED8
412535,Shawsheen Valley School of Practical Nursing,#4B4ED8
412544,Shear Ego International School of Hair Design,#4B4ED8
412599,Remington College-Memphis Campus,#4B4ED8
413176,Fayette Institute of Technology,#4B4ED8
413413,Capella University,#4B4ED8
413617,College of Menominee Nation,#4B4DD8
413626,Leech Lake Tribal College,#4B4DD8
413680,Spartan College of Aeronautics & Technology,#4B4DD8
413778,Stone Academy-Waterbury,#4B4DD8
413820,Yukon Beauty College Inc,#4B4DD8
413893,United Education Institute-Morrow,#4B4DD8
413945,Toni & Guy Hairdressing Academy-Atlanta,#4B4DD8
413972,Mitchells Academy,#4B4DD8
414063,Artistic Academy of Hair Design,#4B4CD8
414124,Motoring Technical Training Institute,#4B4CD8
414461,Mech-Tech College,#4B4CD8
414489,Baldwin Beauty School-North Austin,#4B4CD8
414540,Jean Madeline Aveda Institute,#4B4CD8
414595,Pacific College of Health and Science,#4B4CD8
414823,Johnson & Wales University-North Miami,#4B4CD8
414869,Tricoci University of Beauty Culture-Indianapolis,#4B4BD8
414878,Trine University-Regional/Non-Traditional Campuses,#4B4BD8
414911,Pennsylvania Highlands Community College,#4C4BD8
414939,Nevada Career Institute,#4C4BD8
414966,Phillips Theological Seminary,#4C4BD8
415039,Empire Beauty School-Hanover,#4C4BD8
415057,Industrial Management Training Institute,#4C4BD8
415987,Allen School-Jamaica,#4C4BD8
416458,Premiere Career College,#4C4BD8
416801,The University of Texas MD Anderson Cancer Center,#4C4BD8
417008,Paul Mitchell the School-Huntsville,#4D4BD8
417053,Cedars Sinai Medical Center,#4D4BD8
417062,Estes Institute of Cosmetology Arts and Science,#4D4BD8
417105,Baldwin Park Adult & Community Education,#4D4BD8
417123,Ventura Adult and Continuing Education,#4D4BD8
417248,CT Aero Tech School,#4D4BD8
417275,Stratford School for Aviation Maintenance Technicians,#4D4BD8
417327,City College-Altamonte Springs,#4E4BD8
417442,Career Center of Southern Illinois,#4E4BD8
417503,Crave Beauty Academy,#4E4BD8
417600,Hastings Beauty School,#4E4BD8
417628,Kirksville Area Technical Center,#4E4BD8
417637,South Central Career Center,#4E4BD8
417646,Saline County Career Center,#4E4BD8
417655,Warrensburg Area Career Center,#4E4BD8
417682,Cass Career Center,#4F4BD8
417716,Applied Technology Services,#4F4BD8
417725,Central College of Cosmetology,#4F4BD8
417734,Southeast Missouri Hospital College of Nursing and Health Sciences,#4F4BD8
417752,Messenger College,#4F4BD8
417831,Union County Vocational Technical School,#4F4BD8
417840,Prism Career Institute-Philadelphia,#4F4BD8
417868,Clinton Essex Warren Washington BOCES,#504BD8
417886,Jefferson Lewis BOCES-Practical Nursing Program,#504BD8
417910,Veeb Nassau County School of Practical Nursing,#504BD8
417983,Cattaraugus Allegany BOCES-Practical Nursing Program,#504BD8
417992,Orange Ulster BOCES-Practical Nursing Program,#504BD8
418001,Wayne Finger Lakes BOCES-Practical Nursing Program,#504BD8
418010,Broome Delaware Tioga BOCES-Practical Nursing Program,#504BD8
418029,Washington Saratoga Warren Hamilton Essex BOCES-Practical Nursing Program,#514BD8
418038,Albany BOCES-Adult Practical Nursing Program,#514BD8
418056,Ulster BOCES-School of Practical Nursing,#514BD8
418065,Eastern Suffolk BOCES,#514BD8
418083,Rockland County BOCES-Practical Nursing Program,#514BD8
418126,New York College of Health Professions,#514BD8
418171,Charles Stuart School of Diamond Setting,#514BD8
418199,Penta County Joint Vocational School,#514BD8
418205,Career and Technology Education Centers of Licking County,#524BD8
418223,Northern Career Institute,#524BD8
418250,Washington County Career Center-Adult Technical Training,#524BD8
418269,Ohio Media School-Cincinnati,#524BD8
418278,Vantage Career Center,#524BD8
418296,Indian Capital Technology Center-Muskogee,#524BD8
418302,Western Technology Center,#524BD8
418320,Mid-America Technology Center,#534BD8
418348,Eastern Oklahoma County Technology Center,#534BD8
418357,Wes Watkins Technology Center,#534BD8
418409,York County School of Technology-Adult & Continuing Education,#534BD8
418427,Chester County Intermediate Unit,#534BD8
418445,Jefferson County Dubois Area Vocational Technical Practical Nursing Program,#534BD8
418454,Greater Johnstown Career and Technology Center,#534BD8
418481,Mifflin County Academy of Science and Technology,#534BD8
418515,Lenape Technical School Practical Nursing Program,#544BD8
418524,Venango County Area Vocational Technical School,#544BD8
418533,Lancaster County Career and Technology Center,#544BD8
418542,Lebanon County Area Vocational Technical School,#544BD8
418560,Indiana County Technology Center,#544BD8
418588,Northern Tier Career Center,#544BD8
418612,Hazleton Area Career Center,#544BD8
418658,All-State Career School-Pittsburgh,#554BD8
418764,Quality Technical and Beauty College,#554BD8
418773,D'Mart Institute,#554BD8
418782,Automeca Technical College-Aguadilla,#554BD8
418889,North Central Institute,#554BD8
418913,Pipo Academy of Hair Design,#554BD8
418968,Tint School of Makeup and Cosmetology-Dallas,#554BD8
419031,United Technical Center,#554BD8
419095,Charles H McCann Technical School,#564BD8
419183,Central California School of Continuing Education,#564BD8
419217,Mercy Hospital School of Practical Nursing-Plantation General Hospital,#564BD8
419226,Marion Technical College,#564BD8
419235,Rivertown School of Beauty Barber Skin Care and Nails,#564BD8
419244,Atlanta Institute of Music and Media,#564BD8
419253,Illinois Media School,#564BD8
419280,New Dimensions School of Hair Design,#574BD8
419332,Forbes Road Career and Technology Center,#574BD8
419341,Jna Institute of Culinary Arts,#574BD8
419420,Putnam Career and Technical Center,#574BD8
419484,Crawford County Career and Technical Center Practical Nursing Program,#574BD8
419633,Texas College of Cosmetology-San Angelo,#574BD8
419703,Automeca Technical College-Bayamon,#574BD8
419712,Automeca Technical College-Caguas,#584BD8
419721,Automeca Technical College-Ponce,#584BD8
420024,Centura College-Chesapeake,#584BD8
420042,University of Phoenix-Hawaii,#584BD8
420130,Prism Career Institute-Cherry Hill,#584BD8
420246,Southwest College of Naturopathic Medicine & Health Sciences,#584BD8
420255,Escuela de Peritos Electricistas de Isabela Inc,#584BD8
420325,Yeshiva D'monsey Rabbinical College,#584BD8
420343,Lincoln Technical Institute-Mahwah,#594BD8
420370,Career Technical Institute,#594BD8
420398,Northwest Vista College,#594BD8
420431,Oconee Fall Line Technical College,#594BD8
420440,York County Community College,#594BD8
420468,Western Suffolk BOCES,#594BD8
420538,Arkansas State University-Mountain Home,#594BD8
420556,Columbia Gorge Community College,#5A4BD8
420705,Bakke Graduate University,#5A4BD8
420723,Tillamook Bay Community College,#5A4BD8
420802,Arizona Board of Regents,#5A4BD8
420981,Manhattan School of Computer Technology,#5A4BD8
421513,Ross College-Hopkinsville,#5A4BD8
421610,Paul Mitchell the School-St. George,#5A4BD8
421665,Cadillac Institute of Cosmetology,#5A4BD8
421708,Arizona College of Nursing-Tempe,#5B4BD8
421717,Vanguard-Sentinel Adult Career and Technology Center,#5B4BD8
421771,House of Heavilin Beauty College-Raymore,#5B4BD8
421832,Living Arts College,#5B4BD8
421841,New York Conservatory for Dramatic Arts,#5B4BD8
421878,Eastern International College-Jersey City,#5B4BD8
421896,Academia Serrant Inc,#5B4BD8
422020,San Joaquin Valley College-Fresno Aviation,#5C4BD8
422695,Pacific College,#5C4BD8
422835,American College of Healthcare and Technology,#5C4BD8
423120,Compu-Med Vocational Careers Corp,#5C4BD8
423397,Advantage Technical College,#5C4BD8
423412,Mid Cities Barber College,#5C4BD8
423643,Midwestern University-Glendale,#5C4BD8
423652,Oregon Coast Community College,#5C4BD8
425250,Gwinnett College-Sandy Springs,#5D4BD8
425986,Mildred Elley-Pittsfield Campus,#5D4BD8
426314,Embry-Riddle Aeronautical University-Worldwide,#5D4BD8
427308,Merkaz Bnos-Business School,#5D4BD8
427335,Lia Schorr Institute of Cosmetic Skin Care Training,#5D4BD8
427894,CET-Alexandria,#5D4BD8
427973,Aviation Institute of Maintenance-Norfolk,#5D4BD8
427982,Centura College-Richmond Main,#5E4BD8
427991,Osceola Technical College,#5E4BD8
428000,Miami Ad School,#5E4BD8
428019,Green Country Technology Center,#5E4BD8
428055,Nova College de Puerto Rico,#5E4BD8
428125,John Wesley International Barber and Beauty College,#5E4BD8
428143,Miller-Motte College-Platt College-Lawton,#5E4BD8
428170,Southeastern College-West Palm Beach,#5E4BD8
428259,Ottawa University-Milwaukee,#5F4BD8
428392,Klamath Community College,#5F4BD8
428426,San Bernardino Community College District,#5F4BD8
428453,Minnesota State Colleges and Universities System Office,#5F4BD8
429012,L3Harris Flight Academy,#5F4BD8
429085,American College of Acupuncture and Oriental Med,#5F4BD8
429094,AOMA Graduate School of Integrative Medicine,#5F4BD8
429128,Urban College of Boston,#604BD8
430184,Strayer University-Maryland,#604BD8
430218,Empire Beauty School-Bordentown,#604BD8
430227,Empire Beauty School-Monroeville,#604BD8
430245,Southern Careers Institute-San Antonio,#604BD8
430306,Cayce/Reilly School of Massage,#604BD8
430403,Prism Career Institute-West Atlantic City,#604BD8
430485,The Creative Center,#614BD8
430564,Studio Jewelers,#614BD8
430582,Praxis Institute,#614BD8
430670,San Juan Bautista School of Medicine,#614BD8
430704,Texas Health and Science University,#614BD8
430795,Carver Career Center,#614BD8
430883,Cayuga Onondaga BOCES-Practical Nursing Program,#614BD8
430908,Clearfield County Career and Technology Center,#614BD8
430935,Colegio de Cinematografía Artes y Television,#624BD8
430971,Delaware County Technical School-Practical Nursing Program,#624BD8
431017,Mid-Del Technology Center,#624BD8
431071,New York Institute of Massage Inc,#624BD8
431099,Jolie Hair and Beauty Academy-Ludlow,#624BD8
431105,Dutchess BOCES-Practical Nursing Program,#624BD8
431123,Escuela Tecnica de Electricidad,#624BD8
431141,Institute of Technology,#634BD8
431169,Garnet Career Center,#634BD8
431187,Bristol Technical Education Center,#634BD8
431196,Genesee Valley BOCES-Practical Nursing Program,#634BD8
431266,Henrico County-Saint Marys Hospital School of Practical Nursing,#634BD8
431275,Herkimer County BOCES-Practical Nursing Program,#634BD8
431284,International Beauty College,#634BD8
431558,Cape Coral Technical College,#634BD8
431600,UPMC Mercy School of Nursing,#644BD8
431716,Ocean County Vocational-Technical School,#644BD8
431929,Trinity College of Puerto Rico,#644BD8
431983,Yeshiva of the Telshe Alumni,#644BD8
432117,Kenneth Shuler School of Cosmetology-Rock Hill,#644BD8
432144,South Orange County Community College District,#644BD8
432269,CET-El Paso,#644BD8
432348,Appalachian School of Law,#654BD8
432384,Platt College-Ontario,#654BD8
432524,Delaware College of Art and Design,#654BD8
433004,American University of Health Sciences,#654BD8
433013,Career Networks Institute,#654BD8
433040,Monty Tech,#654BD8
433068,Okaloosa Technical College,#654BD8
433101,Lincoln Technical Institute-Lincoln,#654BD8
433138,Wayne County Schools Career Center,#664BD8
433174,Carolinas College of Health Sciences,#664BD8
433387,Western Governors University,#664BD8
433420,California Aeronautical University,#664BD8
433536,Herzing University-New Orleans,#664BD8
433660,Florida Gulf Coast University,#664BD8
434016,Little Priest Tribal College,#664BD8
434061,South Louisiana Community College,#674BD8
434140,Pima Medical Institute-Chula Vista,#674BD8
434159,Lincoln College of Technology-Marietta,#674BD8
434274,Academy of Hair Design-Lufkin,#674BD8
434283,Pathway Vocational Academy,#674BD8
434292,Anson College of Cosmetology,#674BD8
434308,Cortiva Institute,#674BD8
434344,Toni & Guy Hairdressing Academy-Worcester,#674BD8
434362,Northwest HVAC/R Training Center,#684BD8
434432,Myotherapy Institute,#684BD8
434441,Florida College of Integrative Medicine,#684BD8
434469,New Professions Technical Institute,#684BD8
434496,Strand College of Hair Design,#684BD8
434539,City College-Miami,#684BD8
434584,Ilisagvik College,#684BD8
434672,Community College of Baltimore County,#694BD8
434715,Florida Coastal School of Law,#694BD8
434751,White Earth Tribal and Community College,#694BD8
434821,Blue Cliff College-Metairie,#694BD8
434830,Creative Images Institute of Cosmetology-North Dayton,#694BD8
434900,Dewey University-Carolina,#694BD8
434937,Yeshiva College of the Nations Capital,#694BD8
435000,Louisiana State University Health Sciences Center-Shreveport,#6A4BD8
436003,Central Career Institute LLC,#6A4BD8
436030,Hair Academy II,#6A4BD8
436100,Mr Leon's School of Hair Design-Lewiston,#6A4BD8
436261,Southwest Acupuncture College-Boulder,#6A4BD8
436304,River Parishes Community College,#6A4BD8
436429,Los Angeles Film School,#6A4BD8
436553,Century College,#6A4BD8
436599,FINE Mortuary College,#6B4BD8
436614,International Baptist College and Seminary,#6B4BD8
436632,Gwinnett College,#6B4BD8
436641,Fortis College-Foley,#6B4BD8
436650,Medical Training College,#6B4BD8
436775,Toni & Guy Hairdressing Academy-Plano,#6B4BD8
436818,University of Connecticut-Waterbury Campus,#6B4BD8
436827,University of Connecticut-Avery Point,#6C4BD8
436836,University of Connecticut-Stamford,#6C4BD8
437097,University of Management and Technology,#6C4BD8
437103,Baton Rouge Community College,#6C4BD8
437237,IYRS School of Technology & Trades,#6C4BD8
437316,Linfield University-School of Nursing,#6C4BD8
437325,Linfield University-Online and Continuing Education,#6C4BD8
437556,Midwest Technical Institute-Illinois,#6C4BD8
437608,Advanced Barber College and Hair Design,#6D4BD8
437635,The College of Health Care Professions-Austin,#6D4BD8
437705,Monteclaro Escuela de Hoteleria y Artes Culinarias,#6D4BD8
437723,New Community Career & Technical Institute,#6D4BD8
437732,Chicago School of Professional Psychology-College of Nursing,#6D4BD8
437750,Professional Golfers Career College,#6D4BD8
437769,Chester Career College,#6D4BD8
437778,Milan Institute-San Antonio Ingram,#6E4BD8
437857,Rudae's School of Beauty Culture-Ft Wayne,#6E4BD8
437936,Carrington College-San Jose,#6E4BD8
438151,Stevens-Henager College,#6E4BD8
438179,Brookline College-Tucson,#6E4BD8
438221,Miller-Motte College-McCann-Lewisburg,#6E4BD8
438258,Carrington College-Pleasant Hill Campus,#6E4BD8
438285,Cortiva Institute,#6E4BD8
438337,Modern Hairstyling Institute-Carolina,#6F4BD8
438498,Stratford University,#6F4BD8
438504,Universal Technical Institute of California Inc,#6F4BD8
438586,American InterContinental University-Atlanta,#6F4BD8
438665,Rancho Santiago Community College District Office,#6F4BD8
438674,The Academy of Hair Design Six,#6F4BD8
438708,Eastern West Virginia Community and Technical College,#6F4BD8
438735,Aviation Institute of Maintenance-Indianapolis,#704BD8
438869,Remington College-Little Rock Campus,#704BD8
438984,IVAEM College,#704BD8
439020,Midwest College of Oriental Medicine-Skokie,#704BD8
439118,Carrington College-Spokane,#704BD8
439154,Texas Tech University System Administration,#704BD8
439190,Cascadia College,#704BD8
439288,Johnson & Wales University-Denver,#714BD8
439367,CBD College,#714BD8
439394,East West College of Natural Medicine,#714BD8
439446,Atlantic Institute of Oriental Medicine,#714BD8
439455,MDT College of Health Sciences,#714BD8
439473,Bennett Career Institute,#714BD8
439491,Blue Cliff College-Lafayette,#714BD8
439507,Quest College,#714BD8
439570,Community Care College,#724BD8
439622,Erie 1 BOCES,#724BD8
439668,HDS Truck Driving Institute,#724BD8
439686,International Training Careers,#724BD8
439701,The King's University,#724BD8
439738,Fortis College-Baton Rouge,#724BD8
439747,My Le's Beauty College,#724BD8
439774,New Concept Massage and Beauty School,#734BD8
439783,New York College of Traditional Chinese Medicine,#734BD8
439792,Fortis College-Orange Park,#734BD8
439817,Northeastern Seminary,#734BD8
439844,Omega Institute of Cosmetology,#734BD8
439862,Pacific Islands University,#734BD8
439871,PCI College,#734BD8
439899,Rosedale Bible College,#734BD8
439914,Seattle Institute of East Asian Medicine,#744BD8
439932,Shawnee Beauty College,#744BD8
439969,Acupuncture and Massage College,#744BD8
440004,Upper Valley Educators Institute,#744BD8
440031,Keck Graduate Institute,#744BD8
440059,Aviation Institute of Maintenance-Atlanta,#744BD8
440101,Empire Beauty School-Kennesaw,#744BD8
440138,Antioch University-System Administration,#754BD8
440217,Huntingdon County Career and Technology Center,#754BD8
440226,Missouri College of Cosmetology North,#754BD8
440262,New York Automotive and Diesel Institute,#754BD8
440271,Remington College-Baton Rouge Campus,#754BD8
440396,New Saint Andrews College,#754BD8
440402,Arkansas State University-Newport,#754BD8
440651,Atenas College,#754BD8
440730,Onondaga Cortland Madison BOCES,#764BD8
440749,National American University-Ellsworth AFB Extension,#764BD8
440776,Interactive College of Technology,#764BD8
440794,Pillar College,#764BD8
440819,Miami Ad School-San Francisco,#764BD8
440828,Oregon State University-Cascades Campus,#764BD8
440855,Milan Institute-Amarillo,#764BD8
440916,Southern University Law Center,#774BD8
440989,Texas Barber College,#774BD8
441025,Miller-Motte College-Charleston,#774BD8
441052,American Career College-Anaheim,#774BD8
441070,Saginaw Chippewa Tribal College,#774BD8
441104,Richmont Graduate University,#774BD8
441131,The Seattle School of Theology & Psychology,#774BD8
441168,Northwest College-Hillsboro,#774BD8
441210,East Valley Institute of Technology,#784BD8
441229,Triad Education,#784BD8
441238,Irell & Manella Graduate School of Biological Sciences at City of Hope,#784BD8
441256,Design's School of Cosmetology,#784BD8
441371,Ultimate Medical Academy,#784BD8
441380,Florida Barber Academy,#784BD8
441414,M-DCPS The English Center,#784BD8
441423,Florida Education Institute,#794BD8
441487,Texas County Technical College,#794BD8
441496,Aviation Institute of Maintenance-Kansas City,#794BD8
441502,Blue Cliff College-Gulfport,#794BD8
441548,Institute for Therapeutic Massage,#794BD8
441575,Metropolitan Learning Institute,#794BD8
441593,Orleans Niagara BOCES-Practical Nursing Program,#794BD8
441609,Yeshiva Shaarei Torah of Rockland,#7A4BD8
441618,Leon Studio One School of Beauty Knowledge,#7A4BD8
441636,American Institute of Alternative Medicine,#7A4BD8
441645,Brown Aveda Institute-Mentor,#7A4BD8
441663,Institute of Technology,#7A4BD8
441672,Susquehanna County Career and Technology Center,#7A4BD8
441690,Universidad Pentecostal Mizpa,#7A4BD8
441706,Caribbean Forensic and Technical College,#7A4BD8
441742,Concorde Career College-Grand Prairie,#7B4BD8
441760,Lamar Institute of Technology,#7B4BD8
441788,Aviation Institute of Maintenance-Dallas,#7B4BD8
441830,Healing Mountain Massage School,#7B4BD8
441858,Eastern Virginia Career College,#7B4BD8
441876,"Rudy & Kelly Academy, A Paul Mitchell Partner School",#7B4BD8
441900,Nevada State College,#7B4BD8
441937,California State University-Channel Islands,#7C4BD8
441982,Franklin W Olin College of Engineering,#7C4BD8
442064,Won Institute of Graduate Studies,#7C4BD8
442073,Lincoln Technical Institute-Paramus,#7C4BD8
442134,Pima Medical Institute-Colorado Springs,#7C4BD8
442161,University of Phoenix-Illinois,#7C4BD8
442213,Birthwise Midwifery School,#7C4BD8
442240,Paul Mitchell the School-Costa Mesa,#7C4BD8
442295,Ave Maria School of Law,#7D4BD8
442329,Tulsa Welding School-Jacksonville,#7D4BD8
442356,Pennsylvania College of Health Sciences,#7D4BD8
442383,West Virginia Junior College-Bridgeport,#7D4BD8
442392,Antioch University-PhD Program in Leadership and Change,#7D4BD8
442426,St Louis College of Health Careers-Fenton,#7D4BD8
442435,Interactive College of Technology-Gainesville,#7D4BD8
442444,San Joaquin Valley College-Ontario,#7E4BD8
442523,Alaska Christian College,#7E4BD8
442569,Grantham University,#7E4BD8
442602,Carrington College-Albuquerque,#7E4BD8
442611,NASCAR Technical Institute,#7E4BD8
442639,University of the Potomac-VA Campus,#7E4BD8
442657,Milan Institute-Palm Desert,#7E4BD8
442781,Tohono O'odham Community College,#7E4BD8
442806,Edward Via College of Osteopathic Medicine,#7F4BD8
442842,Pacific College of Health Science-Chicago,#7F4BD8
442879,Southwest Institute of Healing Arts,#7F4BD8
442888,InterCoast Colleges-Riverside,#7F4BD8
442930,University of Antelope Valley,#7F4BD8
442949,Birthingway College of Midwifery,#7F4BD8
442967,Pima Medical Institute-Albuquerque West,#7F4BD8
442976,Brighton Center's Center for Employment Training,#804BD8
442985,California Healing Arts College,#804BD8
443021,Dallas Barber & Stylist College,#804BD8
443030,NorthShore University HealthSystem School of Nurse Anesthesia,#804BD8
443049,Faith International University,#804BD8
443058,Family of Faith Christian University,#804BD8
443076,Hood Theological Seminary,#804BD8
443100,Colegio Educativo Tecnologico Industrial Inc,#814BD8
443128,International Technological University,#814BD8
443137,Irene's Myomassology Institute,#814BD8
443146,Jay's Technical Institute,#814BD8
443207,NTMA Training Centers of Southern California,#814BD8
443216,P C Age-Jersey City,#814BD8
443225,PC AGE-Metropark,#814BD8
443234,Hollywood Institute,#814BD8
443252,South Florida Institute of Technology,#824BD8
443261,Southeastern College-Charleston,#824BD8
443289,Tigi Hairdressing Academy-Colorado Springs,#824BD8
443298,Trend Barber College,#824BD8
443322,Valley Grande Institute for Academic Studies,#824BD8
443331,West Coast University-Los Angeles,#824BD8
443340,Williamson Christian College,#824BD8
443368,Illinois Eastern Community College-System Office,#834BD8
443377,Triangle Tech Inc-Sunbury,#834BD8
443410,DigiPen Institute of Technology,#834BD8
443492,Pierpont Community and Technical College,#834BD8
443562,Dewey University-Hato Rey,#834BD8
443571,InterCoast Colleges-West Covina,#834BD8
443599,American College of Healthcare Sciences,#834BD8
443632,Colorado Media School,#834BD8
443641,Paul Mitchell the School-Rhode Island,#844BD8
443650,Miller-Motte College-Chattanooga,#844BD8
443669,Milan Institute-Sparks,#844BD8
443696,Interactive College of Technology,#844BD8
443702,"Bexley Hall Seabury Western Theological Seminary Federation, Inc.",#844BD8
443711,University of North Texas System,#844BD8
443748,Altierus Career College-Norcross,#844BD8
443766,Strayer University-Tennessee,#854BD8
443784,Strayer University-Pennsylvania,#854BD8
443951,Charlie's Guard-Detective Bureau and Academy Inc,#854BD8
443979,PCI Academy-Plymouth,#854BD8
444051,Creative Images Institute of Cosmetology-South Dayton,#854BD8
444088,Brookline College-Albuquerque,#854BD8
444103,Byzantine Catholic Seminary of Saints Cyril and Methodius,#854BD8
444130,Northcentral University,#854BD8
444194,Bayamon Community College,#864BD8
444219,Folsom Lake College,#864BD8
444228,LeGrand Institute of Cosmetology Inc,#864BD8
444255,Hussian College-Daymar College Murfreesboro,#864BD8
444264,Cambridge Technical Institute,#864BD8
444282,Empire Beauty School-Midlothian,#864BD8
444291,Empire Beauty School-Owings Mills,#864BD8
444307,Empire Beauty School-West Mifflin,#874BD8
444316,Bold Beauty Academy,#874BD8
444325,ATI College-Whittier,#874BD8
444334,Advance Science International College,#874BD8
444343,Advanced College,#874BD8
444361,ATA College,#874BD8
444370,American Advanced Technicians Institute,#874BD8
444398,Baptist University of the Americas,#874BD8
444404,The Beauty Institute,#884BD8
444413,Beis Medrash Heichal Dovid,#884BD8
444440,Blue Cliff Career College,#884BD8
444468,Career Beauty College,#884BD8
444486,Paul Mitchell the School-Gastonia,#884BD8
444510,CES College,#884BD8
444529,Stellar Career College,#884BD8
444556,Auguste Escoffier School of Culinary Arts-Austin,#894BD8
444565,Culinary Institute Inc,#894BD8
444583,Escuela Hotelera de San Juan,#894BD8
444635,Orion Institute,#894BD8
444662,Moore Career College,#894BD8
444671,Industrial Technical College,#894BD8
444699,Institute of Clinical Acupuncture & Oriental Med,#894BD8
444714,Gwinnett College-Marietta Campus,#8A4BD8
444732,Leston College,#8A4BD8
444778,Charlotte Christian College and Theological Seminary,#8A4BD8
444787,Nightingale College,#8A4BD8
444796,Omnitech Institute,#8A4BD8
444811,PITC Institute,#8A4BD8
444857,Skinworks School of Advanced Skincare,#8A4BD8
444866,Southeastern College-Columbia,#8A4BD8
444893,Technical Learning Centers Inc,#8B4BD8
444936,Turning Point Beauty College,#8B4BD8
444945,Unitech Training Academy-Lafayette,#8B4BD8
444954,Mountwest Community and Technical College,#8B4BD8
445027,American InterContinental University,#8B4BD8
445054,Toyota Technological Institute at Chicago,#8B4BD8
445133,American InterContinental University-Houston,#8B4BD8
445188,University of California-Merced,#8C4BD8
445203,Remington College-North Houston Campus,#8C4BD8
445212,Paul Mitchell the School-Orlando,#8C4BD8
445230,Pima Medical Institute-Las Vegas,#8C4BD8
445249,Remington College-Nashville Campus,#8C4BD8
445258,Miller-Motte College Platt College-OKC-Memorial,#8C4BD8
445267,Central Methodist University-College of Graduate and Extended Studies,#8C4BD8
445300,University of Phoenix-New Jersey,#8C4BD8
445364,North-West College-Riverside,#8D4BD8
445461,Altierus Career College-Bissonnet,#8D4BD8
445498,Colegio Tecnico de Electricidad Galloza,#8D4BD8
445540,Arthur's Beauty College,#8D4BD8
445638,Spa Tech Institute-Ipswich,#8D4BD8
445647,Spa Tech Institute-Westboro,#8D4BD8
445656,Spa Tech Institute-Plymouth,#8D4BD8
445692,Neumont College of Computer Science,#8E4BD8
445708,Johnson & Wales University-Charlotte,#8E4BD8
445735,Roseman University of Health Sciences,#8E4BD8
445744,Fortis Institute-Port Saint Lucie,#8E4BD8
445762,Aviation Institute of Maintenance-Manassas,#8E4BD8
445780,Cosmetology School of Arts & Sciences,#8E4BD8
445799,Universal Technical Institute of Pennsylvania Inc,#8E4BD8
445841,Kenneth Shuler School of Cosmetology-Spartanburg,#8E4BD8
445850,Kenneth Shuler School of Cosmetology-Columbia,#8F4BD8
445869,Divine Mercy University,#8F4BD8
445911,Lincoln Technical Institute-Shelton,#8F4BD8
445948,Northwest Career College,#8F4BD8
445957,Soma Institute-The National School of Clinical Massage Therapy,#8F4BD8
446002,American Academy of Health and Wellness,#8F4BD8
446039,Arizona School of Acupuncture and Oriental Medicine,#8F4BD8
446048,Ave Maria University,#904BD8
446084,CALC Institute of Technology,#904BD8
446093,Sutter County Career Training Center,#904BD8
446109,Cambridge Institute of Allied Health & Technology,#904BD8
446118,Career Care Institute,#904BD8
446127,ATA Career Education,#904BD8
446136,Career Quest Learning Centers-Lansing,#904BD8
446163,Community Christian College,#904BD8
446206,Culpeper Cosmetology Training Center,#914BD8
446224,Eastern School of Acupuncture and Traditional Medicine,#914BD8
446233,Ecclesia College,#914BD8
446242,Employment Solutions-College for Technical Education,#914BD8
446251,Estelle Medical Academy,#914BD8
446260,Evergreen Beauty and Barber College-Everett,#914BD8
446288,Paul Mitchell the School-Great Lakes,#914BD8
446303,Healthcare Training Institute,#924BD8
446349,John D Rockefeller IV Career Center,#924BD8
446385,Los Angeles College of Music,#924BD8
446394,Maple Springs Baptist Bible College and Seminary,#924BD8
446455,Precision Manufacturing Institute,#924BD8
446516,Rosslyn Training Academy of Cosmetology,#924BD8
446525,SAE Institute of Technology-Nashville,#924BD8
446552,Southern Technical College,#934BD8
446561,Stanbridge University,#934BD8
446589,Universal Career School,#934BD8
446598,Universal College of Healing Arts,#934BD8
446604,Uta Mesivta of Kiryas Joel,#934BD8
446613,W L Bonner College,#934BD8
446640,Harrisburg University of Science and Technology,#934BD8
446774,Blue Ridge Community and Technical College,#934BD8
446978,Colorado State University-System Office,#944BD8
447014,Daytona College,#944BD8
447023,Delta Technical College-Mississippi,#944BD8
447050,United States University,#944BD8
447148,Empire Beauty School-Avondale,#944BD8
447166,Empire Beauty School-Littleton,#944BD8
447175,Empire Beauty School-Aurora,#944BD8
447263,AmeriTech College-Draper,#954BD8
447351,San Joaquin Valley College-Modesto,#954BD8
447379,Miller-Motte College Platt College-Moore,#954BD8
447421,Eagle Gate College-Layton,#954BD8
447430,Carsten Institute of Cosmetology,#954BD8
447449,Academy of Hair Design-Jasper,#954BD8
447458,SAE Expression College,#954BD8
447467,Unitech Training Academy-West Monroe,#954BD8
447582,New River Community and Technical College,#964BD8
447591,The College of Health Care Professions-Southwest Houston,#964BD8
447607,United Education Institute-Chula Vista,#964BD8
447616,United Education Institute-West Covina,#964BD8
447689,Georgia Gwinnett College,#964BD8
447698,Phoenix Institute of Herbal Medicine & Acupuncture,#964BD8
447704,Tucson College of Beauty,#964BD8
447713,California Career College,#974BD8
447722,Palladium Technical Academy Inc,#974BD8
447731,Palace Beauty College,#974BD8
447759,National Polytechnic College,#974BD8
447768,American Career College-Ontario,#974BD8
447777,Asher College,#974BD8
447795,American Institute of Massage Therapy,#974BD8
447801,University of East-West Medicine,#974BD8
447810,Blake Austin College,#984BD8
447847,Aviator College of Aeronautical Science and Technology,#984BD8
447865,Trendsetters School of Beauty & Barbering,#984BD8
447874,CDA Technical Institute,#984BD8
447883,American Institute of Beauty,#984BD8
447892,North Florida Cosmetology Institute,#984BD8
447908,Florida Academy of Health & Beauty,#984BD8
447917,Augusta School of Massage,#994BD8
447935,ATA College,#994BD8
447953,SUM Bible College and Theological Seminary,#994BD8
447962,Compass Career College,#994BD8
447971,Hair Expressions Academy,#994BD8
447980,Nuvo College of Cosmetology,#994BD8
447999,WellSpring School of Allied Health-Kansas City,#994BD8
448017,Institute of Health & Technology,#9A4BD8
448026,The Salon Professional Academy-Fargo,#9A4BD8
448044,Institute of Professional Careers,#9A4BD8
448071,Aveda Arts & Sciences Institute-New York,#9A4BD8
448123,MyrAngel Beauty Institute,#9A4BD8
448196,Texas Health School,#9A4BD8
448220,Paul Mitchell the School-Logan,#9A4BD8
448239,Careers Unlimited,#9A4BD8
448248,Mountainland Technical College,#9B4BD8
448257,Avi Career Training,#9B4BD8
448275,Mountain State School of Massage,#9B4BD8
448336,Arkansas State University System,#9B4BD8
448354,Eastern International College-Belleville,#9B4BD8
448372,San Joaquin Valley College-Rancho Cordova,#9B4BD8
448381,San Joaquin Valley College-Central Administrative Office,#9B4BD8
448424,Broken Arrow Beauty College,#9C4BD8
448433,Universal Technical Institute of Northern California Inc,#9C4BD8
448594,West Hills College-Lemoore,#9C4BD8
448600,Stautzenberger College-Brecksville,#9C4BD8
448619,Stone Academy-East Hartford,#9C4BD8
448637,West Hills Community College District,#9C4BD8
448646,Unitech Training Academy-Houma,#9C4BD8
448673,Rasmussen University-Illinois,#9C4BD8
448691,International Institute for Restorative Practices,#9D4BD8
448707,Educational Technical College-Recinto de Coamo,#9D4BD8
448770,Automotive Training Center-Warminster,#9D4BD8
448798,Empire Beauty School-Milwaukee,#9D4BD8
448859,Triangle Tech Inc-Bethlehem,#9D4BD8
448895,Milan Institute-Clovis,#9D4BD8
449038,Strayer University-Florida,#9D4BD8
449074,Pima Medical Institute-Renton,#9E4BD8
449083,CBT Technology Institute-Main Campus,#9E4BD8
449092,CBT Technology Institute-Hialeah,#9E4BD8
449135,Dewey University-Juana Díaz,#9E4BD8
449250,The College of Health Care Professions-San Antonio,#9E4BD8
449311,Brittany Beauty Academy,#9E4BD8
449320,Lincoln Technical Institute-Whitestone,#9E4BD8
449339,American Public University System,#9E4BD8
449348,Huntsville Bible College,#9F4BD8
449357,Beaumont Adult School,#9F4BD8
449366,Make-up Designory,#9F4BD8
449384,Gnomon,#9F4BD8
449393,Coachella Valley Beauty College,#9F4BD8
449445,Valley College of Medical Careers,#9F4BD8
449454,Academy of Natural Therapy Inc,#9F4BD8
449463,Academy Di Capelli-School of Cosmetology,#A04BD8
449472,Delaware Learning Institute of Cosmetology,#A04BD8
449481,Dragon Rises College of Oriental Medicine,#A04BD8
449490,Palm Beach Academy of Health & Beauty,#A04BD8
449506,SABER College,#A04BD8
449524,Taylor College,#A04BD8
449533,Pensacola School of Massage Therapy & Health Careers,#A04BD8
449597,Ideal Beauty Academy,#A04BD8
449603,Denmark College,#A14BD8
449612,Louisiana Culinary Institute,#A14BD8
449658,Bais Medrash Toras Chesed,#A14BD8
449676,Ace Institute of Technology,#A14BD8
449685,New Age Training,#A14BD8
449700,Dayton School of Medical Massage,#A14BD8
449719,Northcoast Medical Training Academy,#A14BD8
449728,ATA College,#A24BD8
449764,Visible Music College,#A24BD8
449773,CCI Training Center-Arlington,#A24BD8
449782,Champion Beauty College,#A24BD8
449807,Southeast Texas Career Institute,#A24BD8
449816,Southwest Technical College,#A24BD8
449834,Virginia Beach Theological Seminary,#A24BD8
449861,Milwaukee Career College,#A34BD8
449870,University of the West,#A34BD8
449889,American College of Education,#A34BD8
449898,South University-Tampa,#A34BD8
449904,Milan Institute of Cosmetology-San Antonio Military,#A34BD8
449922,Appalachian College of Pharmacy,#A34BD8
449931,Averett University-Non-Traditional Programs,#A34BD8
449959,Paul Mitchell the School-Tampa,#A34BD8
449968,Paul Mitchell the School-San Diego,#A44BD8
449977,Paul Mitchell the School-Michigan,#A44BD8
449986,Paul Mitchell the School-Sherman Oaks,#A44BD8
449995,Paul Mitchell the School-Tysons Corner,#A44BD8
450021,Blue Cliff College-Houma,#A44BD8
450058,Fortis College-Columbus,#A44BD8
450067,Fortis College-Cincinnati,#A44BD8
450119,Blue Cliff College-Fayetteville,#A54BD8
450128,Blue Cliff College-Alexandria,#A54BD8
450298,Strayer University-Delaware,#A54BD8
450304,Brite Divinity School,#A54BD8
450377,Strayer University-Alabama,#A54BD8
450395,Brown Aveda Institute-Strongsville,#A54BD8
450401,Clary Sage College,#A54BD8
450571,Rasmussen University-Wisconsin,#A54BD8
450599,Empire Beauty School-Richmond,#A64BD8
450605,Empire Beauty School-North Hills,#A64BD8
450614,Empire Beauty School-Concord,#A64BD8
450632,Lexington Healing Arts Academy,#A64BD8
450641,Empire Beauty School-Hooksett,#A64BD8
450650,The Institute of Beauty and Wellness,#A64BD8
450696,Carrington College-Stockton,#A64BD8
450702,Carrington College-Citrus Heights,#A74BD8
450711,Trend Barber College,#A74BD8
450720,Euphoria Institute of Beauty Arts & Sciences-Summerlin,#A74BD8
450933,Columbia Southern University,#A74BD8
450951,Arizona Culinary Institute,#A74BD8
450960,Healthcare Career College,#A74BD8
450988,Coastline Beauty College,#A74BD8
451042,Branford Academy of Hair and Cosmetology,#A74BD8
451051,Academy of Massage and Bodywork,#A84BD8
451079,Academy for Five Element Acupuncture,#A84BD8
451097,Academy of Career Training,#A84BD8
451103,Miami Regional University,#A84BD8
451121,Paul Mitchell the School-Miami,#A84BD8
451149,Aveda Institute-South Florida,#A84BD8
451158,Aveda Institute-Tallahassee,#A84BD8
451167,Shear Excellence Hair Academy,#A94BD8
451194,Carlson College of Massage Therapy,#A94BD8
451228,MyComputerCareer.com,#A94BD8
451237,Z Hair Academy,#A94BD8
451255,DiGrigoli School of Cosmetology,#A94BD8
451264,Millennium Training Institute,#A94BD8
451282,Elevate Salon Institute,#A94BD8
451291,Lakewood School of Therapeutic Massage,#A94BD8
451307,The Salon Professional Academy-Battle Creek,#AA4BD8
451316,Trend Setters School,#AA4BD8
451334,Academy of Hair Design-Springfield,#AA4BD8
451343,Corinth Academy of Cosmetology,#AA4BD8
451352,Southeastern College-Charlotte,#AA4BD8
451370,Yeshivas Be'er Yitzchok,#AA4BD8
451398,Yeshiva Toras Chaim,#AA4BD8
451404,Talmudical Seminary of Bobov,#AB4BD8
451413,Center for Allied Health Education,#AB4BD8
451459,Monroe 2 Orleans BOCES-Center for Workforce Development,#AB4BD8
451468,Aveda Fredric's Institute-Cincinnati,#AB4BD8
451477,MyComputerCareer.edu-Columbus,#AB4BD8
451495,CDE Career Institute,#AB4BD8
451501,Instituto Educativo Premier,#AB4BD8
451510,Charleston School of Law,#AC4BD8
451529,Elite College of Cosmetology,#AC4BD8
451547,Manuel and Theresa's School of Hair Design-Bryan,#AC4BD8
451556,Southwest University at El Paso,#AC4BD8
451565,Paul Mitchell the School-Austin,#AC4BD8
451574,Aveda Institute-Provo,#AC4BD8
451583,Dixie Technical College,#AC4BD8
451626,Victoria's Academy of Cosmetology,#AC4BD8
451714,Paul Mitchell the School-San Antonio,#AD4BD8
451741,CEM College-Bayamon,#AD4BD8
451750,Bryant & Stratton College-Wauwatosa,#AD4BD8
451820,The Art Institute of Austin,#AD4BD8
451857,Remington College-Houston Southeast Campus,#AD4BD8
451866,Remington College-Shreveport Campus,#AD4BD8
451918,Jenny Lea Academy of Cosmetology,#AD4BD8
451927,Patrick Henry College,#AE4BD8
452009,The Hair Academy,#AE4BD8
452072,Ross Medical Education Center-New Baltimore,#AE4BD8
452081,Ross College-Sylvania,#AE4BD8
452106,Escuela De Troqueleria Y Herramentaje,#AE4BD8
452124,Fortis Institute-Nashville,#AE4BD8
452373,ATA College-Cincinnati,#AE4BD8
452540,Community Technology Learning Center of Portage,#AE4BD8
452771,Dental Assistant Pro LLC-Columbus,#AF4BD8
452780,Dental Assistant Pro-Lebanon,#AF4BD8
452887,Elite Welding Academy LLC,#AF4BD8
452948,Galen College of Nursing-Cincinnati,#AF4BD8
453163,Strayer University-North Carolina,#AF4BD8
453215,Strayer University-New Jersey,#AF4BD8
453297,International Culinary Arts and Sciences Institute,#AF4BD8
453756,Ohio Media School-Columbus,#B04BD8
453792,Ohio Medical Career College,#B04BD8
454184,The King's College,#B04BD8
454218,Chamberlain University-Administrative Office,#B04BD8
454227,Chamberlain University-Illinois,#B04BD8
454236,Chamberlain University-Ohio,#B04BD8
454245,Chamberlain University-Arizona,#B04BD8
454306,Career Quest Learning Centers-Jackson,#B04BD8
454458,Bryan University,#B14BD8
454537,The Salon Professional Academy-Appleton,#B14BD8
454546,Milan Institute of Cosmetology-Vacaville,#B14BD8
454555,Milan Institute of Cosmetology-Reno,#B14BD8
454582,Ottawa University-Online,#B14BD8
454607,Paul Mitchell the School-Esani,#B14BD8
454616,Institute of Production and Recording,#B14BD8
454652,Paul Mitchell the School-Birmingham,#B24BD8
454689,Taft University System,#B24BD8
454698,Mayfield College,#B24BD8
454722,Academy of Esthetics and Cosmetology,#B24BD8
454759,Borner's Barber College,#B24BD8
454768,Paul Mitchell the School-Pasadena,#B24BD8
454777,San Francisco Institute of Esthetics & Cosmetology Inc,#B24BD8
454786,Laurus College,#B34BD8
454795,Healing Hands School of Holistic Health,#B34BD8
454801,Career Development Institute Inc,#B34BD8
454810,Auguste Escoffier School of Culinary Arts-Boulder,#B34BD8
454829,Aspen University,#B34BD8
454838,Institute of Taoist Education and Acupuncture,#B34BD8
454847,National Beauty College,#B34BD8
454856,Denver College of Nursing,#B34BD8
454865,Cambridge College of Healthcare & Technology,#B44BD8
454874,Cozmo Beauty School,#B44BD8
454917,Celebrity School of Beauty,#B44BD8
454926,Paul Mitchell the School-Atlanta,#B44BD8
454935,Evans Hairstyling College-Rexburg,#B44BD8
454944,Paul Mitchell the School-Rexburg,#B44BD8
454953,University of Aesthetics & Cosmetology,#B44BD8
454962,The University of Aesthetics & Cosmetology,#B54BD8
454971,Tricoci University of Beauty Culture-Chicago NW,#B54BD8
454980,Tricoci University of Beauty Culture-Glendale Heights,#B54BD8
454999,Tricoci University of Beauty Culture-Peoria,#B54BD8
455008,Tricoci University of Beauty Culture-Rockford,#B54BD8
455026,Omega Studios' School of Applied Recording Arts & Sciences,#B54BD8
455062,French Academy of Cosmetology,#B54BD8
455071,Healing Arts Center,#B54BD8
455080,Paul Mitchell the School-Springfield,#B64BD8
455099,Urshan Graduate School of Theology,#B64BD8
455105,Mississippi Institute of Aesthetics Nails & Cosmetology,#B64BD8
455114,College of Western Idaho,#B64BD8
455141,Aveda Institute-Chapel Hill,#B64BD8
455178,Daoist Traditions College of Chinese Medical Arts,#B64BD8
455187,Total Image Beauty Academy,#B64BD8
455196,Jersey College,#B74BD8
455202,American Institute of Medical Sciences & Education,#B74BD8
455211,Casal Institute of Nevada,#B74BD8
455220,Career School of NY,#B74BD8
455239,John Paolo's Xtreme Beauty Institute-Goldwell Product Artistry,#B74BD8
455257,Yeshiva of Machzikai Hadas,#B74BD8
455275,Aveda Institute-Columbus,#B74BD8
455284,Paul Mitchell the School-Cincinnati,#B74BD8
455327,Hands on Therapy,#B84BD8
455336,MediaTech Institute-Dallas,#B84BD8
455354,Aveda Arts & Sciences Institute-San Antonio,#B84BD8
455381,Skin Science Institute,#B84BD8
455406,Pacific Northwest University of Health Sciences,#B84BD8
455433,The Chicago School of Professional Psychology at Anaheim,#B84BD8
455460,Fortis College-Dothan,#B84BD8
455479,Fortis Institute-Pensacola,#B94BD8
455488,Fortis College-Montgomery,#B94BD8
455512,Woodland Community College,#B94BD8
455558,Dorsey College-Roseville,#B94BD8
455628,Fortis Institute-Birmingham,#B94BD8
455664,The Chicago School of Professional Psychology at Los Angeles,#B94BD8
455707,Cardiac and Vascular Institute of Ultrasound,#B94BD8
455725,Studio Academy of Beauty,#B94BD8
455734,California Nurses Educational Institute,#BA4BD8
455761,Paul Mitchell the School-Sacramento,#BA4BD8
455770,Providence Christian College,#BA4BD8
455798,Oxford Academy of Hair Design Inc,#BA4BD8
455804,Institute of World Politics,#BA4BD8
455813,Pontifical John Paul II Institute for Studies on Marriage and Family,#BA4BD8
455831,Medical Institute of Palm Beach,#BA4BD8
455859,Oliver Finley Academy of Cosmetology,#BB4BD8
455868,National Career College,#BB4BD8
455877,Aveda Institute-Chicago,#BB4BD8
455886,Tricoci University of Beauty Culture-Libertyville,#BB4BD8
455895,Tricoci University of Beauty Culture-Bridgeview,#BB4BD8
455901,The Temple-A Paul Mitchell Partner School,#BB4BD8
455910,Center for Massage,#BB4BD8
455929,Academy of Hair Design-Oklahoma City,#BC4BD8
455956,Liberty Junior College,#BC4BD8
455965,Toni & Guy Hairdressing Academy-Cranston,#BC4BD8
455974,South Texas Training Center,#BC4BD8
455983,Columbia College,#BC4BD8
455992,Vermont College of Fine Arts,#BC4BD8
456001,Advanced Welding Institute,#BC4BD8
456029,Paul Mitchell the School-Memphis,#BC4BD8
456038,Pima Medical Institute-East Valley,#BD4BD8
456065,Paul Mitchell the School-Cleveland,#BD4BD8
456074,Paul Mitchell the School-Columbus,#BD4BD8
456135,Empire Beauty School-Spring Lake Park,#BD4BD8
456153,MediaTech Institute-Houston,#BD4BD8
456205,Miller-Motte College-Raleigh,#BD4BD8
456214,Lamson Institute,#BD4BD8
456287,College of Hair Design-East Campus,#BE4BD8
456454,Fortis College-Salt Lake City,#BE4BD8
456481,Polytechnic University of Puerto Rico-Miami,#BE4BD8
456490,Polytechnic University of Puerto Rico-Orlando,#BE4BD8
456506,Ross Medical Education Center-Fort Wayne,#BE4BD8
456515,Ross Medical Education Center-Battle Creek,#BE4BD8
456542,Geisinger Commonwealth School of Medicine,#BE4BD8
456551,"Josef's School of Hair, Skin & Body-Fargo",#BE4BD8
456579,Miller-Motte College-McCann-Allentown,#BF4BD8
456588,Salon Success Academy-Fontana,#BF4BD8
456597,Salon Success Academy-Redlands,#BF4BD8
456621,Strayer University-West Virginia,#BF4BD8
456825,Vanguard College of Cosmetology-Baton Rouge,#BF4BD8
456852,San Joaquin Valley College-Hesperia,#BF4BD8
456922,South Texas Vocational Technical Institute-Brownsville,#BF4BD8
456931,Miller-Motte College-STVT-Corpus Christi,#C04BD8
456959,University of Minnesota-Rochester,#C04BD8
456968,Health And Style Institute,#C04BD8
456977,CBT Technology Institute-Cutler Bay,#C04BD8
457031,Capri Beauty College,#C04BD8
457077,Milan Institute-Bakersfield,#C04BD8
457086,Homestead Schools,#C04BD8
457101,Carrington College-Las Vegas,#C04BD8
457110,Carrington College-Reno,#C14BD8
457129,Chamberlain University-Florida,#C14BD8
457192,Washington Barber College Inc,#C14BD8
457208,InterCoast Colleges-Rancho Cordova,#C14BD8
457226,Horizon University,#C14BD8
457253,Beyond 21st Century Beauty Academy,#C14BD8
457271,Academy for Jewish Religion-California,#C14BD8
457299,Angeles College,#C24BD8
457314,Angeles Institute,#C24BD8
457323,Paul Mitchell the School-Temecula,#C24BD8
457332,TIGI Hairdressing Academy Guilford,#C24BD8
457341,International Institute of Cosmetology,#C24BD8
457350,Florida School of Traditional Midwifery,#C24BD8
457378,Emerald Coast Technical College,#C24BD8
457387,Immokalee Technical College,#C24BD8
457396,American Academy of Cosmetology,#C34BD8
457402,University of Fort Lauderdale,#C34BD8
457411,Aviation Institute of Maintenance-Orlando,#C34BD8
457420,Summit Salon Academy,#C34BD8
457439,Summit Salon Academy-Gainesville,#C34BD8
457448,Tenaj Salon Institute,#C34BD8
457466,Profile Institute of Barber-Styling,#C34BD8
457475,Keune Academy by 124,#C44BD8
457484,Pacific Rim Christian University,#C44BD8
457493,Paul Mitchell the School-Twin Falls,#C44BD8
457527,Ambria College of Nursing,#C44BD8
457536,Midwestern Career College,#C44BD8
457545,Paul Mitchell the School-Normal,#C44BD8
457554,Innovations Design Academy,#C44BD8
457563,Aveda Fredric's Institute-Indianapolis,#C54BD8
457572,Summit Salon Academy,#C54BD8
457581,Eric Fisher Academy,#C54BD8
457606,My Le's Beauty College,#C54BD8
457615,Blackstone Valley Vocational Regional School District,#C54BD8
457624,Southern Worcester County Regional Vocational School District,#C54BD8
457633,L'esprit Academy,#C54BD8
457642,Marketti Academy of Cosmetology,#C54BD8
457651,CenterPoint Massage & Shiatsu Therapy School & Clinic,#C64BD8
457679,Avalon School of Cosmetology,#C64BD8
457688,American Business and Technology University,#C64BD8
457697,City Vision University,#C64BD8
457721,Bitterroot School of Cosmetology,#C64BD8
457749,Montana Academy of Salons,#C64BD8
457767,National Career Institute,#C64BD8
457776,Toni & Guy Hairdressing Academy-Albuquerque,#C74BD8
457785,International Academy of Style,#C74BD8
457794,EDP School,#C74BD8
457800,New York Medical Career Training Center,#C74BD8
457819,Institute of Culinary Education,#C74BD8
457837,The Salon Professional Academy-Tonawanda,#C74BD8
457846,Onondaga School of Therapeutic Massage-Syracuse,#C74BD8
457855,Academy of Cosmetology and Esthetics NYC,#C74BD8
457873,Four County Career Center,#C84BD8
457916,Summit Salon Academy-Perrysburg,#C84BD8
457925,Portland Actors Conservatory,#C84BD8
457943,Somerset County Technology Center,#C84BD8
457952,Metro Beauty Academy,#C84BD8
457989,Academy for Careers and Technology,#C84BD8
457998,Aiken School of Cosmetology and Barbering,#C84BD8
458007,Love Beauty School Inc,#C94BD8
458034,Houston International College Cardiotech Ultrasound School,#C94BD8
458043,DuVall's School of Cosmetology,#C94BD8
458052,Advanced Beauty College,#C94BD8
458061,Texas Beauty College,#C94BD8
458070,Avenue Five Institute,#C94BD8
458098,The Salon Professional Academy-Lewisville,#C94BD8
458104,Renaissance Academie,#C94BD8
458113,Ascent College,#CA4BD8
458122,Institute of Advanced Medical Esthetics,#CA4BD8
458131,Aveda Arts & Sciences Institute Seattle,#CA4BD8
458140,Northwest School of Wooden Boat Building,#CA4BD8
458168,The Salon Professional Academy-Onalaska,#CA4BD8
458210,West Coast University-Orange County,#CA4BD8
458229,West Coast University-Ontario,#CA4BD8
458265,Midwest Technical Institute-East Peoria,#CB4BD8
458274,Paul Mitchell the School-Chicago,#CB4BD8
458405,Miller-Motte College-Fayetteville,#CB4BD8
458423,European Massage Therapy School-Las Vegas,#CB4BD8
458441,Miller-Motte College-Columbus,#CB4BD8
458496,The Art Institute of Virginia Beach,#CB4BD8
458575,Zaytuna College,#CB4BD8
458681,Fortis College-Indianapolis,#CC4BD8
458803,Empire Beauty School-E Memphis,#CC4BD8
458812,Empire Beauty School-Nashville,#CC4BD8
458821,Empire Beauty School-Jackson,#CC4BD8
458830,Empire Beauty School-Springfield,#CC4BD8
458858,Empire Beauty School-Speedway,#CC4BD8
458867,Empire Beauty School-Morrow,#CC4BD8
458885,Strayer University-Arkansas,#CC4BD8
458919,Strayer University-Georgia,#CD4BD8
458955,Strayer University-Mississippi,#CD4BD8
458964,Strayer University-South Carolina,#CD4BD8
458973,Strayer University-Texas,#CD4BD8
458982,The Art Institute of San Antonio,#CD4BD8
459000,Empire Beauty School-S Memphis,#CD4BD8
459019,Empire Beauty School-Charlotte,#CD4BD8
459046,Empire Beauty School-Winston-Salem,#CE4BD8
459055,Empire Beauty School-West Palm,#CE4BD8
459064,Empire Beauty School-Pineville,#CE4BD8
459116,Paul Mitchell the School-Phoenix,#CE4BD8
459125,All Beauty College,#CE4BD8
459170,Paul Mitchell the School-Modesto,#CE4BD8
459189,Cosmo Beauty Academy,#CE4BD8
459198,Paul Mitchell the School-Fresno,#CE4BD8
459204,Unitek College,#CF4BD8
459213,Gurnick Academy of Medical Arts,#CF4BD8
459231,Paul Mitchell the School-East Bay,#CF4BD8
459259,South University-Richmond,#CF4BD8
459268,South University-Virginia Beach,#CF4BD8
459277,Aveda Institute-Denver,#CF4BD8
459286,Paul Mitchell the School-Colorado Springs,#CF4BD8
459295,The Salon Professional Academy-Colorado Springs,#D04BD8
459301,Paul Mitchell the School-Delaware,#D04BD8
459310,Future-Tech Institute,#D04BD8
459329,Fred K Marchman Technical College,#D04BD8
459347,The Salon Professional Academy-Ft Myers,#D04BD8
459374,Universal Spa Training Academy,#D04BD8
459392,The Salon Professional Academy-Evansville,#D04BD8
459408,Tri County Regional Vocational Technical High School,#D04BD8
459417,Compass College of Film and Media,#D14BD8
459426,Nova Academy of Cosmetology,#D14BD8
459462,SAE Institute of Technology-New York,#D14BD8
459499,Sage School of Massage & Esthetics,#D14BD8
459514,Peloton College,#D14BD8
459523,ABC Beauty Academy,#D14BD8
459532,Salon & Spa Institute,#D14BD8
459541,American Beauty Academy,#D24BD8
459550,Summit Salon Academy,#D24BD8
459578,Paul Mitchell the School-Milwaukee,#D24BD8
459727,Touro University Worldwide,#D24BD8
459736,Touro University California,#D24BD8
459745,The Chicago School of Professional Psychology at Washington DC,#D24BD8
459824,Touro University Nevada,#D24BD8
459842,Herzing University-Kenosha,#D24BD8
459851,Herzing University-Brookfield,#D34BD8
459949,Texas A&M University-San Antonio,#D34BD8
459958,Fortis Institute,#D34BD8
459967,Southern Careers Institute-Brownsville,#D34BD8
459985,Southern Careers Institute-Harlingen,#D34BD8
459994,Strayer University-Global Region,#D34BD8
460011,Kenneth Shuler School of Cosmetology-Florence,#D34BD8
460020,Fortis College-Columbia,#D44BD8
460093,Ross Medical Education Center-Davison,#D44BD8
460109,Ross Medical Education Center-Granger,#D44BD8
460118,Ross Medical Education Center-Niles,#D44BD8
460127,Ross Medical Education Center-Canton,#D44BD8
460136,Pima Medical Institute-Houston,#D44BD8
460145,Illinois Media School-Chicago Campus,#D44BD8
460172,Miller-Motte College-STVT-San Antonio,#D54BD8
460181,Concorde Career College-Dallas,#D54BD8
460190,Concorde Career Institute-Orlando,#D54BD8
460206,Concorde Career College-San Antonio,#D54BD8
460349,Johnson & Wales University-Online,#D54BD8
460376,Fairfax University of America,#D54BD8
460385,Geisinger-Lewistown Hospital School of Nursing,#D54BD8
460394,Moreno Valley College,#D54BD8
460455,Onondaga School of Therapeutic Massage-Rochester,#D64BD8
460464,Norco College,#D64BD8
460482,Dorsey College-Saginaw,#D64BD8
460516,Milan Institute of Cosmetology-La Quinta,#D64BD8
460525,Milan Institute-Boise,#D64BD8
460534,Milan Institute of Cosmetology-El Paso,#D64BD8
460543,Universal Technical Institute-Dallas Fort Worth,#D64BD8
460677,ICPR Junior College,#D74BD8
460701,Artistic Nails and Beauty Academy-Lakeland,#D74BD8
460738,American Sentinel College of Nursing and Health Sciences,#D74BD8
460756,Hawaii Medical College,#D74BD8
460765,Carolina College of Hair Design,#D74BD8
460808,College of Massage Therapy,#D74BD8
460817,Miller-Motte College-Jacksonville,#D74BD8
460826,Miller-Motte College-Augusta,#D74BD8
460835,Miller-Motte College-Conway,#D84BD8
460862,Aveda Institute-Portland,#D84BD8
460871,Chamberlain University-Virginia,#D84BD8
460899,Stevens-Henager College,#D84BD8
460914,Penrose Academy,#D84BD8
460932,Skin Institute,#D84BD8
460969,Beauty Academy of South Florida,#D84BD8
460978,Ogle School Hair Skin Nails-North Dallas,#D84BD8
460987,The Salon Professional Academy-North Little Rock,#D84BD8
460996,The Salon Professional Academy-St Charles,#D84BD8
461014,Mildred Elley-New York Campus,#D84BD8
461023,National Paralegal College,#D84BD7
461032,Carolina College of Biblical Studies,#D84BD7
461087,Northeast Technology Center,#D84BD7
461111,Allstate Hairstyling & Barber College,#D84BD7
461120,Omega Graduate School,#D84BD7
461139,Jung Tao School of Classical Chinese Medicine,#D84BD7
461148,New York Film Academy,#D84BD7
461175,International College of Cosmetology,#D84BD6
461193,Bella Capelli Academy,#D84BD6
461218,Institute of Medical Careers,#D84BD6
461245,Flagler Technical College,#D84BD6
461254,Galaxy Medical College,#D84BD6
461263,American Medical Sciences Center,#D84BD6
461272,Mandalyn Academy,#D84BD6
461281,Jose Maria Vargas University,#D84BD6
461290,American Academy of Health and Beauty,#D84BD5
461306,D A Dorsey Technical College,#D84BD5
461315,Keweenaw Bay Ojibwa Community College,#D84BD5
461324,Meridian Institute of Surgical Assisting,#D84BD5
461333,Mauna Loa Helicopters,#D84BD5
461342,Acaydia School of Aesthetics,#D84BD5
461379,Holistic Massage Training Institute,#D84BD5
461388,Diamonds Cosmetology College,#D84BD4
461412,Northern Virginia School of Therapeutic Massage,#D84BD4
461421,Paul Mitchell the School-St Louis,#D84BD4
461430,Advanced Training Institute,#D84BD4
461485,Shepherds Theological Seminary,#D84BD4
461494,Taylor Andrews Academy of Hair Design-West Jordan,#D84BD4
461500,Santa Ana Beauty Academy,#D84BD4
461528,Manna University,#D84BD4
461537,Evolve Beauty Academy,#D84BD3
461555,Aveda Institute-New Mexico,#D84BD3
461573,American Trade School,#D84BD3
461582,Estelle Skin Care and Spa Institute,#D84BD3
461591,Paul Mitchell the School-Honolulu,#D84BD3
461607,Elite Cosmetology School,#D84BD3
461625,American Technical Institute,#D84BD3
461643,Bergin University of Canine Studies,#D84BD2
461652,Aveda Institute-Boise,#D84BD2
461689,Pima Medical Institute-Aurora,#D84BD2
461704,Capilo School of Hair Design,#D84BD2
461713,Pure Aesthetics Natural Skincare School,#D84BD2
461722,Lindsey Institute of Cosmetology,#D84BD2
461740,Buckner Barber School,#D84BD2
461759,Simmons College of Kentucky,#D84BD2
461768,Atelier Esthetique Institute of Esthetics,#D84BD1
461786,Advanced College of Cosmetology,#D84BD1
461795,North American University,#D84BD1
461810,United Beauty College,#D84BD1
461829,Cinta Aveda Institute,#D84BD1
461838,Long Island Nail Skin & Hair Institute,#D84BD1
461847,Keser Torah-Mayan Hatalmud,#D84BD1
461856,Southern California Health Institute,#D84BD0
461865,Best Care College,#D84BD0
461874,First Class Cosmetology School,#D84BD0
461883,Millennia Atlantic University,#D84BD0
461892,Abcott Institute,#D84BD0
461908,The Salon Professional Academy-Kenosha,#D84BD0
461917,Paul Mitchell the School-Indianapolis,#D84BD0
461926,Taylor Andrews Academy-St George,#D84BCF
461944,Protege Academy,#D84BCF
461953,Colorado Academy of Veterinary Technology,#D84BCF
461962,Northeast Technical Institute,#D84BCF
461999,Elite School of Cosmetology,#D84BCF
462008,Paul Mitchell the School-Las Vegas,#D84BCF
462017,Summit Salon Academy-Kokomo,#D84BCF
462035,Florida Academy,#D84BCF
462044,Institute for Doctoral Studies in the Visual Arts,#D84BCE
462053,State Career College,#D84BCE
462062,Academy for Salon Professionals,#D84BCE
462071,Paul Mitchell the School-Spokane,#D84BCE
462336,International College of Beauty Arts & Sciences,#D84BCE
462345,The Salon Professional Academy,#D84BCE
462354,John Paul the Great Catholic University,#D84BCE
463056,University of Connecticut-Hartford Campus,#D84BCD
464226,Ottawa University-Surprise,#D84BCD
465812,Independence University,#D84BCD
466921,Chamberlain University-Missouri,#D84BCD
466930,Chamberlain University-Texas,#D84BCD
467094,Continental School of Beauty Culture-Mattydale,#D84BCD
467368,Carrington College-Ontario,#D84BCD
467687,Porter and Chester Institute - Chicopee 2,#D84BCD
467863,Paul Mitchell the School-Columbia,#D84BCC
467872,Paul Mitchell the School-Charleston,#D84BCC
467906,Kenneth Shuler School of Cosmetology-Greenville,#D84BCC
468246,Northwest College-Eugene,#D84BCC
468255,Northwest College-Tualatin,#D84BCC
468291,San Joaquin Valley College-Hanford Classroom,#D84BCC
468769,CET-Soledad,#D84BCC
468848,United Education Institute-UEI College-Oceanside,#D84BCB
468893,Vanguard College of Cosmetology-Metairie,#D84BCB
468909,United Education Institute-Garden Grove,#D84BCB
468963,New England Tractor Trailer Training School of Massachusetts,#D84BCB
469416,Dewey University-Manati,#D84BCB
469610,Allen School-Phoenix,#D84BCB
469629,Oklahoma Technical College,#D84BCB
469638,Midwest Technical Institute-Moline,#D84BCB
469911,Unitech Training Academy-Alexandria,#D84BCA
469920,Unitech Training Academy-Lake Charles,#D84BCA
469957,Aveda Institute-Los Angeles,#D84BCA
470038,UEI College-Riverside,#D84BCA
470047,WellSpring School of Allied Health-Lawrence,#D84BCA
470296,Manuel and Theresa's School of Hair Design-Victoria,#D84BCA
470393,Tricoci University of Beauty Culture-Chicago NE,#D84BCA
474863,Los Angeles Pacific University,#D84BC9
474890,California College San Diego-CollegeAmerica-Phoenix,#D84BC9
474915,Avalon Institute-Phoenix,#D84BC9
474924,Avalon Institute-Layton,#D84BC9
475015,Aveda Institute-Des Moines,#D84BC9
475024,Fortis Institute-Lawrenceville,#D84BC9
475033,Relay Graduate School of Education,#D84BC9
475060,Miller-Motte College-Macon,#D84BC9
475121,South University-Savannah Online,#D84BC8
475130,Fortis College-Montgomery,#D84BC8
475176,San Joaquin Valley College-Temecula,#D84BC8
475200,Whitworth University-Adult Degree Programs,#D84BC8
475228,The Santa Barbara and Ventura Colleges of Law at Santa Barbara,#D84BC8
475237,The University of America,#D84BC8
475273,"Springfield College-Regional, Online, and Continuing Education",#D84BC8
475282,Marian Health Careers Center-Van Nuys Campus,#D84BC7
475325,Milan Institute-Las Vegas,#D84BC7
475398,Catholic Distance University,#D84BC7
475404,New York School of Esthetics & Day Spa,#D84BC7
475413,Panache Academy of Beauty,#D84BC7
475422,Finger Lakes Health College of Nursing & Health Sciences,#D84BC7
475431,ASI Career Institute,#D84BC7
475459,Midwest Technical Institute-Ridgeland,#D84BC6
475468,Christine Valmy International School of Esthetics & Cosmetology,#D84BC6
475477,City College-Hollywood,#D84BC6
475486,Paul Mitchell the School-Arlington,#D84BC6
475495,Rocky Mountain University of Health Professions,#D84BC6
475547,Paul Mitchell the School-Fort Myers,#D84BC6
475556,Paul Mitchell the School-Raleigh,#D84BC6
475565,CUNY Stella and Charles Guttman Community College,#D84BC6
475574,Lil Lou's Beauty and Barber College,#D84BC5
475608,Criswell College,#D84BC5
475635,Beverly Hills Design Institute,#D84BC5
475653,Reflections Academy of Beauty,#D84BC5
475662,UCAS University of Cosmetology Arts & Sciences-La Joya,#D84BC5
475705,Annenberg School of Nursing,#D84BC5
475714,American Medical Academy,#D84BC5
475723,Tooele Technical College,#D84BC4
475732,Chamberlain University-Georgia,#D84BC4
475741,Chamberlain University-Indiana,#D84BC4
475750,Carrington College-Mesquite,#D84BC4
475839,Sessions College for Professional Design,#D84BC4
476063,Tulsa Welding School-Jacksonville,#D84BC4
476179,Empire Beauty School-Virginia Beach,#D84BC4
476230,Ross Medical Education Center-Morgantown,#D84BC4
476294,Paul Mitchell the School-Ogden,#D84BC3
476355,Miami Ad School-New York,#D84BC3
476489,Larry's Barber College,#D84BC3
476498,Futura Career Institute,#D84BC3
476513,Flair Beauty College,#D84BC3
476540,Vogue College of Cosmetology-San Antonio Fredericksburg,#D84BC3
476559,Vogue College of Cosmetology,#D84BC3
476568,Tomorrow's Image Barber And Beauty Academy of Virginia,#D84BC2
476595,Medical Allied Career Center,#D84BC2
476601,Bais HaMedrash and Mesivta of Baltimore,#D84BC2
476610,Barber & Beauty Institute of New York,#D84BC2
476629,Salon Institute-Toledo Campus,#D84BC2
476683,Athena Career Academy,#D84BC2
476692,Yeshiva Gedolah Zichron Leyma,#D84BC2
476708,The Barber School,#D84BC2
476717,Be'er Yaakov Talmudic Seminary,#D84BC1
476726,Rio Grande Valley College,#D84BC1
476735,Alexander Academy,#D84BC1
476753,Aveda Institute-Tucson,#D84BC1
476780,Diamond Beauty College,#D84BC1
476799,Unitek College,#D84BC1
476805,University Academy of Hair Design,#D84BC1
476814,Florida Institute of Recording Sound and Technology,#D84BC0
476841,Paul Mitchell the School-Reno,#D84BC0
476850,Boise Barber College,#D84BC0
476869,Austin Kade Academy,#D84BC0
476878,Aesthetic Science Institute,#D84BC0
476887,Elaine Sterling Institute,#D84BC0
476896,Wade Gordon Hairdressing Academy,#D84BC0
476902,Mitsu Sato Hair Academy,#D84BBF
476939,FVI School of Nursing and Technology,#D84BBF
476948,SAE Institute of Technology-Atlanta,#D84BBF
476957,Academy di Firenze,#D84BBF
476966,SAE Institute of Technology-Miami,#D84BBF
476975,Colorado State University-Global Campus,#D84BBF
476984,Paul Mitchell the School-Overland Park,#D84BBF
476993,Medspa Academies,#D84BBF
477002,Brighton Institute of Cosmetology,#D84BBE
477039,West Coast University-Dallas,#D84BBE
478582,Empire Beauty School-Savannah,#D84BBE
478591,Ogle School Hair Skin Nails-Denton,#D84BBE
478616,Empire Beauty School-West Greensboro,#D84BBE
478634,California College San Diego,#D84BBE
478661,Jolie Hair and Beauty Academy-Northfield,#D84BBE
478917,Hays Academy of Hair Design,#D84BBD
478953,Bellus Academy,#D84BBD
479062,MotoRing Technical Training Institute,#D84BBD
479248,Columbia College,#D84BBD
479424,Unitek College,#D84BBD
479965,Medical Career Institute,#D84BBD
479974,Advance Beauty Techs Academy,#D84BBD
479983,Elevate Salon Institute-Westminster,#D84BBD
479992,Brand College,#D84BBC
480000,Hinton Barber and Beauty College,#D84BBC
480019,Advanced Career Institute,#D84BBC
480028,Digital Film Academy,#D84BBC
480037,MyComputerCareer.edu-Raleigh,#D84BBC
480073,South University-Austin,#D84BBC
480091,Bryant & Stratton College-Online,#D84BBC
480125,Ogle School Hair Skin Nails-San Antonio,#D84BBB
480161,Ideal Beauty Academy,#D84BBB
480189,Mercyhurst University-North East Campus,#D84BBB
480198,Warner Pacific University Professional and Graduate Studies,#D84BBB
480204,Platt College-Riverside,#D84BBB
480310,Empire Beauty School-Glen Burnie,#D84BBB
480347,International School of Cosmetology,#D84BBB
480471,United Education Institute-UEI College Stockton,#D84BBB
480499,Shiloh University,#D84BBA
480523,Ross Medical Education Center-Dayton,#D84BBA
480532,Ross Medical Education Center-Ontario,#D84BBA
480550,Ross Medical Education Center-Bowling Green,#D84BBA
480569,Florida Institute of Technology-Online,#D84BBA
480657,Rasmussen University-Kansas,#D84BBA
480693,Columbia Institute,#D84BBA
480727,School of Missionary Aviation Technology,#D84BB9
480736,Ace Cosmetology and Barber Training Center,#D84BB9
480781,California Miramar University,#D84BB9
480790,Rocky Vista University,#D84BB9
480824,The College of Health Care Professions-Dallas,#D84BB9
480833,The College of Health Care Professions-Fort Worth,#D84BB9
480842,Shear Finesse Beauty Academy,#D84BB9
480851,Miami Media School,#D84BB9
480879,Academy of Salon Professionals,#D84BB8
480888,CyberTex Institute of Technology,#D84BB8
480903,New England Tractor Trailer Training School of CT-Bridgeport,#D84BB8
480912,Gemini School of Visual Arts & Communication,#D84BB8
480921,Designer Barber & Stylist School,#D84BB8
480930,Paul Mitchell the School-Woodbridge,#D84BB8
480967,College of the Muscogee Nation,#D84BB8
480976,The Salon Professional Academy-Huntsville,#D84BB7
480985,Midwives College of Utah,#D84BB7
480994,Aspen Beauty Academy of Laurel,#D84BB7
481003,M T Training Center,#D84BB7
481021,Berks Career & Technology Center,#D84BB7
481030,Future Generations University,#D84BB7
481049,Carthage R9 School District-Carthage Technical Center,#D84BB7
481058,Grace Mission University,#D84BB6
481085,Verve College,#D84BB6
481094,Sotheby's Institute of Art-NY,#D84BB6
481100,Top Nails & Hair Beauty School,#D84BB6
481128,Santa Ana Beauty College,#D84BB6
481137,Shepherds College,#D84BB6
481146,Woodruff Medical and Wellness Training,#D84BB6
481155,Helms College,#D84BB6
481182,Ukiah Adult School,#D84BB5
481191,Riverside County Office of Education-School of Career Education,#D84BB5
481207,Institute of Health Sciences,#D84BB5
481225,Mid-South Christian College,#D84BB5
481243,New York Institute of Beauty,#D84BB5
481252,Ultrasound Medical Institute,#D84BB5
481289,Xavier College School of Nursing,#D84BB5
481298,Lawrence & Company College of Cosmetology,#D84BB4
481313,Kaizen Beauty Academy,#D84BB4
481322,Southern Texas Careers Academy,#D84BB4
481331,Sharp Edgez Barber Institute,#D84BB4
481340,The Salon Professional Academy-Nashville,#D84BB4
481368,Prestige Health & Beauty Sciences Academy,#D84BB4
481386,California Career Institute,#D84BB4
481401,Grace School of Theology,#D84BB4
481410,Yeshiva Gedolah Kesser Torah,#D84BB3
481429,Universal Training Institute,#D84BB3
481438,Yeshiva Yesodei Hatorah,#D84BB3
481447,Center for the Healing Arts,#D84BB3
481456,Bonnie Joseph Academy of Cosmetology & Barbering,#D84BB3
481465,Healthcare Training Institute,#D84BB3
481474,J D Academy of Salon and Spa,#D84BB3
481483,Boca Beauty Academy,#D84BB2
481508,Paul Mitchell the School-Jersey Shore,#D84BB2
481517,City Pointe Beauty Academy,#D84BB2
481526,The Chrysm Institute of Esthetics,#D84BB2
481535,Sanford Burnham Prebys Medical Discovery Institute,#D84BB2
481571,Belle Academy of Cosmetology LLC,#D84BB2
481678,Empire Beauty School-Augusta,#D84BB2
481720,South University-High Point,#D84BB2
481739,Empire Beauty School-Vernon Hills,#D84BB1
481748,Empire Beauty School-Stone Park,#D84BB1
481775,San Joaquin Valley College-Lancaster,#D84BB1
481845,Empire Beauty School-Rochester,#D84BB1
481863,Ross Medical Education Center-Kokomo,#D84BB1
481890,Ross Medical Education Center-Erlanger,#D84BB1
481906,Ross Medical Education Center-Charleston,#D84BB1
481960,InterCoast Colleges-Fairfield,#D84BB0
482015,Southern Careers Institute-San Antonio,#D84BB0
482060,Milan Institute-Merced,#D84BB0
482097,Midwest Technical Institute-Missouri,#D84BB0
482149,Augusta University,#D84BB0
482158,Middle Georgia State University,#D84BB0
482167,Trenz Beauty Academy,#D84BB0
482176,Paul Mitchell the School-Denver,#D84BB0
482185,Academy of Interactive Entertainment,#D84BAF
482194,Arrojo Cosmetology School,#D84BAF
482200,Cosmetology Academy of Texarkana,#D84BAF
482228,Veritas Baptist College,#D84BAF
482246,Lynnes Welding Training,#D84BAF
482255,Aviation Institute of Maintenance-Las Vegas,#D84BAF
482291,UEI College-Bakersfield,#D84BAF
482325,National American University-Georgetown,#D84BAE
482413,DeVry College of New York,#D84BAE
482422,DeVry University-Arizona,#D84BAE
482431,DeVry University-California,#D84BAE
482440,DeVry University-Colorado,#D84BAE
482459,DeVry University-Florida,#D84BAE
482468,DeVry University-Georgia,#D84BAE
482477,DeVry University-Illinois,#D84BAD
482486,DeVry University-Indiana,#D84BAD
482538,DeVry University-Missouri,#D84BAD
482547,DeVry University-Nevada,#D84BAD
482556,DeVry University-New Jersey,#D84BAD
482565,DeVry University-North Carolina,#D84BAD
482574,DeVry University-Ohio,#D84BAD
482608,DeVry University-Pennsylvania,#D84BAD
482617,DeVry University-Tennessee,#D84BAC
482635,DeVry University-Texas,#D84BAC
482653,DeVry University-Virginia,#D84BAC
482680,University of North Georgia,#D84BAC
482699,South Georgia State College,#D84BAC
482705,Northeastern University Professional Programs,#D84BAC
482936,Florida Polytechnic University,#D84BAC
482963,American Institute-Toms River,#D84BAB
482972,The Healthcare Institute,#D84BAB
482981,Alamo City Barber College,#D84BAB
482990,Arizona College-Mesa,#D84BAB
483009,American College of Healthcare and Technology,#D84BAB
483018,Antioch College,#D84BAB
483036,Texas A&M University-Central Texas,#D84BAB
483045,Central Georgia Technical College,#D84BAB
483054,Barber School of Pittsburgh,#D84BAA
483106,Innovate Salon Academy,#D84BAA
483124,Arizona State University Digital Immersion,#D84BAA
483212,Louisiana Delta Community College,#D84BAA
483221,Learnet Academy Inc,#D84BAA
483230,The Fab School,#D84BAA
483258,Networks Barber College,#D84BAA
483276,JB's Hair Design and Barber College,#D84BA9
483328,Paul Mitchell the School-Lombard,#D84BA9
483337,Paul Mitchell the School-Greenville,#D84BA9
483346,Barber and Beauty Academy of Pennsylvania,#D84BA9
483355,Delta College of Arts & Technology-Lafayette Campus,#D84BA9
483364,Delta College-Slidell Campus,#D84BA9
483373,Integrity College of Health,#D84BA9
483382,Electrical and HVAC/R Training Center,#D84BA9
483425,Alexander Paul Institute of Hair Design,#D84BA8
483443,California Technical Academy,#D84BA8
483470,More Tech Institute,#D84BA8
483504,Dorsey College-Dearborn,#D84BA8
483513,Neecee's Barber College,#D84BA8
483559,Bella Cosmetology and Barber College,#D84BA8
483577,Franklin Hair Academy School of Cosmetology,#D84BA8
483595,Ana G. Mendez University,#D84BA7
483647,Ohio Institute of Allied Health,#D84BA7
483708,Access Careers,#D84BA7
483726,Luckes Beauty Academy LLC,#D84BA7
483735,Total Transformation Institute of Cosmetology,#D84BA7
483744,Vibe Barber College,#D84BA7
483753,Champ's Barber School,#D84BA7
483780,IGlobal University,#D84BA6
483799,East-West Healing Arts Institute,#D84BA6
483814,Standard Healthcare Services-College of Nursing,#D84BA6
483823,Philadelphia Technician Training,#D84BA6
483841,Grace International Beauty School,#D84BA6
483850,Alliance Computing Solutions,#D84BA6
483869,InterAmerican Technical Institute,#D84BA6
483878,Bay Area Medical Academy,#D84BA6
483887,Mind Body Institute,#D84BA5
483896,Parisian Spa Institute,#D84BA5
483911,Creative Touch Cosmetology School,#D84BA5
483920,LaBarberia Institute of Hair,#D84BA5
483939,Setting the Standard Barbering and Natural Hair Academy,#D84BA5
483948,Bos-Man's Barber College,#D84BA5
483957,Lawrence & Company College of Cosmetology,#D84BA5
483975,Alabama College of Osteopathic Medicine,#D84BA4
484002,High Desert Medical College,#D84BA4
484011,Paul Mitchell the School-Schenectady,#D84BA4
484020,Beyond Measure Barbering Institute,#D84BA4
484039,McDougle Technical  Institute,#D84BA4
484048,Barber Institute of Texas,#D84BA4
484057,Jupiter Beauty Academy,#D84BA4
484066,MedQuest College,#D84BA4
484075,First Coast Barber Academy,#D84BA3
484084,Debutantes School of Cosmetology and Nail Technology,#D84BA3
484093,Paul Mitchell The School-Farmington Hills,#D84BA3
484109,Paul Mitchell the School-Merrillville,#D84BA3
484127,Ricci's Toni & Guy Hairdressing Academy/TIGI Creative School,#D84BA3
484136,Yahweh Beauty Academy,#D84BA3
484163,Arizona School of Integrative Studies,#D84BA3
484172,Lee Professional Institute,#D84BA2
484190,Park Place Premier Barber School,#D84BA2
484206,The Salon Professional Academy-San Jose,#D84BA2
484233,Tri-Community Adult Education,#D84BA2
484321,Jolie Health and Beauty Academy-Turnersville,#D84BA2
484330,Ross Medical Education Center-Owensboro,#D84BA2
484349,Ross Medical Education Center-Evansville,#D84BA2
484358,Ross Medical Education Center-Johnson City,#D84BA2
484367,North-West College-Anaheim,#D84BA1
484376,North-West College-Long Beach,#D84BA1
484394,Taylor Andrews Academy of Hair Design-Provo,#D84BA1
484473,University of Florida-Online,#D84BA1
484604,Ogle School Hair Skin Nails-Stafford,#D84BA1
484613,University of Phoenix-Arizona,#D84BA1
484631,University of Phoenix-California,#D84BA1
484668,University of Phoenix-Florida,#D84BA0
484677,University of Phoenix-Georgia,#D84BA0
484710,University of Phoenix-Nevada,#D84BA0
484756,University of Phoenix-Texas,#D84BA0
484826,Tint School of Makeup & Cosmetology-Seattle,#D84BA0
484835,CEM College-Mayaguez,#D84BA0
484844,Minerva University,#D84BA0
484862,University of West Los Angeles,#D84BA0
484871,Rabbinical College Ohr Yisroel,#D84B9F
484899,Aveda Institute-Phoenix,#D84B9F
484905,University of North Texas at Dallas,#D84B9F
484923,Dermal Science International Aesthetics and Nail Academy,#D84B9F
484932,BridgeValley Community & Technical College,#D84B9F
484950,Northwest College-Medford,#D84B9F
484996,Houston Training Schools-Gessner,#D84B9F
485014,Empire Beauty School-Buffalo,#D84B9E
485032,Paul Mitchell the School-Toledo,#D84B9E
485111,Georgia Military College,#D84B9E
485139,SAE Institute of Technology-Chicago,#D84B9E
485166,Beau Monde Academy of Barbering and Cosmetology,#D84B9E
485236,Fountain of Youth Academy of Cosmetology,#D84B9E
485263,California College San Diego,#D84B9E
485272,West Coast University-Miami,#D84B9D
485306,All Beauty College,#D84B9D
485342,Aparicio-Levy Technical College,#D84B9D
485360,The Vocational Nursing Institute Inc,#D84B9D
485379,Hollywood Institute of Beauty Careers-West Palm Beach,#D84B9D
485388,Hollywood Institute of Beauty Careers-Casselberry,#D84B9D
485397,Empire Beauty School-Cheltenham,#D84B9D
485403,High Tech High Graduate School of Education,#D84B9D
485412,Coachella Valley Beauty College-Hemet,#D84B9C
485458,Coastal Pines Technical College,#D84B9C
485467,Carrington College-Administrative Office,#D84B9C
485476,Studio Beauty School,#D84B9C
485485,Latin Beauty Academy,#D84B9C
485494,Associated Barber College of San Diego,#D84B9C
485500,ABCO Technology,#D84B9C
485519,Lionel University,#D84B9B
485537,University of Texas Health Science Center at Tyler,#D84B9B
485546,California Intercontinental University,#D84B9B
485564,Infinity College,#D84B9B
485573,Universal Healthcare Careers College,#D84B9B
485582,MKG Beauty & Business,#D84B9B
485591,New Beginnings Beauty Academy,#D84B9B
485607,Dolce The Academy,#D84B9B
485698,American College of the Building Arts,#D84B9A
485704,River Valley School of Massage,#D84B9A
485768,Atlantis University,#D84B9A
485801,Westchester School for Medical & Dental Assistants,#D84B9A
485810,K & G 5 Star Barber College,#D84B9A
485856,Studio Incamminati,#D84B9A
485874,Salon Boutique Academy,#D84B9A
485908,Antioch University Online,#D84B99
485926,GA Beauty & Barber School,#D84B99
485953,The Recording Conservatory of Austin,#D84B99
485962,VH Barber & Styling Academy,#D84B99
485999,Bet Medrash Gadol Ateret Torah,#D84B99
486017,Yeshiva Ohr Yisrael,#D84B99
486026,Yeshiva Sholom Shachna,#D84B99
486053,Bethlehem College & Seminary,#D84B99
486080,Elmezzi Graduate School of Molecular Medicine,#D84B98
486105,Professional Academy of Cosmetology,#D84B98
486123,Theatre of Arts,#D84B98
486141,Westchester College of Nursing & Allied Health,#D84B98
486150,Treasure Coast Technical College,#D84B98
486169,American College of Barbering,#D84B98
486196,Beth Medrash Meor Yitzchok,#D84B98
486202,Mingo Extended Learning Center,#D84B97
486239,San Ignacio University,#D84B97
486248,ZMS The Academy,#D84B97
486257,Valor Christian College,#D84B97
486284,Bethany Global University,#D84B97
486309,Bella Academy of Cosmetology,#D84B97
486345,HVAC Technical Institute,#D84B97
486354,United International College,#D84B96
486372,San Francisco Film School,#D84B96
486381,Center for Ultrasound Research & Education,#D84B96
486390,Culinary Tech Center,#D84B96
486406,Randolph Technical Center,#D84B96
486415,AMG School of Nursing,#D84B96
486424,Saint Michael College of Allied Health,#D84B96
486433,Presidio Graduate School,#D84B96
486442,Sandra Academy of Salon Services,#D84B95
486460,Wright Graduate University for the Realization of Human Potential,#D84B95
486488,California Jazz Conservatory,#D84B95
486497,California Barber and Beauty College,#D84B95
486503,Laredo CHI Academy Beauty School,#D84B95
486512,Florida International Training Institute,#D84B95
486530,Gould's Academy,#D84B95
486558,Aviation Institute of Maintenance-Fremont,#D84B94
486567,Paul Mitchell the School-Tulsa,#D84B94
486576,PPG Technical College,#D84B94
486594,Wave Leadership College,#D84B94
486619,Academy of Professional Cosmetology,#D84B94
486691,Empire Beauty School-Northlake,#D84B94
486707,Ross Medical Education Center-Huntsville,#D84B94
486716,Ross Medical Education Center-Knoxville,#D84B94
486734,Jolie Health & Beauty Academy-Cherry Hill,#D84B93
486752,Ross Medical Education Center-Muncie,#D84B93
486770,Cortiva Institute-Arlington,#D84B93
486798,Tulsa Welding School-Houston,#D84B93
486813,Pima Medical Institute-El Paso,#D84B93
486822,Pima Medical Institute-Phoenix,#D84B93
486840,Kennesaw State University,#D84B93
486859,Davines Professional Academy of Beauty and Business,#D84B92
486868,All Beauty College,#D84B92
486877,Eastern Suffolk BOCES,#D84B92
486886,Eastern Suffolk BOCES,#D84B92
486901,Milligan University,#D84B92
486938,Chamberlain University-Nevada,#D84B92
486947,Chamberlain University-Michigan,#D84B92
486956,Chamberlain University-New Jersey,#D84B92
486965,Hussian College-Los Angeles,#D84B91
486983,Paul Mitchell the School-Madison,#D84B91
487010,The University of Tennessee Health Science Center,#D84B91
487047,Unitech Training Academy-New Orleans,#D84B91
487065,Wade Gordon Hairdressing Academy-Lubbock,#D84B91
487083,Protege Academy,#D84B91
487092,Emory University-Oxford College,#D84B91
487153,The Chicago School of Professional Psychology at Xavier University of Louisiana,#D84B90
487162,Southern Regional Technical College,#D84B90
487232,Texas College of Cosmetology-Lubbock,#D84B90
487296,University of Arizona-Sierra Vista,#D84B90
487302,Fortis College-Cuyahoga Falls,#D84B90
487311,Jones Technical Institute,#D84B90
487320,Texas State Technical College,#D84B90
487348,Aveda Institute Portland-Vancouver Campus,#D84B90
487375,Arizona College of Nursing-Las Vegas,#D84B8F
487384,Florida Career College-Pembroke Pines,#D84B8F
487393,Florida Career College-West Palm Beach,#D84B8F
487409,Florida Career College-Hialeah,#D84B8F
487418,Florida Career College-Lauderdale Lakes,#D84B8F
487427,Florida Career College-Tampa,#D84B8F
487436,Florida Career College-Jacksonville,#D84B8F
487445,Florida Career College-Boynton Beach,#D84B8E
487454,Florida Career College-Margate,#D84B8E
487472,Florida Career College-Orlando,#D84B8E
487481,United Education Institute - UEI College - Phoenix,#D84B8E
487490,Florida Career College-Houston,#D84B8E
487506,Aveda Institute-Madison,#D84B8E
487524,Husson University,#D84B8E
487533,Tricoci University of Beauty Culture-Elgin,#D84B8D
487588,Concorde Career College-Southaven,#D84B8D
487597,Universal Technical Institute-Southern California,#D84B8D
487603,Northwest University-Center for Online and Extended Education,#D84B8D
487621,Celebrity Barber School,#D84B8D
487649,California Institute of Advanced Management,#D84B8D
487658,Academy of Interactive Entertainment,#D84B8D
487676,The Temple Annapolis-A Paul Mitchell Partner School,#D84B8D
487746,Yeshiva Zichron Aryeh,#D84B8C
487773,Butte County Regional Occupational Program,#D84B8C
487791,Arclabs,#D84B8C
487807,Top of the Line Barber College,#D84B8C
487816,Midfield Institute of Cosmetology,#D84B8C
487852,American Institute of Alternative Medicine,#D84B8C
487861,Felbry College School of Nursing,#D84B8C
487889,Regional Center for Border Health,#D84B8B
487898,B-Unique Beauty and Barber Academy,#D84B8B
487904,Kentucky Horseshoeing School,#D84B8B
487913,Tri-State Barber College,#D84B8B
487922,Image Maker Beauty Institute,#D84B8B
487959,Dalton Institute of Esthetics and Cosmetology,#D84B8B
487968,CAAN Academy of Nursing,#D84B8B
487977,Martinsburg College,#D84B8B
487995,Alhambra Medical University,#D84B8A
488004,Central Yeshiva Beth Joseph,#D84B8A
488013,Garden State Science and Technology Institute,#D84B8A
488022,Barber Tech Academy,#D84B8A
488031,Abraham Lincoln University,#D84B8A
488040,Construction Training Center,#D84B8A
488059,Med Academy,#D84B8A
488068,Huntington University of Health Sciences,#D84B89
488077,Sonoran Desert Institute,#D84B89
488101,Yeshivas Maharit D'Satmar,#D84B89
488110,Natural Images Beauty College,#D84B89
488129,Textures Institute of Cosmetology,#D84B89
488138,Learning Bridge Career Institute,#D84B89
488147,PiBerry Institute,#D84B89
488174,Ea La Mar's Cosmetology & Barber College,#D84B89
488183,Regina Webb Academy,#D84B88
488192,DeHart Technical School,#D84B88
488217,Medical Career & Technical College,#D84B88
488226,Center for Neurosomatic Studies,#D84B88
488235,Lebanon College of Cosmetology,#D84B88
488253,Focus Personal Training Institute,#D84B88
488262,Hair Academy School of Barbering & Beauty,#D84B88
488271,Fosbre Academy of Hair Design,#D84B87
488280,National Personal Training Institute,#D84B87
488299,Mission Beauty Institute,#D84B87
488305,Elim Bible Institute and College,#D84B87
488314,Beth Medrash of Asbury Park,#D84B87
488332,Hope College of Arts and Sciences,#D84B87
488350,Yeshiva Gedolah Shaarei Shmuel,#D84B87
488369,Premier Barber Institute,#D84B87
488378,International Beauty Education Center,#D84B86
488387,Claremont Lincoln University,#D84B86
488396,Phipps Academy of Barbering,#D84B86
488411,Hoss Lee Academy,#D84B86
488420,Indiana Wellness College,#D84B86
488439,Kenny's Academy of Barbering,#D84B86
488448,Seattle Film Institute,#D84B86
488527,Arkansas Colleges of Health Education,#D84B85
488554,Burrell College of Osteopathic Medicine,#D84B85
488563,California College of Music,#D84B85
488572,California Health Sciences University,#D84B85
488590,Christian Culinary Academy,#D84B85
488651,Glitz School of Cosmetology,#D84B85
488679,Indiana Wesleyan University-National & Global,#D84B85
488730,Northeast Lakeview College,#D84B84
488749,Paul Mitchell the School-Jessup,#D84B84
488776,John Patrick University of Health and Applied Sciences,#D84B84
488785,University of Saint Katherine,#D84B84
488800,Teachers College of San Joaquin,#D84B84
488828,Totally Cosmo School of Modern Cosmetology,#D84B84
488837,U.S. Truck Driver Training School,#D84B84
488846,University of the People,#D84B84
488891,South Dade Technical College-South Dade Skills Center Campus,#D84B83
488907,Wongu University of Oriental Medicine,#D84B83
488916,Alabama School of Nail Technology & Cosmetology,#D84B83
488925,International Diving Institute,#D84B83
488934,Tulsa Technology Center,#D84B83
488952,Ross Medical Education Center-Elyria,#D84B83
488961,Ross Medical Education Center-Lafayette,#D84B83
488970,Ross Medical Education Center-Midland,#D84B82
488989,Paul Mitchell the School-Clear Lake,#D84B82
488998,Paul Mitchell the School-Nampa,#D84B82
489122,Academy of Beauty Professionals,#D84B82
489131,Academy of Beauty Professionals,#D84B82
489140,Academy of Beauty Professionals,#D84B82
489159,Kenneth Shuler School of Cosmetology-Goose Creek,#D84B82
489201,Clovis Community College,#D84B82
489238,Boca Beauty Academy-Parkland,#D84B81
489247,American Beauty Academy-West Valley Campus,#D84B81
489256,Caribbean Aviation Training Institute Inc,#D84B81
489283,The College of Health Care Professions-McAllen Campus,#D84B81
489335,Institute of Buddhist Studies,#D84B81
489344,Chamberlain University-North Carolina,#D84B81
489353,Chamberlain University-California,#D84B81
489371,Spartan College of Aeronautics and Technology,#D84B80
489760,Milan Institute-Bakersfield West,#D84B80
489779,Purdue University Global,#D84B80
489812,Pima Medical Institute-Dillon,#D84B80
489830,Arthur's Beauty College,#D84B80
489858,West Coast University-Center for Graduate Studies,#D84B80
489937,Carolina University,#D84B80
490018,National Personal Training Institute-Tampa,#D84B80
490045,Presbyterian Theological Seminary in America,#D84B7F
490054,HCI College,#D84B7F
490063,Southern States University,#D84B7F
490081,America Evangelical University,#D84B7F
490090,Gadsden Technical Institute,#D84B7F
490106,Virginia University of Integrative Medicine,#D84B7F
490115,Nashville Film Institute,#D84B7F
490124,Los Angeles Academy of Figurative Art,#D84B7E
490133,Westcliff University,#D84B7E
490142,World Class Academy of Beauty Careers,#D84B7E
490151,Allied Health Careers Institute,#D84B7E
490160,Sacramento Ultrasound Institute,#D84B7E
490197,Regan Career Institute,#D84B7E
490203,Bolivar Technical College,#D84B7E
490212,Baldy View Regional Occupational Program,#D84B7D
490221,MAK Beauty Institute,#D84B7D
490230,Reformed University,#D84B7D
490249,Mobile Technical Training,#D84B7D
490258,American Barber and Beauty Academy,#D84B7D
490267,Master's Barber & Styling College,#D84B7D
490276,Yeshiva Shaar Ephraim,#D84B7D
490285,California Institute of Arts & Technology,#D84B7D
490294,"Elite Cosmetology, Barber & Spa Academy",#D84B7C
490300,Cutting Edge Academy,#D84B7C
490319,Yeshiva Bais Aharon,#D84B7C
490328,Mechon L'hoyroa,#D84B7C
490337,My Beauty & Barber College,#D84B7C
490346,Elyon College,#D84B7C
490373,Western Michigan University Homer Stryker M.D. School of Medicine,#D84B7C
490382,Harmony Health Care Institute,#D84B7B
490391,American Beauty Schools,#D84B7B
490407,Hogan Institute of Cosmetology and Esthetics,#D84B7B
490416,J's Barber College,#D84B7B
490425,Ann Webb Skin Institute,#D84B7B
490434,Apex Academy Hair Skin Nails School of Cosmetology,#D84B7B
490443,The Esthetic Institute,#D84B7B
490452,Kor Beauty Academy,#D84B7B
490461,EduMed Partners,#D84B7A
490470,Massage Institute of Memphis,#D84B7A
490489,Metro Detroit Barber College,#D84B7A
490498,Digital Media Institute at InterTech,#D84B7A
490504,Yeshiva Ohr Naftoli,#D84B7A
490513,Bais Medrash Mayan Hatorah,#D84B7A
490522,Allgood Beauty Institute,#D84B7A
490531,Ray J's College of Hair,#D84B79
490540,Delta Designs Cosmetology School,#D84B79
490559,Gwinnett Institute,#D84B79
490568,Career Quest Learning Center-Mt. Pleasant,#D84B79
490601,Kansas City University,#D84B79
490674,Manuel and Theresa's School of Hair Design,#D84B79
490692,Cincinnati School of Barbering & Hair Design,#D84B79
490717,L Makeup Institute,#D84B79
490735,Peloton College,#D84B78
490744,Northern Technical College,#D84B78
490753,Maine Media College,#D84B78
490805,Purdue University Northwest,#D84B78
490814,Ross Medical Education Center - Kalamazoo,#D84B78
490832,Ross College-Canton,#D84B78
490841,Ross College-Grand Rapids North,#D84B78
490869,American Institute-Somerset,#D84B77
490878,Platt College-Anaheim,#D84B77
490896,Advantage Career Institute,#D84B77
490948,Bull City Durham Beauty and Barber College,#D84B77
490975,Fortis College-Cutler Bay,#D84B77
491057,Yeshiva Kollel Tifereth Elizer,#D84B77
491066,Strand Institute of Beauty & Esthetics,#D84B77
491075,Arkansas Welding Academy,#D84B77
491084,Unitech Training Academy-Baton Rouge,#D84B76
491136,Empire Beauty School-Tampa,#D84B76
491145,Empire Beauty School-Lakeland,#D84B76
491181,Galen College of Nursing-ARH,#D84B76
491190,The Chicago School of Professional Psychology at San Diego,#D84B76
491215,Commercial Divers International,#D84B76
491224,Tricoci University of Beauty Culture-Janesville,#D84B76
491233,Unlimited Cosmetology School,#D84B75
491242,Johnny Matthew's Hairdressing Training School,#D84B75
491251,The Culinary School of Fort Worth,#D84B75
491260,Centralia Beauty College,#D84B75
491288,University of Wisconsin-Milwaukee Flex,#D84B75
491297,University of Wisconsin-Parkside Flex,#D84B75
491394,Miller-Motte College-Edge Tech Academy,#D84B75
491446,Bnos Zion Of Bobov Seminary,#D84B74
491464,ABC Adult School,#D84B74
491473,Polytech Adult Education,#D84B74
491482,Blush School of Makeup,#D84B74
491507,California Institute of Medical Science,#D84B74
491525,Union Bible College,#D84B74
491534,Pets Playground Grooming School,#D84B74
491543,San Bernardino Beauty College,#D84B74
491552,Christina and Company Education Center,#D84B73
491570,Institute of Medical Ultrasound,#D84B73
491589,Mystros Barber Academy,#D84B73
491598,European Medical School of Massage,#D84B73
491613,Yeshiva Gedolah Tiferes Boruch,#D84B73
491622,Yeshiva Chemdas Hatorah,#D84B73
491631,Women's Institute of Torah Seminary and College,#D84B73
491640,Yeshiva Gedolah Keren Hatorah,#D84B72
491659,ICOHS College,#D84B72
491668,Neo-Esthetique European Institute,#D84B72
491677,Lehigh Valley Barber School,#D84B72
491686,International Barber College,#D84B72
491695,Brown Beauty Barber School,#D84B72
491701,Rexburg College of Massage Therapy,#D84B72
491710,Yeshiva Gedolah of Cliffwood,#D84B72
491729,Goshen School of Cosmetology,#D84B71
491738,IBS School of Cosmetology and Massage,#D84B71
491747,UR Beauty & Barber Academy,#D84B71
491756,Urban Barber College,#D84B71
491765,Yeshivas Emek Hatorah,#D84B71
491774,Transitions Career Institute School of Nursing,#D84B71
491783,Suncoast Technical Education Center,#D84B71
491792,Stacey James Institute,#D84B70
491808,Meridian University,#D84B70
491817,Seminary Bnos Chaim,#D84B70
491826,"Avenue Academy, A Cosmetology Institute",#D84B70
491835,Salon Professional Academy of San Antonio,#D84B70
491844,Red Lake Nation College,#D84B70
491853,Princess Institute of Beauty,#D84B70
491871,Vogue International Academy,#D84B70
491880,Independent Training & Apprenticeship Program,#D84B6F
491899,Victory Career College,#D84B6F
491905,Winonah's International School of Cosmetology,#D84B6F
491914,Yeshiva Gedola Tiferes Yerachmiel,#D84B6F
491923,Southeastern Esthetics Institute,#D84B6F
491932,Installer Institute,#D84B6F
491941,Caris College,#D84B6F
491950,Contra Costa Medical Career College,#D84B6E
491969,Anousheh School of Hair,#D84B6E
491978,Another Level Barbering and Cosmetology School,#D84B6E
491996,The Salon Professional Academy-Georgetown,#D84B6E
492005,Elite Academy of Hair Design,#D84B6E
492032,Amslee Institute,#D84B6E
492069,Champion Christian College,#D84B6E
492078,Chicago Professional Center,#D84B6E
492087,The Continents States University,#D84B6D
492096,D&S School of Cosmetology,#D84B6D
492139,DSDT,#D84B6D
492157,Houston School of Carpentry,#D84B6D
492209,Reiss-Davis Graduate School,#D84B6D
492263,The University of Tennessee System Office,#D84B6D
492281,GoodFellas Barber College,#D84B6D
492306,Escondido Adult School,#D84B6C
492315,Poway Adult School,#D84B6C
492324,Vista Adult School,#D84B6C
492360,The Salon Professional Academy-Delray Beach,#D84B6C
492379,Lynnes Welding Training-Bismarck,#D84B6C
492397,Toni & Guy Hairdressing Academy-Idaho,#D84B6C
492421,No Grease Barber School,#D84B6C
492449,Pima Medical Institute-San Marcos,#D84B6B
492476,EDP University of Puerto Rico-Villalba,#D84B6B
492591,Wade Gordon Hairdressing Academy,#D84B6B
492607,Chicago School of Professional Psychology at Dallas,#D84B6B
492643,American Massage & Bodywork Institute,#D84B6B
492652,KCK Beauty & Barber Academy,#D84B6B
492661,California College of Barbering and Cosmetology,#D84B6B
492689,Texas Tech University Health Sciences Center-El Paso,#D84B6B
492704,Ponce Health Sciences University-Centro Universitario de San Juan,#D84B6A
492722,The College of Health Care Professions-South San Antonio,#D84B6A
492731,Innovate Salon Academy,#D84B6A
492759,Chamberlain University-Louisiana,#D84B6A
492801,Drury University-College of Continuing Professional Studies,#D84B6A
492935,Global Medical & Technical Training Institute,#D84B6A
492953,Salon Success Academy-West Covina,#D84B6A
492962,Indiana Institute of Technology-College of Professional Studies,#D84B69
493071,Advantage Technical College,#D84B69
493080,Institute of Culinary Education,#D84B69
493132,Universal Technical Institute-Bloomfield,#D84B69
493150,Gould's Academy,#D84B69
493363,Institute of Lutheran Theology,#D84B69
493372,Toni & Guy Hairdressing Academy-Rio Rancho,#D84B69
493451,WellSpring School of Allied Health-Springfield,#D84B69
493479,Medical Career College of Northern California,#D84B68
493488,Premiere International College,#D84B68
493497,Kenny's Beauty Academy,#D84B68
493503,American Fitness and Nutrition Academy,#D84B68
493512,San Diego Global Knowledge University,#D84B68
493521,Global Tech College,#D84B68
493530,Crown Cutz Academy Bristol,#D84B68
493549,MCI,#D84B67
493558,Central Pennsylvania Diesel Institute,#D84B67
493567,Bellasa Professional Institute,#D84B67
493576,PMCA Pittsburgh Multicultural Cosmetology Academy,#D84B67
493585,Health and Technology Training Institute,#D84B67
493594,Yeshiva of Ocean,#D84B67
493600,Congregation Talmidei Mesivta Tiferes Shmiel Aleksander,#D84B67
493619,Young Americans College of the Performing Arts,#D84B67
493628,Pro Beauty Academy,#D84B66
493637,South Eastern Beauty Academy,#D84B66
493646,Ohel Margulia Seminary,#D84B66
493655,Montana Barber Institute,#D84B66
493664,Yeshivat Hechal Shemuel,#D84B66
493673,Puerto Rico School of Nurse Anesthetists,#D84B66
493682,American Institute of Healthcare & Technology,#D84B66
493691,Premier Academy of Cosmetology,#D84B65
493707,Yeshiva Gedolah of Woodlake Village,#D84B65
493716,Yeshiva Gedola Tiferes Yaakov Yitzchok,#D84B65
493725,University of Arkansas System eVersity,#D84B65
493734,Careers Institute of America,#D84B65
493743,Houston Barber School,#D84B65
493752,Health-Tech Institute of Memphis,#D84B65
493761,MIXED Institute of Cosmetology & Barber,#D84B64
493770,Vski Cosmetology School,#D84B64
493789,Shear Perfection Academy of Cosmetology,#D84B64
493798,New York Seminary,#D84B64
493804,Deluxe Barber College,#D84B64
493813,Falcon Institute of Health and Science,#D84B64
493822,College Unbound,#D84B64
493831,Midwest Barber College,#D84B64
493868,A Better U Beauty Barber Academy,#D84B63
493895,SANS Technology Institute,#D84B63
493910,Tuana European Beauty Academy,#D84B63
493947,Idaho College of Osteopathic Medicine,#D84B63
493992,Southern Careers Institute-Waco,#D84B63
494001,Elevate Salon Institute,#D84B63
494010,Ponce Health Sciences University-St Louis,#D84B63
494029,Lil Lou's Beauty and Barber College-Hammond,#D84B62
494162,Arizona College of Nursing-Dallas,#D84B62
494171,Arizona College of Nursing-Tempe,#D84B62
494232,The Salon Professional Academy-Washington DC,#D84B62
494250,Valley College-Cleveland,#D84B62
494269,National American University-Kings Bay,#D84B62
494278,EDP University of Puerto Rico-Humacao,#D84B62
494287,EDP University of Puerto Rico-Manati,#D84B62
494357,UEI College-Sacramento,#D84B61
494436,Fortis Institute-Cookeville,#D84B61
494454,Paul Mitchell the School-San Jose,#D84B61
494463,Derech Hachaim Seminary,#D84B61
494472,Evvaylois Academy School of Beauty,#D84B61
494524,Avenue Five Institute-South Austin Campus,#D84B61
494551,Glasgow Caledonian New York College,#D84B61
494588,Pima Medical Institute-San Antonio,#D84B60
494597,Faith Theological Seminary and Christian College,#D84B60
494603,Southwestern Baptist Theological Seminary,#D84B60
494621,Lotus Professional College,#D84B60
494630,Christ Mission College,#D84B60
494649,Esteem Academy of Beauty,#D84B60
494658,KC Beauty Academy,#D84B60
494685,Urshan College,#D84B60
494694,Texas Healthtech Institute,#D84B5F
494700,Xtylo Beauty College,#D84B5F
494719,Tonsorial Arts Barber College,#D84B5F
494728,Michael's Barber & Hair Stylist Academy,#D84B5F
494737,Yeshiva Yesoda Hatorah Vetz Chaim,#D84B5F
494746,North-West College-San Diego,#D84B5F
494755,West Virginia Junior College-United Career Institute,#D84B5F
494764,Aviation Institute of Maintenance-Charlotte,#D84B5E
494807,Ponce Health Sciences University-East,#D84B5E
494834,Educational Technical College,#D84B5E
494843,Fortis College-Landover,#D84B5E
494852,Stautzenberger College-Rockford Career College,#D84B5E
494898,WellSpring School of Allied Health-Wichita,#D84B5E
494904,Access Careers-Islandia,#D84B5E
494940,California Arts University,#D84B5E
494959,Northern Pennsylvania Regional College,#D84B5D
494977,American Medical Institute Inc.,#D84B5D
494986,Apex College of Veterinary Technology,#D84B5D
494995,Meryma'at Barber College,#D84B5D
495013,Western Maricopa Education Center,#D84B5D
495031,Bais Medrash of Dexter Park,#D84B5D
495040,Makana Esthetics Wellness Academy,#D84B5D
495059,Oak Valley College,#D84B5C
495077,Paul Mitchell the School-San Jose,#D84B5C
495101,Zion Massage College,#D84B5C
495110,Great Lakes Boat Building School,#D84B5C
495129,Austin Career Institute,#D84B5C
495138,Professional Culinary Academy,#D84B5C
495147,Gather 4 Him Christian College,#D84B5C
495156,Altura College,#D84B5B
495165,Royal Learning Institute,#D84B5B
495174,Hollywood Cultural College,#D84B5B
495183,Mariano Moreno Culinary Institute,#D84B5B
495192,Alder Graduate School of Education,#D84B5B
495208,Webb's Barber School of Arts,#D84B5B
495217,Adrian H. Wallace Barber Academy,#D84B5B
495226,St. Louis Med Tech,#D84B5B
495235,Total Beauty Institute,#D84B5A
495244,Pearlands Innovative School of Beauty,#D84B5A
495253,Durant Institute of Hair Design,#D84B5A
495262,Premiere Aesthetics Institute,#D84B5A
495271,California Indian Nations College,#D84B5A
495280,Indian Bible College,#D84B5A
495299,Florida Professional Institute,#D84B5A
495305,The Professional Cosmetology Academy,#D84B59
495314,Hackensack Meridian School of Medicine,#D84B59
495341,Taylor Andrews Academy of Hair Design-Hair Lab Detroit Barber School,#D84B59
495350,Paul Mitchell the School-Reno-North Tahoe,#D84B59
495369,Paul Mitchell the School-Fort Lauderdale,#D84B59
495378,PCI Academy-Iowa City,#D84B59
495387,Larry's Barber College,#D84B59
495396,Royal Learning Institute,#D84B59
495411,Paul Mitchell the School-Richland-Provo,#D84B58
495420,Arizona College of Nursing-Tampa,#D84B58
495439,Arizona College of Nursing-Fort Lauderdale,#D84B58
495448,Arizona College of Nursing-Tucson,#D84B58
495457,Arizona College of Nursing-Phoenix,#D84B58
495518,Empire Beauty School-Newport News,#D84B58
495730,Tricoci University of Beauty Culture-Normal,#D84B58
495767,The Pennsylvania State University,#D84B57
495776,Elite Welding Academy,#D84B57
495794,Paul Mitchell the School-Murfreesboro-Nashville,#D84B57
495837,Dorsey College-Woodhaven,#D84B57
495916,Pathways College,#D84B57
495925,San Joaquin Valley College-Madera,#D84B57
495934,San Joaquin Valley College-Delano,#D84B57
495943,San Joaquin Valley College-Atascadero,#D84B57
495952,San Joaquin Valley College-Rancho Mirage,#D84B56
495961,San Joaquin Valley College-Santa Maria,#D84B56
495970,Advantage Technical College-Aguadilla,#D84B56
495998,San Joaquin Valley College-Porterville,#D84B56
496043,California University of Science and Medicine,#D84B56
496052,Ruben's Five Star Academy,#D84B56
496061,Mason Anthony School of Cosmetology Arts & Sciences,#D84B56
496070,Cyrus the Great International Online University,#D84B55
496186,California Institute of Arts & Technology-National City,#D84B55
496265,Triangle Tech-Chambersburg,#D84B55
496283,Provo College-Idaho Falls Campus,#D84B55
496292,Miller-Motte College-Chattanooga 2,#D84B55
496326,Eagle Gate College-Boise Campus,#D84B55
496371,Elite Welding Academy South Point,#D84B55
496399,Agape College of Business and Science,#D84B55
496423,Zorganics Institute Beauty and Wellness,#D84B54
496469,Daybreak University,#D84B54
496478,Motion Picture Institute,#D84B54
496487,Animal Behavior College,#D84B54
496511,United College of Health and Beauty,#D84B54
496520,Zen Shiatsu Chicago,#D84B54
496539,The  Salon Professional Academy of Holland,#D84B54
496593,Turing School of Software & Design,#D84B53
496609,ALP International Corporation,#D84B53
496618,National Institute for Medical Assistant Advancement (NIMAA),#D84B53
496627,California Northstate University,#D84B53
496636,Antigua College International,#D84B53
496645,Burlington County Institute of Technology-Adult Education,#D84B53
496654,Sri Sai Krish Institute,#D84B53
496663,Riggins Urban Barber College,#D84B52
496672,Hair Arts Institute,#D84B52
496681,Florida Academy of Nursing,#D84B52
496690,Body Wisdom Massage Therapy School,#D84B52
496706,Lakewood University,#D84B52
496715,CTK Healthcare & Career Institute,#D84B52
496724,Aesthetics Institute,#D84B52
496733,Sierra Academy of Style,#D84B52
496742,Jolie Hair Academy,#D84B51
496751,Institute of Allied Healthcare,#D84B51
496760,Shelton Professional Phlebotomy Services,#D84B51
496803,NewU University,#D84B51
496821,Jersey College - Port Charlotte,#D84B51
496849,Virginia University of Integrative Medicine - New Jersey,#D84B51
496858,UPMC Jameson School of Nursing - UPMC Hamot,#D84B51
496867,Relay Graduate School of Education - Connecticut,#D84B50
496876,Fayette County Career & Technical Institute -,#D84B50
496894,Branford Academy of Hair & Cosmetology-Bridgeport,#D84B50
496919,UEI College-United Education Institute-Las Vegas,#D84B50
496955,United Education Institute-UEI College-Mesa,#D84B50
496964,Larry's Barber College-Joliet,#D84B50
496973,Herzing University-Tampa,#D84B50
496982,Valley College - Fairlawn - School of Nursing,#D84B50
496991,Galen Health Institutes-Miami Campus,#D84B4F
497000,Remington College-Knoxville,#D84B4F
497019,NUC University - Florida Technical College - Tampa,#D84B4F
497037,Abilene Christian University-Undergraduate Online,#D84B4F
497046,Madera Community College,#D84B4F
497055,Washington State University - North Puget Sound Everett Campus,#D84B4F
497064,Moody Bible Institute -,#D84B4F
497073,Ogle School Hair Skin Nails-Willowbrook,#D84B4E
497091,Bell-Brown Medical Institute,#D84B4E
497116,Galen Health Institutes-Austin Campus,#D84B4E
497125,Galen Health Institutes-Nashville Campus,#D84B4E
497134,Rasmussen University - Orlando,#D84B4E
497161,Ohio Business College-Dayton-Driving Academy,#D84B4E
497170,Jersey College - Fort Wayne,#D84B4E
497189,The Rapha School,#D84B4E
497198,Academy of Allied Health Careers,#D84B4D
497204,Mei Barber School,#D84B4D
497213,Great Northern University,#D84B4D
497222,Salon Professional Academy-Elevate Salon Institute,#D84B4D
497231,Burlington County Institute of Technology - Adult Education -,#D84B4D
497240,"Shoreline Community College - CNC Machinists Program , Georgetown SSC",#D84B4D
497259,Shoreline Community College - Dental Hygiene,#D84B4D
497268,Arizona College of Nursing-Salt Lake City,#D84B4C
497277,Arizona College-Glendale,#D84B4C
497286,Universal Technical Institute-West Texas,#D84B4C
497301,Avalon Institute-Las Vegas,#D84B4C
497310,Medspa Academies-National Institute of Modern Aesthetics,#D84B4C
497329,American Institute-Cherry Hill,#D84B4C
497338,Glendale Career College-North-West College-Bakersfield,#D84B4C
497347,University of Maine - Machias,#D84B4B
